[2026-05-23 18:10:29.545] [debug] [MAIN] Debug logging enabled
[2026-05-23 18:10:29.545] [info] ==========================================
[2026-05-23 18:10:29.545] [info] PTPN - Priority Timed Petri Net Analyzer
[2026-05-23 18:10:29.545] [info] ==========================================
[2026-05-23 18:10:29.545] [info] [JSON] Starting JSON parsing: /Users/kevin/local-repos/PTPN/priority/experiment/point-interval/rt-system/priority/input.json
[2026-05-23 18:10:29.545] [info] [JSON] Starting JSON parsing: /Users/kevin/local-repos/PTPN/priority/experiment/point-interval/rt-system/priority/input.json
[2026-05-23 18:10:29.545] [info] [JSON] Parsing JSON content (1216 characters)
[2026-05-23 18:10:29.545] [debug] [JSON] JSON parsed successfully
[2026-05-23 18:10:29.545] [info] [JSON] Graph name: CommonGraphPointInterval
[2026-05-23 18:10:29.545] [info] [JSON] Configuration: 2 CPUs, 1 cores per CPU
[2026-05-23 18:10:29.545] [info] [JSON] Parsed 6 nodes, 5 edges
[2026-05-23 18:10:29.545] [info] [JSON] JSON parsing completed successfully
[2026-05-23 18:10:29.545] [info] [TDG] Configuration: 2 CPUs, 1 cores per CPU
[2026-05-23 18:10:29.545] [info] [TDG] Starting JSON parsing: /Users/kevin/local-repos/PTPN/priority/experiment/point-interval/rt-system/priority/input.json
[2026-05-23 18:10:29.545] [info] [JSON] Starting JSON parsing: /Users/kevin/local-repos/PTPN/priority/experiment/point-interval/rt-system/priority/input.json
[2026-05-23 18:10:29.545] [info] [JSON] Parsing JSON content (1216 characters)
[2026-05-23 18:10:29.545] [debug] [JSON] JSON parsed successfully
[2026-05-23 18:10:29.545] [info] [JSON] Graph name: CommonGraphPointInterval
[2026-05-23 18:10:29.545] [info] [JSON] Configuration: 2 CPUs, 1 cores per CPU
[2026-05-23 18:10:29.545] [info] [JSON] Parsed 6 nodes, 5 edges
[2026-05-23 18:10:29.545] [info] [JSON] JSON parsing completed successfully
[2026-05-23 18:10:29.545] [info] [TDG] Configuration: 2 CPUs, 1 cores per CPU
[2026-05-23 18:10:29.546] [info] [TDG] Node 'A' -> task (priority=97, core=0)
[2026-05-23 18:10:29.546] [info] [TDG] Node 'B' -> task (priority=98, core=0)
[2026-05-23 18:10:29.546] [info] [TDG] Node 'C' -> task (priority=99, core=1)
[2026-05-23 18:10:29.546] [info] [TDG] Node 'D' -> task (priority=97, core=1)
[2026-05-23 18:10:29.546] [info] [TDG] Node 'E' -> task (priority=98, core=1)
[2026-05-23 18:10:29.546] [info] [TDG] Node 'F' -> task (priority=96, core=0)
[2026-05-23 18:10:29.546] [debug] [TDG] Edge: A -> B (style=)
[2026-05-23 18:10:29.546] [debug] [TDG] Edge: B -> C (style=)
[2026-05-23 18:10:29.546] [debug] [TDG] Edge: D -> E (style=)
[2026-05-23 18:10:29.546] [debug] [TDG] Edge: E -> C (style=)
[2026-05-23 18:10:29.546] [debug] [TDG] Edge: D -> F (style=)
[2026-05-23 18:10:29.546] [info] [TDG] JSON parsing completed: 6 nodes, 5 edges
[2026-05-23 18:10:29.546] [info] [DOT] Exporting to: /Users/kevin/local-repos/PTPN/priority/experiment/point-interval/rt-system/priority/tdg.dot
[2026-05-23 18:10:29.546] [info] [DOT] Exported 6 nodes, 5 edges to /Users/kevin/local-repos/PTPN/priority/experiment/point-interval/rt-system/priority/tdg.dot
[2026-05-23 18:10:29.546] [info] [OUTPUT] TDG DOT exported to: /Users/kevin/local-repos/PTPN/priority/experiment/point-interval/rt-system/priority/tdg.dot
[2026-05-23 18:10:29.546] [info] [OUTPUT] WCET JSON exported to: /Users/kevin/local-repos/PTPN/priority/experiment/point-interval/rt-system/priority/wcet.json
[2026-05-23 18:10:29.546] [info] 
[STATS] TDG Parsing: 0 ms, 0 KB
[2026-05-23 18:10:29.546] [info] 
[PTPN] Converting to PTPN...
[2026-05-23 18:10:29.546] [info] [TDG2PN] [TDG2PN] Starting TDG to PTPN transformation...
[2026-05-23 18:10:29.546] [info] [TDG2PN] [TDG2PN] Transforming vertices...
[2026-05-23 18:10:29.546] [debug] [TDG2PN] Processing vertex: F
[2026-05-23 18:10:29.546] [debug] [TDG2PN] Leaf task will get consume transition later: F
[2026-05-23 18:10:29.546] [debug] [TDG2PN] Processing vertex: E
[2026-05-23 18:10:29.546] [debug] [TDG2PN] Processing vertex: A
[2026-05-23 18:10:29.546] [debug] [TDG2PN] Processing vertex: D
[2026-05-23 18:10:29.546] [debug] [TDG2PN] Processing vertex: C
[2026-05-23 18:10:29.546] [debug] [TDG2PN] Leaf task will get consume transition later: C
[2026-05-23 18:10:29.546] [debug] [TDG2PN] Processing vertex: B
[2026-05-23 18:10:29.546] [info] [TDG2PN] [TDG2PN] Vertex transformation completed
[2026-05-23 18:10:29.546] [info] [TDG2PN] [TDG2PN] Transforming edges...
[2026-05-23 18:10:29.546] [debug] [TDG2PN] source_name: A
[2026-05-23 18:10:29.546] [debug] [TDG2PN] target_name: B
[2026-05-23 18:10:29.546] [debug] [TDG2PN] Added edge: A -> B
[2026-05-23 18:10:29.546] [debug] [TDG2PN] source_name: B
[2026-05-23 18:10:29.546] [debug] [TDG2PN] target_name: C
[2026-05-23 18:10:29.546] [debug] [TDG2PN] Added edge: B -> C
[2026-05-23 18:10:29.546] [debug] [TDG2PN] source_name: D
[2026-05-23 18:10:29.546] [debug] [TDG2PN] target_name: E
[2026-05-23 18:10:29.546] [debug] [TDG2PN] Added edge: D -> E
[2026-05-23 18:10:29.546] [debug] [TDG2PN] source_name: E
[2026-05-23 18:10:29.546] [debug] [TDG2PN] target_name: C
[2026-05-23 18:10:29.546] [debug] [TDG2PN] Added edge: E -> C
[2026-05-23 18:10:29.546] [debug] [TDG2PN] source_name: D
[2026-05-23 18:10:29.546] [debug] [TDG2PN] target_name: F
[2026-05-23 18:10:29.546] [debug] [TDG2PN] Added edge: D -> F
[2026-05-23 18:10:29.546] [info] [TDG2PN] [TDG2PN] Creating fixed-priority resume preemption relations...
[2026-05-23 18:10:29.546] [info] [TDG2PN] Core 1 priority order: C(99) > E(98) > D(97)
[2026-05-23 18:10:29.546] [info] [TDG2PN] Core 0 priority order: B(98) > A(97) > F(96)
[2026-05-23 18:10:29.546] [info] [TDG2PN] [TDG2PN] Starting fixed-priority resume preemption addition...
[2026-05-23 18:10:29.546] [debug] [TDG2PN] Processing resume preemption for core 1
[2026-05-23 18:10:29.546] [debug] [TDG2PN] Processing resume preemption for core 0
[2026-05-23 18:10:29.547] [info] [TDG2PN] [TDG2PN] Fixed-priority resume preemption tasks added
[2026-05-23 18:10:29.547] [info] [TDG2PN] [TDG2PN] Adding resources and bindings...
[2026-05-23 18:10:29.547] [info] [TDG2PN] [TDG2PN] Created core resources!
[2026-05-23 18:10:29.547] [info] [TDG2PN] [TDG2PN] TDG without locks!
[2026-05-23 18:10:29.547] [info] [TDG2PN] [TDG2PN] No task locks to bind
[2026-05-23 18:10:29.547] [info] [TDG2PN] TDG transformation completed: 28 places, 33 transitions
[2026-05-23 18:10:29.547] [info] [PETRI] Structure verification passed
[2026-05-23 18:10:29.547] [info] [PTPN] PTPN conversion completed
[2026-05-23 18:10:29.547] [info]   Places: 28
[2026-05-23 18:10:29.547] [info]   Transitions: 33
=== PTPN ===
Places (28):
  P0: Fentry [capacity=1, tokens=0]
  P1: Fready [capacity=1, tokens=0]
  P2: Fexit [capacity=1, tokens=0]
  P3: Eentry [capacity=1, tokens=0]
  P4: Eready [capacity=1, tokens=0]
  P5: Eexit [capacity=1, tokens=0]
  P6: Aentry [capacity=1, tokens=1]
  P7: Aready [capacity=1, tokens=0]
  P8: Aexit [capacity=1, tokens=0]
  P9: Dentry [capacity=1, tokens=1]
  P10: Dready [capacity=1, tokens=0]
  P11: Dexit [capacity=1, tokens=0]
  P12: Centry [capacity=1, tokens=0]
  P13: Cready [capacity=1, tokens=0]
  P14: Cexit [capacity=1, tokens=0]
  P15: Bentry [capacity=1, tokens=0]
  P16: Bready [capacity=1, tokens=0]
  P17: Bexit [capacity=1, tokens=0]
  P18: A_cfg_random [capacity=1, tokens=1]
  P19: D_cfg_random [capacity=1, tokens=1]
  P20: E_suspended_C_0 [capacity=1, tokens=0]
  P21: D_suspended_C_1 [capacity=1, tokens=0]
  P22: D_suspended_E_2 [capacity=1, tokens=0]
  P23: A_suspended_B_3 [capacity=1, tokens=0]
  P24: F_suspended_B_4 [capacity=1, tokens=0]
  P25: F_suspended_A_5 [capacity=1, tokens=0]
  P26: core0 [capacity=1, tokens=1]
  P27: core1 [capacity=1, tokens=1]

Transitions (33):
  T0: Fget_core [time=[0, 0], priority=96, core=0, suspendable=no]
  T1: Fexec [time=[3, 3], priority=96, core=0, suspendable=yes]
  T2: Eget_core [time=[0, 0], priority=98, core=1, suspendable=no]
  T3: Eexec [time=[18, 18], priority=98, core=1, suspendable=yes]
  T4: Aget_core [time=[0, 0], priority=97, core=0, suspendable=no]
  T5: Aexec [time=[8, 8], priority=97, core=0, suspendable=yes]
  T6: Dget_core [time=[0, 0], priority=97, core=1, suspendable=no]
  T7: Dexec [time=[8, 8], priority=97, core=1, suspendable=yes]
  T8: Cget_core [time=[0, 0], priority=99, core=1, suspendable=no]
  T9: Cexec [time=[10, 10], priority=99, core=1, suspendable=no]
  T10: Bget_core [time=[0, 0], priority=98, core=0, suspendable=no]
  T11: Bexec [time=[5, 5], priority=98, core=0, suspendable=no]
  T12: A_to_B [time=[0, 0], priority=2147483647, core=-1, suspendable=no]
  T13: B_to_C [time=[0, 0], priority=2147483647, core=-1, suspendable=no]
  T14: D_to_E [time=[0, 0], priority=2147483647, core=-1, suspendable=no]
  T15: E_to_C [time=[0, 0], priority=2147483647, core=-1, suspendable=no]
  T16: D_to_F [time=[0, 0], priority=2147483647, core=-1, suspendable=no]
  T17: A_cfg_fire [time=[100, 100], priority=2147483647, core=-1, suspendable=no]
  T18: D_cfg_fire [time=[50, 50], priority=2147483647, core=-1, suspendable=no]
  T19: C_consume [time=[0, 0], priority=2147483647, core=-1, suspendable=no]
  T20: F_consume [time=[0, 0], priority=2147483647, core=-1, suspendable=no]
  T21: C_resume_preempt_E_0 [time=[0, 0], priority=99, core=1, suspendable=no]
  T22: E_resume_C_0 [time=[0, 0], priority=99, core=1, suspendable=no]
  T23: C_resume_preempt_D_1 [time=[0, 0], priority=99, core=1, suspendable=no]
  T24: D_resume_C_1 [time=[0, 0], priority=99, core=1, suspendable=no]
  T25: E_resume_preempt_D_2 [time=[0, 0], priority=98, core=1, suspendable=no]
  T26: D_resume_E_2 [time=[0, 0], priority=98, core=1, suspendable=no]
  T27: B_resume_preempt_A_3 [time=[0, 0], priority=98, core=0, suspendable=no]
  T28: A_resume_B_3 [time=[0, 0], priority=98, core=0, suspendable=no]
  T29: B_resume_preempt_F_4 [time=[0, 0], priority=98, core=0, suspendable=no]
  T30: F_resume_B_4 [time=[0, 0], priority=98, core=0, suspendable=no]
  T31: A_resume_preempt_F_5 [time=[0, 0], priority=97, core=0, suspendable=no]
  T32: F_resume_A_5 [time=[0, 0], priority=97, core=0, suspendable=no]

Pre Matrix (28x33):
  P0: 1 0 0 0 0 0 0 0 0 0 0 0 0 0 0 0 0 0 0 0 0 0 0 0 0 0 0 0 0 0 0 0 0 
  P1: 0 1 0 0 0 0 0 0 0 0 0 0 0 0 0 0 0 0 0 0 0 0 0 0 0 0 0 0 0 1 0 1 0 
  P2: 0 0 0 0 0 0 0 0 0 0 0 0 0 0 0 0 0 0 0 0 1 0 0 0 0 0 0 0 0 0 0 0 0 
  P3: 0 0 1 0 0 0 0 0 0 0 0 0 0 0 0 0 0 0 0 0 0 0 0 0 0 1 0 0 0 0 0 0 0 
  P4: 0 0 0 1 0 0 0 0 0 0 0 0 0 0 0 0 0 0 0 0 0 1 0 0 0 0 0 0 0 0 0 0 0 
  P5: 0 0 0 0 0 0 0 0 0 0 0 0 0 0 0 1 0 0 0 0 0 0 0 0 0 0 1 0 0 0 0 0 0 
  P6: 0 0 0 0 1 0 0 0 0 0 0 0 0 0 0 0 0 0 0 0 0 0 0 0 0 0 0 0 0 0 0 1 0 
  P7: 0 0 0 0 0 1 0 0 0 0 0 0 0 0 0 0 0 0 0 0 0 0 0 0 0 0 0 1 0 0 0 0 0 
  P8: 0 0 0 0 0 0 0 0 0 0 0 0 1 0 0 0 0 0 0 0 0 0 0 0 0 0 0 0 0 0 0 0 1 
  P9: 0 0 0 0 0 0 1 0 0 0 0 0 0 0 0 0 0 0 0 0 0 0 0 0 0 0 0 0 0 0 0 0 0 
  P10: 0 0 0 0 0 0 0 1 0 0 0 0 0 0 0 0 0 0 0 0 0 0 0 1 0 1 0 0 0 0 0 0 0 
  P11: 0 0 0 0 0 0 0 0 0 0 0 0 0 0 1 0 1 0 0 0 0 0 0 0 0 0 0 0 0 0 0 0 0 
  P12: 0 0 0 0 0 0 0 0 1 0 0 0 0 0 0 0 0 0 0 0 0 1 0 1 0 0 0 0 0 0 0 0 0 
  P13: 0 0 0 0 0 0 0 0 0 1 0 0 0 0 0 0 0 0 0 0 0 0 0 0 0 0 0 0 0 0 0 0 0 
  P14: 0 0 0 0 0 0 0 0 0 0 0 0 0 0 0 0 0 0 0 1 0 0 1 0 1 0 0 0 0 0 0 0 0 
  P15: 0 0 0 0 0 0 0 0 0 0 1 0 0 0 0 0 0 0 0 0 0 0 0 0 0 0 0 1 0 1 0 0 0 
  P16: 0 0 0 0 0 0 0 0 0 0 0 1 0 0 0 0 0 0 0 0 0 0 0 0 0 0 0 0 0 0 0 0 0 
  P17: 0 0 0 0 0 0 0 0 0 0 0 0 0 1 0 0 0 0 0 0 0 0 0 0 0 0 0 0 1 0 1 0 0 
  P18: 0 0 0 0 0 0 0 0 0 0 0 0 0 0 0 0 0 1 0 0 0 0 0 0 0 0 0 0 0 0 0 0 0 
  P19: 0 0 0 0 0 0 0 0 0 0 0 0 0 0 0 0 0 0 1 0 0 0 0 0 0 0 0 0 0 0 0 0 0 
  P20: 0 0 0 0 0 0 0 0 0 0 0 0 0 0 0 0 0 0 0 0 0 0 1 0 0 0 0 0 0 0 0 0 0 
  P21: 0 0 0 0 0 0 0 0 0 0 0 0 0 0 0 0 0 0 0 0 0 0 0 0 1 0 0 0 0 0 0 0 0 
  P22: 0 0 0 0 0 0 0 0 0 0 0 0 0 0 0 0 0 0 0 0 0 0 0 0 0 0 1 0 0 0 0 0 0 
  P23: 0 0 0 0 0 0 0 0 0 0 0 0 0 0 0 0 0 0 0 0 0 0 0 0 0 0 0 0 1 0 0 0 0 
  P24: 0 0 0 0 0 0 0 0 0 0 0 0 0 0 0 0 0 0 0 0 0 0 0 0 0 0 0 0 0 0 1 0 0 
  P25: 0 0 0 0 0 0 0 0 0 0 0 0 0 0 0 0 0 0 0 0 0 0 0 0 0 0 0 0 0 0 0 0 1 
  P26: 1 0 0 0 1 0 0 0 0 0 1 0 0 0 0 0 0 0 0 0 0 0 0 0 0 0 0 0 0 0 0 0 0 
  P27: 0 0 1 0 0 0 1 0 1 0 0 0 0 0 0 0 0 0 0 0 0 0 0 0 0 0 0 0 0 0 0 0 0 

Post Matrix (33x28):
  T0: 0 1 0 0 0 0 0 0 0 0 0 0 0 0 0 0 0 0 0 0 0 0 0 0 0 0 0 0 
  T1: 0 0 1 0 0 0 0 0 0 0 0 0 0 0 0 0 0 0 0 0 0 0 0 0 0 0 1 0 
  T2: 0 0 0 0 1 0 0 0 0 0 0 0 0 0 0 0 0 0 0 0 0 0 0 0 0 0 0 0 
  T3: 0 0 0 0 0 1 0 0 0 0 0 0 0 0 0 0 0 0 0 0 0 0 0 0 0 0 0 1 
  T4: 0 0 0 0 0 0 0 1 0 0 0 0 0 0 0 0 0 0 0 0 0 0 0 0 0 0 0 0 
  T5: 0 0 0 0 0 0 0 0 1 0 0 0 0 0 0 0 0 0 0 0 0 0 0 0 0 0 1 0 
  T6: 0 0 0 0 0 0 0 0 0 0 1 0 0 0 0 0 0 0 0 0 0 0 0 0 0 0 0 0 
  T7: 0 0 0 0 0 0 0 0 0 0 0 1 0 0 0 0 0 0 0 0 0 0 0 0 0 0 0 1 
  T8: 0 0 0 0 0 0 0 0 0 0 0 0 0 1 0 0 0 0 0 0 0 0 0 0 0 0 0 0 
  T9: 0 0 0 0 0 0 0 0 0 0 0 0 0 0 1 0 0 0 0 0 0 0 0 0 0 0 0 1 
  T10: 0 0 0 0 0 0 0 0 0 0 0 0 0 0 0 0 1 0 0 0 0 0 0 0 0 0 0 0 
  T11: 0 0 0 0 0 0 0 0 0 0 0 0 0 0 0 0 0 1 0 0 0 0 0 0 0 0 1 0 
  T12: 0 0 0 0 0 0 0 0 0 0 0 0 0 0 0 1 0 0 0 0 0 0 0 0 0 0 0 0 
  T13: 0 0 0 0 0 0 0 0 0 0 0 0 1 0 0 0 0 0 0 0 0 0 0 0 0 0 0 0 
  T14: 0 0 0 1 0 0 0 0 0 0 0 0 0 0 0 0 0 0 0 0 0 0 0 0 0 0 0 0 
  T15: 0 0 0 0 0 0 0 0 0 0 0 0 1 0 0 0 0 0 0 0 0 0 0 0 0 0 0 0 
  T16: 1 0 0 0 0 0 0 0 0 0 0 0 0 0 0 0 0 0 0 0 0 0 0 0 0 0 0 0 
  T17: 0 0 0 0 0 0 1 0 0 0 0 0 0 0 0 0 0 0 1 0 0 0 0 0 0 0 0 0 
  T18: 0 0 0 0 0 0 0 0 0 1 0 0 0 0 0 0 0 0 0 1 0 0 0 0 0 0 0 0 
  T19: 0 0 0 0 0 0 0 0 0 0 0 0 0 0 0 0 0 0 0 0 0 0 0 0 0 0 0 0 
  T20: 0 0 0 0 0 0 0 0 0 0 0 0 0 0 0 0 0 0 0 0 0 0 0 0 0 0 0 0 
  T21: 0 0 0 0 0 0 0 0 0 0 0 0 0 1 0 0 0 0 0 0 1 0 0 0 0 0 0 0 
  T22: 0 0 0 0 1 0 0 0 0 0 0 0 0 0 0 0 0 0 0 0 0 0 0 0 0 0 0 0 
  T23: 0 0 0 0 0 0 0 0 0 0 0 0 0 1 0 0 0 0 0 0 0 1 0 0 0 0 0 0 
  T24: 0 0 0 0 0 0 0 0 0 0 1 0 0 0 0 0 0 0 0 0 0 0 0 0 0 0 0 0 
  T25: 0 0 0 0 1 0 0 0 0 0 0 0 0 0 0 0 0 0 0 0 0 0 1 0 0 0 0 0 
  T26: 0 0 0 0 0 0 0 0 0 0 1 0 0 0 0 0 0 0 0 0 0 0 0 0 0 0 0 0 
  T27: 0 0 0 0 0 0 0 0 0 0 0 0 0 0 0 0 1 0 0 0 0 0 0 1 0 0 0 0 
  T28: 0 0 0 0 0 0 0 1 0 0 0 0 0 0 0 0 0 0 0 0 0 0 0 0 0 0 0 0 
  T29: 0 0 0 0 0 0 0 0 0 0 0 0 0 0 0 0 1 0 0 0 0 0 0 0 1 0 0 0 
  T30: 0 1 0 0 0 0 0 0 0 0 0 0 0 0 0 0 0 0 0 0 0 0 0 0 0 0 0 0 
  T31: 0 0 0 0 0 0 0 1 0 0 0 0 0 0 0 0 0 0 0 0 0 0 0 0 0 1 0 0 
  T32: 0 1 0 0 0 0 0 0 0 0 0 0 0 0 0 0 0 0 0 0 0 0 0 0 0 0 0 0 
[2026-05-23 18:10:29.547] [info] [GRAPH] Converting PTPN to Boost Graph...
[2026-05-23 18:10:29.547] [info] [GRAPH] Conversion complete: 61 vertices, 96 edges
[2026-05-23 18:10:29.547] [info] [GRAPH] DOT file saved to: /Users/kevin/local-repos/PTPN/priority/experiment/point-interval/rt-system/priority/ptpn.dot
[2026-05-23 18:10:29.547] [info] [OUTPUT] PTPN saved to: /Users/kevin/local-repos/PTPN/priority/experiment/point-interval/rt-system/priority/ptpn.dot
[2026-05-23 18:10:29.547] [debug]   Per-core scheduling groups (4 total):
[2026-05-23 18:10:29.547] [debug]     Core 0: 1 transition(s)
[2026-05-23 18:10:29.547] [debug]     Core 1: 1 transition(s)
[2026-05-23 18:10:29.547] [debug]     Core -1 (control): 2 transition(s)
[2026-05-23 18:10:29.547] [debug]   Raw enabled: T4(Aget_core, priority=97, core=0), T6(Dget_core, priority=97, core=1), T17(A_cfg_fire, priority=2147483647, core=-1), T18(D_cfg_fire, priority=2147483647, core=-1)
[2026-05-23 18:10:29.547] [debug]   Effective enabled: T4(Aget_core, priority=97, core=0), T6(Dget_core, priority=97, core=1), T17(A_cfg_fire, priority=2147483647, core=-1), T18(D_cfg_fire, priority=2147483647, core=-1)
[2026-05-23 18:10:29.547] [debug]   Suspended: (none)
[2026-05-23 18:10:29.548] [debug] [Initial] ========== State Class Details: ID=0 ==========
[2026-05-23 18:10:29.548] [debug] [Initial] Places: [P0(Fentry)=0, P1(Fready)=0, P2(Fexit)=0, P3(Eentry)=0, P4(Eready)=0, P5(Eexit)=0, P6(Aentry)=1, P7(Aready)=0, P8(Aexit)=0, P9(Dentry)=1, P10(Dready)=0, P11(Dexit)=0, P12(Centry)=0, P13(Cready)=0, P14(Cexit)=0, P15(Bentry)=0, P16(Bready)=0, P17(Bexit)=0, P18(A_cfg_random)=1, P19(D_cfg_random)=1, P20(E_suspended_C_0)=0, P21(D_suspended_C_1)=0, P22(D_suspended_E_2)=0, P23(A_suspended_B_3)=0, P24(F_suspended_B_4)=0, P25(F_suspended_A_5)=0, P26(core0)=1, P27(core1)=1]
[2026-05-23 18:10:29.548] [debug] [Initial] Enabled: T4(Aget_core, priority=97, core=0), T6(Dget_core, priority=97, core=1), T17(A_cfg_fire, priority=2147483647, core=-1), T18(D_cfg_fire, priority=2147483647, core=-1)
[2026-05-23 18:10:29.548] [debug] [Initial] Cumulative time: 0
[2026-05-23 18:10:29.548] [debug] [Initial] Z1 (non-suspendable):
[2026-05-23 18:10:29.548] [debug] [Initial]   DBM(size=34):
[2026-05-23 18:10:29.548] [debug] [Initial]             x0       x1       x2       x3       x4       x5       x6       x7       x8       x9       x10       x11       x12       x13       x14       x15       x16       x17       x18       x19       x20       x21       x22       x23       x24       x25       x26       x27       x28       x29       x30       x31       x32       x33
[2026-05-23 18:10:29.548] [debug] [Initial]   x0        0       0       0       0       0       0       0       0       0       0       0       0       0       0       0       0       0       0    -100     -50       0       0       0       0       0       0       0       0       0       0       0       0       0       0
[2026-05-23 18:10:29.548] [debug] [Initial]   x1      ∞       0     ∞     ∞     ∞     ∞     ∞     ∞     ∞     ∞     ∞     ∞     ∞     ∞     ∞     ∞     ∞     ∞     ∞     ∞     ∞     ∞     ∞     ∞     ∞     ∞     ∞     ∞     ∞     ∞     ∞     ∞     ∞     ∞
[2026-05-23 18:10:29.548] [debug] [Initial]   x2      ∞     ∞       0     ∞     ∞     ∞     ∞     ∞     ∞     ∞     ∞     ∞     ∞     ∞     ∞     ∞     ∞     ∞     ∞     ∞     ∞     ∞     ∞     ∞     ∞     ∞     ∞     ∞     ∞     ∞     ∞     ∞     ∞     ∞
[2026-05-23 18:10:29.548] [debug] [Initial]   x3      ∞     ∞     ∞       0     ∞     ∞     ∞     ∞     ∞     ∞     ∞     ∞     ∞     ∞     ∞     ∞     ∞     ∞     ∞     ∞     ∞     ∞     ∞     ∞     ∞     ∞     ∞     ∞     ∞     ∞     ∞     ∞     ∞     ∞
[2026-05-23 18:10:29.548] [debug] [Initial]   x4      ∞     ∞     ∞     ∞       0     ∞     ∞     ∞     ∞     ∞     ∞     ∞     ∞     ∞     ∞     ∞     ∞     ∞     ∞     ∞     ∞     ∞     ∞     ∞     ∞     ∞     ∞     ∞     ∞     ∞     ∞     ∞     ∞     ∞
[2026-05-23 18:10:29.548] [debug] [Initial]   x5        0       0       0       0       0       0       0       0       0       0       0       0       0       0       0       0       0       0    -100     -50       0       0       0       0       0       0       0       0       0       0       0       0       0       0
[2026-05-23 18:10:29.548] [debug] [Initial]   x6      ∞     ∞     ∞     ∞     ∞     ∞       0     ∞     ∞     ∞     ∞     ∞     ∞     ∞     ∞     ∞     ∞     ∞     ∞     ∞     ∞     ∞     ∞     ∞     ∞     ∞     ∞     ∞     ∞     ∞     ∞     ∞     ∞     ∞
[2026-05-23 18:10:29.548] [debug] [Initial]   x7        0       0       0       0       0       0       0       0       0       0       0       0       0       0       0       0       0       0    -100     -50       0       0       0       0       0       0       0       0       0       0       0       0       0       0
[2026-05-23 18:10:29.548] [debug] [Initial]   x8      ∞     ∞     ∞     ∞     ∞     ∞     ∞     ∞       0     ∞     ∞     ∞     ∞     ∞     ∞     ∞     ∞     ∞     ∞     ∞     ∞     ∞     ∞     ∞     ∞     ∞     ∞     ∞     ∞     ∞     ∞     ∞     ∞     ∞
[2026-05-23 18:10:29.548] [debug] [Initial]   x9      ∞     ∞     ∞     ∞     ∞     ∞     ∞     ∞     ∞       0     ∞     ∞     ∞     ∞     ∞     ∞     ∞     ∞     ∞     ∞     ∞     ∞     ∞     ∞     ∞     ∞     ∞     ∞     ∞     ∞     ∞     ∞     ∞     ∞
[2026-05-23 18:10:29.548] [debug] [Initial]   x10      ∞     ∞     ∞     ∞     ∞     ∞     ∞     ∞     ∞     ∞       0     ∞     ∞     ∞     ∞     ∞     ∞     ∞     ∞     ∞     ∞     ∞     ∞     ∞     ∞     ∞     ∞     ∞     ∞     ∞     ∞     ∞     ∞     ∞
[2026-05-23 18:10:29.548] [debug] [Initial]   x11      ∞     ∞     ∞     ∞     ∞     ∞     ∞     ∞     ∞     ∞     ∞       0     ∞     ∞     ∞     ∞     ∞     ∞     ∞     ∞     ∞     ∞     ∞     ∞     ∞     ∞     ∞     ∞     ∞     ∞     ∞     ∞     ∞     ∞
[2026-05-23 18:10:29.548] [debug] [Initial]   x12      ∞     ∞     ∞     ∞     ∞     ∞     ∞     ∞     ∞     ∞     ∞     ∞       0     ∞     ∞     ∞     ∞     ∞     ∞     ∞     ∞     ∞     ∞     ∞     ∞     ∞     ∞     ∞     ∞     ∞     ∞     ∞     ∞     ∞
[2026-05-23 18:10:29.548] [debug] [Initial]   x13      ∞     ∞     ∞     ∞     ∞     ∞     ∞     ∞     ∞     ∞     ∞     ∞     ∞       0     ∞     ∞     ∞     ∞     ∞     ∞     ∞     ∞     ∞     ∞     ∞     ∞     ∞     ∞     ∞     ∞     ∞     ∞     ∞     ∞
[2026-05-23 18:10:29.548] [debug] [Initial]   x14      ∞     ∞     ∞     ∞     ∞     ∞     ∞     ∞     ∞     ∞     ∞     ∞     ∞     ∞       0     ∞     ∞     ∞     ∞     ∞     ∞     ∞     ∞     ∞     ∞     ∞     ∞     ∞     ∞     ∞     ∞     ∞     ∞     ∞
[2026-05-23 18:10:29.548] [debug] [Initial]   x15      ∞     ∞     ∞     ∞     ∞     ∞     ∞     ∞     ∞     ∞     ∞     ∞     ∞     ∞     ∞       0     ∞     ∞     ∞     ∞     ∞     ∞     ∞     ∞     ∞     ∞     ∞     ∞     ∞     ∞     ∞     ∞     ∞     ∞
[2026-05-23 18:10:29.548] [debug] [Initial]   x16      ∞     ∞     ∞     ∞     ∞     ∞     ∞     ∞     ∞     ∞     ∞     ∞     ∞     ∞     ∞     ∞       0     ∞     ∞     ∞     ∞     ∞     ∞     ∞     ∞     ∞     ∞     ∞     ∞     ∞     ∞     ∞     ∞     ∞
[2026-05-23 18:10:29.548] [debug] [Initial]   x17      ∞     ∞     ∞     ∞     ∞     ∞     ∞     ∞     ∞     ∞     ∞     ∞     ∞     ∞     ∞     ∞     ∞       0     ∞     ∞     ∞     ∞     ∞     ∞     ∞     ∞     ∞     ∞     ∞     ∞     ∞     ∞     ∞     ∞
[2026-05-23 18:10:29.548] [debug] [Initial]   x18      100     100     100     100     100     100     100     100     100     100     100     100     100     100     100     100     100     100       0      50     100     100     100     100     100     100     100     100     100     100     100     100     100     100
[2026-05-23 18:10:29.548] [debug] [Initial]   x19       50      50      50      50      50      50      50      50      50      50      50      50      50      50      50      50      50      50     -50       0      50      50      50      50      50      50      50      50      50      50      50      50      50      50
[2026-05-23 18:10:29.548] [debug] [Initial]   x20      ∞     ∞     ∞     ∞     ∞     ∞     ∞     ∞     ∞     ∞     ∞     ∞     ∞     ∞     ∞     ∞     ∞     ∞     ∞     ∞       0     ∞     ∞     ∞     ∞     ∞     ∞     ∞     ∞     ∞     ∞     ∞     ∞     ∞
[2026-05-23 18:10:29.548] [debug] [Initial]   x21      ∞     ∞     ∞     ∞     ∞     ∞     ∞     ∞     ∞     ∞     ∞     ∞     ∞     ∞     ∞     ∞     ∞     ∞     ∞     ∞     ∞       0     ∞     ∞     ∞     ∞     ∞     ∞     ∞     ∞     ∞     ∞     ∞     ∞
[2026-05-23 18:10:29.548] [debug] [Initial]   x22      ∞     ∞     ∞     ∞     ∞     ∞     ∞     ∞     ∞     ∞     ∞     ∞     ∞     ∞     ∞     ∞     ∞     ∞     ∞     ∞     ∞     ∞       0     ∞     ∞     ∞     ∞     ∞     ∞     ∞     ∞     ∞     ∞     ∞
[2026-05-23 18:10:29.548] [debug] [Initial]   x23      ∞     ∞     ∞     ∞     ∞     ∞     ∞     ∞     ∞     ∞     ∞     ∞     ∞     ∞     ∞     ∞     ∞     ∞     ∞     ∞     ∞     ∞     ∞       0     ∞     ∞     ∞     ∞     ∞     ∞     ∞     ∞     ∞     ∞
[2026-05-23 18:10:29.548] [debug] [Initial]   x24      ∞     ∞     ∞     ∞     ∞     ∞     ∞     ∞     ∞     ∞     ∞     ∞     ∞     ∞     ∞     ∞     ∞     ∞     ∞     ∞     ∞     ∞     ∞     ∞       0     ∞     ∞     ∞     ∞     ∞     ∞     ∞     ∞     ∞
[2026-05-23 18:10:29.548] [debug] [Initial]   x25      ∞     ∞     ∞     ∞     ∞     ∞     ∞     ∞     ∞     ∞     ∞     ∞     ∞     ∞     ∞     ∞     ∞     ∞     ∞     ∞     ∞     ∞     ∞     ∞     ∞       0     ∞     ∞     ∞     ∞     ∞     ∞     ∞     ∞
[2026-05-23 18:10:29.548] [debug] [Initial]   x26      ∞     ∞     ∞     ∞     ∞     ∞     ∞     ∞     ∞     ∞     ∞     ∞     ∞     ∞     ∞     ∞     ∞     ∞     ∞     ∞     ∞     ∞     ∞     ∞     ∞     ∞       0     ∞     ∞     ∞     ∞     ∞     ∞     ∞
[2026-05-23 18:10:29.548] [debug] [Initial]   x27      ∞     ∞     ∞     ∞     ∞     ∞     ∞     ∞     ∞     ∞     ∞     ∞     ∞     ∞     ∞     ∞     ∞     ∞     ∞     ∞     ∞     ∞     ∞     ∞     ∞     ∞     ∞       0     ∞     ∞     ∞     ∞     ∞     ∞
[2026-05-23 18:10:29.548] [debug] [Initial]   x28      ∞     ∞     ∞     ∞     ∞     ∞     ∞     ∞     ∞     ∞     ∞     ∞     ∞     ∞     ∞     ∞     ∞     ∞     ∞     ∞     ∞     ∞     ∞     ∞     ∞     ∞     ∞     ∞       0     ∞     ∞     ∞     ∞     ∞
[2026-05-23 18:10:29.548] [debug] [Initial]   x29      ∞     ∞     ∞     ∞     ∞     ∞     ∞     ∞     ∞     ∞     ∞     ∞     ∞     ∞     ∞     ∞     ∞     ∞     ∞     ∞     ∞     ∞     ∞     ∞     ∞     ∞     ∞     ∞     ∞       0     ∞     ∞     ∞     ∞
[2026-05-23 18:10:29.548] [debug] [Initial]   x30      ∞     ∞     ∞     ∞     ∞     ∞     ∞     ∞     ∞     ∞     ∞     ∞     ∞     ∞     ∞     ∞     ∞     ∞     ∞     ∞     ∞     ∞     ∞     ∞     ∞     ∞     ∞     ∞     ∞     ∞       0     ∞     ∞     ∞
[2026-05-23 18:10:29.548] [debug] [Initial]   x31      ∞     ∞     ∞     ∞     ∞     ∞     ∞     ∞     ∞     ∞     ∞     ∞     ∞     ∞     ∞     ∞     ∞     ∞     ∞     ∞     ∞     ∞     ∞     ∞     ∞     ∞     ∞     ∞     ∞     ∞     ∞       0     ∞     ∞
[2026-05-23 18:10:29.548] [debug] [Initial]   x32      ∞     ∞     ∞     ∞     ∞     ∞     ∞     ∞     ∞     ∞     ∞     ∞     ∞     ∞     ∞     ∞     ∞     ∞     ∞     ∞     ∞     ∞     ∞     ∞     ∞     ∞     ∞     ∞     ∞     ∞     ∞     ∞       0     ∞
[2026-05-23 18:10:29.548] [debug] [Initial]   x33      ∞     ∞     ∞     ∞     ∞     ∞     ∞     ∞     ∞     ∞     ∞     ∞     ∞     ∞     ∞     ∞     ∞     ∞     ∞     ∞     ∞     ∞     ∞     ∞     ∞     ∞     ∞     ∞     ∞     ∞     ∞     ∞     ∞       0
[2026-05-23 18:10:29.548] [debug] [Initial] Z2 (suspendable):
[2026-05-23 18:10:29.548] [debug] [Initial]   DBM(size=34):
[2026-05-23 18:10:29.548] [debug] [Initial]             x0       x1       x2       x3       x4       x5       x6       x7       x8       x9       x10       x11       x12       x13       x14       x15       x16       x17       x18       x19       x20       x21       x22       x23       x24       x25       x26       x27       x28       x29       x30       x31       x32       x33
[2026-05-23 18:10:29.548] [debug] [Initial]   x0        0       0       0       0       0       0       0       0       0       0       0       0       0       0       0       0       0       0       0       0       0       0       0       0       0       0       0       0       0       0       0       0       0       0
[2026-05-23 18:10:29.548] [debug] [Initial]   x1      ∞       0     ∞     ∞     ∞     ∞     ∞     ∞     ∞     ∞     ∞     ∞     ∞     ∞     ∞     ∞     ∞     ∞     ∞     ∞     ∞     ∞     ∞     ∞     ∞     ∞     ∞     ∞     ∞     ∞     ∞     ∞     ∞     ∞
[2026-05-23 18:10:29.548] [debug] [Initial]   x2      ∞     ∞       0     ∞     ∞     ∞     ∞     ∞     ∞     ∞     ∞     ∞     ∞     ∞     ∞     ∞     ∞     ∞     ∞     ∞     ∞     ∞     ∞     ∞     ∞     ∞     ∞     ∞     ∞     ∞     ∞     ∞     ∞     ∞
[2026-05-23 18:10:29.548] [debug] [Initial]   x3      ∞     ∞     ∞       0     ∞     ∞     ∞     ∞     ∞     ∞     ∞     ∞     ∞     ∞     ∞     ∞     ∞     ∞     ∞     ∞     ∞     ∞     ∞     ∞     ∞     ∞     ∞     ∞     ∞     ∞     ∞     ∞     ∞     ∞
[2026-05-23 18:10:29.548] [debug] [Initial]   x4      ∞     ∞     ∞     ∞       0     ∞     ∞     ∞     ∞     ∞     ∞     ∞     ∞     ∞     ∞     ∞     ∞     ∞     ∞     ∞     ∞     ∞     ∞     ∞     ∞     ∞     ∞     ∞     ∞     ∞     ∞     ∞     ∞     ∞
[2026-05-23 18:10:29.548] [debug] [Initial]   x5      ∞     ∞     ∞     ∞     ∞       0     ∞     ∞     ∞     ∞     ∞     ∞     ∞     ∞     ∞     ∞     ∞     ∞     ∞     ∞     ∞     ∞     ∞     ∞     ∞     ∞     ∞     ∞     ∞     ∞     ∞     ∞     ∞     ∞
[2026-05-23 18:10:29.548] [debug] [Initial]   x6      ∞     ∞     ∞     ∞     ∞     ∞       0     ∞     ∞     ∞     ∞     ∞     ∞     ∞     ∞     ∞     ∞     ∞     ∞     ∞     ∞     ∞     ∞     ∞     ∞     ∞     ∞     ∞     ∞     ∞     ∞     ∞     ∞     ∞
[2026-05-23 18:10:29.548] [debug] [Initial]   x7      ∞     ∞     ∞     ∞     ∞     ∞     ∞       0     ∞     ∞     ∞     ∞     ∞     ∞     ∞     ∞     ∞     ∞     ∞     ∞     ∞     ∞     ∞     ∞     ∞     ∞     ∞     ∞     ∞     ∞     ∞     ∞     ∞     ∞
[2026-05-23 18:10:29.548] [debug] [Initial]   x8      ∞     ∞     ∞     ∞     ∞     ∞     ∞     ∞       0     ∞     ∞     ∞     ∞     ∞     ∞     ∞     ∞     ∞     ∞     ∞     ∞     ∞     ∞     ∞     ∞     ∞     ∞     ∞     ∞     ∞     ∞     ∞     ∞     ∞
[2026-05-23 18:10:29.548] [debug] [Initial]   x9      ∞     ∞     ∞     ∞     ∞     ∞     ∞     ∞     ∞       0     ∞     ∞     ∞     ∞     ∞     ∞     ∞     ∞     ∞     ∞     ∞     ∞     ∞     ∞     ∞     ∞     ∞     ∞     ∞     ∞     ∞     ∞     ∞     ∞
[2026-05-23 18:10:29.548] [debug] [Initial]   x10      ∞     ∞     ∞     ∞     ∞     ∞     ∞     ∞     ∞     ∞       0     ∞     ∞     ∞     ∞     ∞     ∞     ∞     ∞     ∞     ∞     ∞     ∞     ∞     ∞     ∞     ∞     ∞     ∞     ∞     ∞     ∞     ∞     ∞
[2026-05-23 18:10:29.548] [debug] [Initial]   x11      ∞     ∞     ∞     ∞     ∞     ∞     ∞     ∞     ∞     ∞     ∞       0     ∞     ∞     ∞     ∞     ∞     ∞     ∞     ∞     ∞     ∞     ∞     ∞     ∞     ∞     ∞     ∞     ∞     ∞     ∞     ∞     ∞     ∞
[2026-05-23 18:10:29.548] [debug] [Initial]   x12      ∞     ∞     ∞     ∞     ∞     ∞     ∞     ∞     ∞     ∞     ∞     ∞       0     ∞     ∞     ∞     ∞     ∞     ∞     ∞     ∞     ∞     ∞     ∞     ∞     ∞     ∞     ∞     ∞     ∞     ∞     ∞     ∞     ∞
[2026-05-23 18:10:29.548] [debug] [Initial]   x13      ∞     ∞     ∞     ∞     ∞     ∞     ∞     ∞     ∞     ∞     ∞     ∞     ∞       0     ∞     ∞     ∞     ∞     ∞     ∞     ∞     ∞     ∞     ∞     ∞     ∞     ∞     ∞     ∞     ∞     ∞     ∞     ∞     ∞
[2026-05-23 18:10:29.548] [debug] [Initial]   x14      ∞     ∞     ∞     ∞     ∞     ∞     ∞     ∞     ∞     ∞     ∞     ∞     ∞     ∞       0     ∞     ∞     ∞     ∞     ∞     ∞     ∞     ∞     ∞     ∞     ∞     ∞     ∞     ∞     ∞     ∞     ∞     ∞     ∞
[2026-05-23 18:10:29.548] [debug] [Initial]   x15      ∞     ∞     ∞     ∞     ∞     ∞     ∞     ∞     ∞     ∞     ∞     ∞     ∞     ∞     ∞       0     ∞     ∞     ∞     ∞     ∞     ∞     ∞     ∞     ∞     ∞     ∞     ∞     ∞     ∞     ∞     ∞     ∞     ∞
[2026-05-23 18:10:29.548] [debug] [Initial]   x16      ∞     ∞     ∞     ∞     ∞     ∞     ∞     ∞     ∞     ∞     ∞     ∞     ∞     ∞     ∞     ∞       0     ∞     ∞     ∞     ∞     ∞     ∞     ∞     ∞     ∞     ∞     ∞     ∞     ∞     ∞     ∞     ∞     ∞
[2026-05-23 18:10:29.548] [debug] [Initial]   x17      ∞     ∞     ∞     ∞     ∞     ∞     ∞     ∞     ∞     ∞     ∞     ∞     ∞     ∞     ∞     ∞     ∞       0     ∞     ∞     ∞     ∞     ∞     ∞     ∞     ∞     ∞     ∞     ∞     ∞     ∞     ∞     ∞     ∞
[2026-05-23 18:10:29.548] [debug] [Initial]   x18      ∞     ∞     ∞     ∞     ∞     ∞     ∞     ∞     ∞     ∞     ∞     ∞     ∞     ∞     ∞     ∞     ∞     ∞       0     ∞     ∞     ∞     ∞     ∞     ∞     ∞     ∞     ∞     ∞     ∞     ∞     ∞     ∞     ∞
[2026-05-23 18:10:29.549] [debug] [Initial]   x19      ∞     ∞     ∞     ∞     ∞     ∞     ∞     ∞     ∞     ∞     ∞     ∞     ∞     ∞     ∞     ∞     ∞     ∞     ∞       0     ∞     ∞     ∞     ∞     ∞     ∞     ∞     ∞     ∞     ∞     ∞     ∞     ∞     ∞
[2026-05-23 18:10:29.549] [debug] [Initial]   x20      ∞     ∞     ∞     ∞     ∞     ∞     ∞     ∞     ∞     ∞     ∞     ∞     ∞     ∞     ∞     ∞     ∞     ∞     ∞     ∞       0     ∞     ∞     ∞     ∞     ∞     ∞     ∞     ∞     ∞     ∞     ∞     ∞     ∞
[2026-05-23 18:10:29.549] [debug] [Initial]   x21      ∞     ∞     ∞     ∞     ∞     ∞     ∞     ∞     ∞     ∞     ∞     ∞     ∞     ∞     ∞     ∞     ∞     ∞     ∞     ∞     ∞       0     ∞     ∞     ∞     ∞     ∞     ∞     ∞     ∞     ∞     ∞     ∞     ∞
[2026-05-23 18:10:29.549] [debug] [Initial]   x22      ∞     ∞     ∞     ∞     ∞     ∞     ∞     ∞     ∞     ∞     ∞     ∞     ∞     ∞     ∞     ∞     ∞     ∞     ∞     ∞     ∞     ∞       0     ∞     ∞     ∞     ∞     ∞     ∞     ∞     ∞     ∞     ∞     ∞
[2026-05-23 18:10:29.549] [debug] [Initial]   x23      ∞     ∞     ∞     ∞     ∞     ∞     ∞     ∞     ∞     ∞     ∞     ∞     ∞     ∞     ∞     ∞     ∞     ∞     ∞     ∞     ∞     ∞     ∞       0     ∞     ∞     ∞     ∞     ∞     ∞     ∞     ∞     ∞     ∞
[2026-05-23 18:10:29.549] [debug] [Initial]   x24      ∞     ∞     ∞     ∞     ∞     ∞     ∞     ∞     ∞     ∞     ∞     ∞     ∞     ∞     ∞     ∞     ∞     ∞     ∞     ∞     ∞     ∞     ∞     ∞       0     ∞     ∞     ∞     ∞     ∞     ∞     ∞     ∞     ∞
[2026-05-23 18:10:29.549] [debug] [Initial]   x25      ∞     ∞     ∞     ∞     ∞     ∞     ∞     ∞     ∞     ∞     ∞     ∞     ∞     ∞     ∞     ∞     ∞     ∞     ∞     ∞     ∞     ∞     ∞     ∞     ∞       0     ∞     ∞     ∞     ∞     ∞     ∞     ∞     ∞
[2026-05-23 18:10:29.549] [debug] [Initial]   x26      ∞     ∞     ∞     ∞     ∞     ∞     ∞     ∞     ∞     ∞     ∞     ∞     ∞     ∞     ∞     ∞     ∞     ∞     ∞     ∞     ∞     ∞     ∞     ∞     ∞     ∞       0     ∞     ∞     ∞     ∞     ∞     ∞     ∞
[2026-05-23 18:10:29.549] [debug] [Initial]   x27      ∞     ∞     ∞     ∞     ∞     ∞     ∞     ∞     ∞     ∞     ∞     ∞     ∞     ∞     ∞     ∞     ∞     ∞     ∞     ∞     ∞     ∞     ∞     ∞     ∞     ∞     ∞       0     ∞     ∞     ∞     ∞     ∞     ∞
[2026-05-23 18:10:29.549] [debug] [Initial]   x28      ∞     ∞     ∞     ∞     ∞     ∞     ∞     ∞     ∞     ∞     ∞     ∞     ∞     ∞     ∞     ∞     ∞     ∞     ∞     ∞     ∞     ∞     ∞     ∞     ∞     ∞     ∞     ∞       0     ∞     ∞     ∞     ∞     ∞
[2026-05-23 18:10:29.549] [debug] [Initial]   x29      ∞     ∞     ∞     ∞     ∞     ∞     ∞     ∞     ∞     ∞     ∞     ∞     ∞     ∞     ∞     ∞     ∞     ∞     ∞     ∞     ∞     ∞     ∞     ∞     ∞     ∞     ∞     ∞     ∞       0     ∞     ∞     ∞     ∞
[2026-05-23 18:10:29.549] [debug] [Initial]   x30      ∞     ∞     ∞     ∞     ∞     ∞     ∞     ∞     ∞     ∞     ∞     ∞     ∞     ∞     ∞     ∞     ∞     ∞     ∞     ∞     ∞     ∞     ∞     ∞     ∞     ∞     ∞     ∞     ∞     ∞       0     ∞     ∞     ∞
[2026-05-23 18:10:29.549] [debug] [Initial]   x31      ∞     ∞     ∞     ∞     ∞     ∞     ∞     ∞     ∞     ∞     ∞     ∞     ∞     ∞     ∞     ∞     ∞     ∞     ∞     ∞     ∞     ∞     ∞     ∞     ∞     ∞     ∞     ∞     ∞     ∞     ∞       0     ∞     ∞
[2026-05-23 18:10:29.549] [debug] [Initial]   x32      ∞     ∞     ∞     ∞     ∞     ∞     ∞     ∞     ∞     ∞     ∞     ∞     ∞     ∞     ∞     ∞     ∞     ∞     ∞     ∞     ∞     ∞     ∞     ∞     ∞     ∞     ∞     ∞     ∞     ∞     ∞     ∞       0     ∞
[2026-05-23 18:10:29.549] [debug] [Initial]   x33      ∞     ∞     ∞     ∞     ∞     ∞     ∞     ∞     ∞     ∞     ∞     ∞     ∞     ∞     ∞     ∞     ∞     ∞     ∞     ∞     ∞     ∞     ∞     ∞     ∞     ∞     ∞     ∞     ∞     ∞     ∞     ∞     ∞       0
[2026-05-23 18:10:29.549] [debug] [Initial] ==========================================
[2026-05-23 18:10:29.549] [debug] [STATE] [STATE] Create initial state:
[2026-05-23 18:10:29.549] [debug]   Marking: [0, 0, 0, 0, 0, 0, 1, 0, 0, 1, 0, 0, 0, 0, 0, 0, 0, 0, 1, 1, 0, 0, 0, 0, 0, 0, 1, 1]
[2026-05-23 18:10:29.549] [debug]   Enabled: T4(Aget_core, priority=97, core=0), T6(Dget_core, priority=97, core=1), T17(A_cfg_fire, priority=2147483647, core=-1), T18(D_cfg_fire, priority=2147483647, core=-1)
[2026-05-23 18:10:29.549] [debug]   Per-core scheduling groups (4 total):
[2026-05-23 18:10:29.549] [debug]     Core 0: 1 transition(s)
[2026-05-23 18:10:29.549] [debug]     Core 1: 1 transition(s)
[2026-05-23 18:10:29.549] [debug]     Core -1 (control): 2 transition(s)
[2026-05-23 18:10:29.549] [debug]   Raw enabled: T4(Aget_core, priority=97, core=0), T6(Dget_core, priority=97, core=1), T17(A_cfg_fire, priority=2147483647, core=-1), T18(D_cfg_fire, priority=2147483647, core=-1)
[2026-05-23 18:10:29.549] [debug]   Effective enabled: T4(Aget_core, priority=97, core=0), T6(Dget_core, priority=97, core=1), T17(A_cfg_fire, priority=2147483647, core=-1), T18(D_cfg_fire, priority=2147483647, core=-1)
[2026-05-23 18:10:29.549] [debug]   Suspended: (none)
[2026-05-23 18:10:29.550] [debug]   Per-core scheduling groups (4 total):
[2026-05-23 18:10:29.550] [debug]     Core 0: 1 transition(s)
[2026-05-23 18:10:29.550] [debug]     Core 1: 1 transition(s)
[2026-05-23 18:10:29.550] [debug]     Core -1 (control): 2 transition(s)
[2026-05-23 18:10:29.550] [debug]   Raw enabled: T5(Aexec, priority=97, core=0, suspendable), T6(Dget_core, priority=97, core=1), T17(A_cfg_fire, priority=2147483647, core=-1), T18(D_cfg_fire, priority=2147483647, core=-1)
[2026-05-23 18:10:29.550] [debug]   Effective enabled: T5(Aexec, priority=97, core=0, suspendable), T6(Dget_core, priority=97, core=1), T17(A_cfg_fire, priority=2147483647, core=-1), T18(D_cfg_fire, priority=2147483647, core=-1)
[2026-05-23 18:10:29.550] [debug]   Suspended: (none)
[2026-05-23 18:10:29.551] [debug]     T4: fired successfully, fire_time = 0
[2026-05-23 18:10:29.551] [debug]   Per-core scheduling groups (4 total):
[2026-05-23 18:10:29.551] [debug]     Core 0: 1 transition(s)
[2026-05-23 18:10:29.551] [debug]     Core 1: 1 transition(s)
[2026-05-23 18:10:29.551] [debug]     Core -1 (control): 2 transition(s)
[2026-05-23 18:10:29.551] [debug]   Raw enabled: T4(Aget_core, priority=97, core=0), T7(Dexec, priority=97, core=1, suspendable), T17(A_cfg_fire, priority=2147483647, core=-1), T18(D_cfg_fire, priority=2147483647, core=-1)
[2026-05-23 18:10:29.551] [debug]   Effective enabled: T4(Aget_core, priority=97, core=0), T7(Dexec, priority=97, core=1, suspendable), T17(A_cfg_fire, priority=2147483647, core=-1), T18(D_cfg_fire, priority=2147483647, core=-1)
[2026-05-23 18:10:29.551] [debug]   Suspended: (none)
[2026-05-23 18:10:29.552] [debug]     T6: fired successfully, fire_time = 0
[2026-05-23 18:10:29.552] [debug]   Per-core scheduling groups (4 total):
[2026-05-23 18:10:29.552] [debug]     Core 0: 1 transition(s)
[2026-05-23 18:10:29.552] [debug]     Core 1: 1 transition(s)
[2026-05-23 18:10:29.552] [debug]     Core -1 (control): 2 transition(s)
[2026-05-23 18:10:29.552] [debug]   Raw enabled: T4(Aget_core, priority=97, core=0), T6(Dget_core, priority=97, core=1), T17(A_cfg_fire, priority=2147483647, core=-1), T18(D_cfg_fire, priority=2147483647, core=-1)
[2026-05-23 18:10:29.552] [debug]   Effective enabled: T4(Aget_core, priority=97, core=0), T6(Dget_core, priority=97, core=1), T17(A_cfg_fire, priority=2147483647, core=-1), T18(D_cfg_fire, priority=2147483647, core=-1)
[2026-05-23 18:10:29.552] [debug]   Suspended: (none)
[2026-05-23 18:10:29.553] [debug]     T17: fired successfully, fire_time = 100
[2026-05-23 18:10:29.553] [debug]   Per-core scheduling groups (4 total):
[2026-05-23 18:10:29.553] [debug]     Core 0: 1 transition(s)
[2026-05-23 18:10:29.553] [debug]     Core 1: 1 transition(s)
[2026-05-23 18:10:29.553] [debug]     Core -1 (control): 2 transition(s)
[2026-05-23 18:10:29.553] [debug]   Raw enabled: T4(Aget_core, priority=97, core=0), T6(Dget_core, priority=97, core=1), T17(A_cfg_fire, priority=2147483647, core=-1), T18(D_cfg_fire, priority=2147483647, core=-1)
[2026-05-23 18:10:29.553] [debug]   Effective enabled: T4(Aget_core, priority=97, core=0), T6(Dget_core, priority=97, core=1), T17(A_cfg_fire, priority=2147483647, core=-1), T18(D_cfg_fire, priority=2147483647, core=-1)
[2026-05-23 18:10:29.553] [debug]   Suspended: (none)
[2026-05-23 18:10:29.554] [debug]     T18: fired successfully, fire_time = 50
[2026-05-23 18:10:29.554] [debug] [State 1] ========== State Class Details: ID=1 ==========
[2026-05-23 18:10:29.554] [debug] [State 1] Places: [P0(Fentry)=0, P1(Fready)=0, P2(Fexit)=0, P3(Eentry)=0, P4(Eready)=0, P5(Eexit)=0, P6(Aentry)=1, P7(Aready)=0, P8(Aexit)=0, P9(Dentry)=1, P10(Dready)=0, P11(Dexit)=0, P12(Centry)=0, P13(Cready)=0, P14(Cexit)=0, P15(Bentry)=0, P16(Bready)=0, P17(Bexit)=0, P18(A_cfg_random)=1, P19(D_cfg_random)=1, P20(E_suspended_C_0)=0, P21(D_suspended_C_1)=0, P22(D_suspended_E_2)=0, P23(A_suspended_B_3)=0, P24(F_suspended_B_4)=0, P25(F_suspended_A_5)=0, P26(core0)=1, P27(core1)=1]
[2026-05-23 18:10:29.554] [debug] [State 1] Enabled: T4(Aget_core, priority=97, core=0), T6(Dget_core, priority=97, core=1), T17(A_cfg_fire, priority=2147483647, core=-1), T18(D_cfg_fire, priority=2147483647, core=-1)
[2026-05-23 18:10:29.554] [debug] [State 1] Cumulative time: 0
[2026-05-23 18:10:29.554] [debug] [State 1] Z1 (non-suspendable):
[2026-05-23 18:10:29.554] [debug] [State 1]   DBM(size=34):
[2026-05-23 18:10:29.554] [debug] [State 1]             x0       x1       x2       x3       x4       x5       x6       x7       x8       x9       x10       x11       x12       x13       x14       x15       x16       x17       x18       x19       x20       x21       x22       x23       x24       x25       x26       x27       x28       x29       x30       x31       x32       x33
[2026-05-23 18:10:29.554] [debug] [State 1]   x0        0       0       0       0       0       0       0       0       0       0       0       0       0       0       0       0       0       0    -100     -50       0       0       0       0       0       0       0       0       0       0       0       0       0       0
[2026-05-23 18:10:29.554] [debug] [State 1]   x1      ∞       0     ∞     ∞     ∞     ∞     ∞     ∞     ∞     ∞     ∞     ∞     ∞     ∞     ∞     ∞     ∞     ∞     ∞     ∞     ∞     ∞     ∞     ∞     ∞     ∞     ∞     ∞     ∞     ∞     ∞     ∞     ∞     ∞
[2026-05-23 18:10:29.554] [debug] [State 1]   x2      ∞     ∞       0     ∞     ∞     ∞     ∞     ∞     ∞     ∞     ∞     ∞     ∞     ∞     ∞     ∞     ∞     ∞     ∞     ∞     ∞     ∞     ∞     ∞     ∞     ∞     ∞     ∞     ∞     ∞     ∞     ∞     ∞     ∞
[2026-05-23 18:10:29.554] [debug] [State 1]   x3      ∞     ∞     ∞       0     ∞     ∞     ∞     ∞     ∞     ∞     ∞     ∞     ∞     ∞     ∞     ∞     ∞     ∞     ∞     ∞     ∞     ∞     ∞     ∞     ∞     ∞     ∞     ∞     ∞     ∞     ∞     ∞     ∞     ∞
[2026-05-23 18:10:29.554] [debug] [State 1]   x4      ∞     ∞     ∞     ∞       0     ∞     ∞     ∞     ∞     ∞     ∞     ∞     ∞     ∞     ∞     ∞     ∞     ∞     ∞     ∞     ∞     ∞     ∞     ∞     ∞     ∞     ∞     ∞     ∞     ∞     ∞     ∞     ∞     ∞
[2026-05-23 18:10:29.554] [debug] [State 1]   x5        0       0       0       0       0       0       0       0       0       0       0       0       0       0       0       0       0       0    -100     -50       0       0       0       0       0       0       0       0       0       0       0       0       0       0
[2026-05-23 18:10:29.554] [debug] [State 1]   x6      ∞     ∞     ∞     ∞     ∞     ∞       0     ∞     ∞     ∞     ∞     ∞     ∞     ∞     ∞     ∞     ∞     ∞     ∞     ∞     ∞     ∞     ∞     ∞     ∞     ∞     ∞     ∞     ∞     ∞     ∞     ∞     ∞     ∞
[2026-05-23 18:10:29.554] [debug] [State 1]   x7        0       0       0       0       0       0       0       0       0       0       0       0       0       0       0       0       0       0    -100     -50       0       0       0       0       0       0       0       0       0       0       0       0       0       0
[2026-05-23 18:10:29.554] [debug] [State 1]   x8      ∞     ∞     ∞     ∞     ∞     ∞     ∞     ∞       0     ∞     ∞     ∞     ∞     ∞     ∞     ∞     ∞     ∞     ∞     ∞     ∞     ∞     ∞     ∞     ∞     ∞     ∞     ∞     ∞     ∞     ∞     ∞     ∞     ∞
[2026-05-23 18:10:29.554] [debug] [State 1]   x9      ∞     ∞     ∞     ∞     ∞     ∞     ∞     ∞     ∞       0     ∞     ∞     ∞     ∞     ∞     ∞     ∞     ∞     ∞     ∞     ∞     ∞     ∞     ∞     ∞     ∞     ∞     ∞     ∞     ∞     ∞     ∞     ∞     ∞
[2026-05-23 18:10:29.554] [debug] [State 1]   x10      ∞     ∞     ∞     ∞     ∞     ∞     ∞     ∞     ∞     ∞       0     ∞     ∞     ∞     ∞     ∞     ∞     ∞     ∞     ∞     ∞     ∞     ∞     ∞     ∞     ∞     ∞     ∞     ∞     ∞     ∞     ∞     ∞     ∞
[2026-05-23 18:10:29.554] [debug] [State 1]   x11      ∞     ∞     ∞     ∞     ∞     ∞     ∞     ∞     ∞     ∞     ∞       0     ∞     ∞     ∞     ∞     ∞     ∞     ∞     ∞     ∞     ∞     ∞     ∞     ∞     ∞     ∞     ∞     ∞     ∞     ∞     ∞     ∞     ∞
[2026-05-23 18:10:29.554] [debug] [State 1]   x12      ∞     ∞     ∞     ∞     ∞     ∞     ∞     ∞     ∞     ∞     ∞     ∞       0     ∞     ∞     ∞     ∞     ∞     ∞     ∞     ∞     ∞     ∞     ∞     ∞     ∞     ∞     ∞     ∞     ∞     ∞     ∞     ∞     ∞
[2026-05-23 18:10:29.554] [debug] [State 1]   x13      ∞     ∞     ∞     ∞     ∞     ∞     ∞     ∞     ∞     ∞     ∞     ∞     ∞       0     ∞     ∞     ∞     ∞     ∞     ∞     ∞     ∞     ∞     ∞     ∞     ∞     ∞     ∞     ∞     ∞     ∞     ∞     ∞     ∞
[2026-05-23 18:10:29.554] [debug] [State 1]   x14      ∞     ∞     ∞     ∞     ∞     ∞     ∞     ∞     ∞     ∞     ∞     ∞     ∞     ∞       0     ∞     ∞     ∞     ∞     ∞     ∞     ∞     ∞     ∞     ∞     ∞     ∞     ∞     ∞     ∞     ∞     ∞     ∞     ∞
[2026-05-23 18:10:29.554] [debug] [State 1]   x15      ∞     ∞     ∞     ∞     ∞     ∞     ∞     ∞     ∞     ∞     ∞     ∞     ∞     ∞     ∞       0     ∞     ∞     ∞     ∞     ∞     ∞     ∞     ∞     ∞     ∞     ∞     ∞     ∞     ∞     ∞     ∞     ∞     ∞
[2026-05-23 18:10:29.554] [debug] [State 1]   x16      ∞     ∞     ∞     ∞     ∞     ∞     ∞     ∞     ∞     ∞     ∞     ∞     ∞     ∞     ∞     ∞       0     ∞     ∞     ∞     ∞     ∞     ∞     ∞     ∞     ∞     ∞     ∞     ∞     ∞     ∞     ∞     ∞     ∞
[2026-05-23 18:10:29.554] [debug] [State 1]   x17      ∞     ∞     ∞     ∞     ∞     ∞     ∞     ∞     ∞     ∞     ∞     ∞     ∞     ∞     ∞     ∞     ∞       0     ∞     ∞     ∞     ∞     ∞     ∞     ∞     ∞     ∞     ∞     ∞     ∞     ∞     ∞     ∞     ∞
[2026-05-23 18:10:29.554] [debug] [State 1]   x18      100     100     100     100     100     100     100     100     100     100     100     100     100     100     100     100     100     100       0      50     100     100     100     100     100     100     100     100     100     100     100     100     100     100
[2026-05-23 18:10:29.554] [debug] [State 1]   x19       50      50      50      50      50      50      50      50      50      50      50      50      50      50      50      50      50      50     -50       0      50      50      50      50      50      50      50      50      50      50      50      50      50      50
[2026-05-23 18:10:29.554] [debug] [State 1]   x20      ∞     ∞     ∞     ∞     ∞     ∞     ∞     ∞     ∞     ∞     ∞     ∞     ∞     ∞     ∞     ∞     ∞     ∞     ∞     ∞       0     ∞     ∞     ∞     ∞     ∞     ∞     ∞     ∞     ∞     ∞     ∞     ∞     ∞
[2026-05-23 18:10:29.554] [debug] [State 1]   x21      ∞     ∞     ∞     ∞     ∞     ∞     ∞     ∞     ∞     ∞     ∞     ∞     ∞     ∞     ∞     ∞     ∞     ∞     ∞     ∞     ∞       0     ∞     ∞     ∞     ∞     ∞     ∞     ∞     ∞     ∞     ∞     ∞     ∞
[2026-05-23 18:10:29.554] [debug] [State 1]   x22      ∞     ∞     ∞     ∞     ∞     ∞     ∞     ∞     ∞     ∞     ∞     ∞     ∞     ∞     ∞     ∞     ∞     ∞     ∞     ∞     ∞     ∞       0     ∞     ∞     ∞     ∞     ∞     ∞     ∞     ∞     ∞     ∞     ∞
[2026-05-23 18:10:29.554] [debug] [State 1]   x23      ∞     ∞     ∞     ∞     ∞     ∞     ∞     ∞     ∞     ∞     ∞     ∞     ∞     ∞     ∞     ∞     ∞     ∞     ∞     ∞     ∞     ∞     ∞       0     ∞     ∞     ∞     ∞     ∞     ∞     ∞     ∞     ∞     ∞
[2026-05-23 18:10:29.554] [debug] [State 1]   x24      ∞     ∞     ∞     ∞     ∞     ∞     ∞     ∞     ∞     ∞     ∞     ∞     ∞     ∞     ∞     ∞     ∞     ∞     ∞     ∞     ∞     ∞     ∞     ∞       0     ∞     ∞     ∞     ∞     ∞     ∞     ∞     ∞     ∞
[2026-05-23 18:10:29.554] [debug] [State 1]   x25      ∞     ∞     ∞     ∞     ∞     ∞     ∞     ∞     ∞     ∞     ∞     ∞     ∞     ∞     ∞     ∞     ∞     ∞     ∞     ∞     ∞     ∞     ∞     ∞     ∞       0     ∞     ∞     ∞     ∞     ∞     ∞     ∞     ∞
[2026-05-23 18:10:29.554] [debug] [State 1]   x26      ∞     ∞     ∞     ∞     ∞     ∞     ∞     ∞     ∞     ∞     ∞     ∞     ∞     ∞     ∞     ∞     ∞     ∞     ∞     ∞     ∞     ∞     ∞     ∞     ∞     ∞       0     ∞     ∞     ∞     ∞     ∞     ∞     ∞
[2026-05-23 18:10:29.554] [debug] [State 1]   x27      ∞     ∞     ∞     ∞     ∞     ∞     ∞     ∞     ∞     ∞     ∞     ∞     ∞     ∞     ∞     ∞     ∞     ∞     ∞     ∞     ∞     ∞     ∞     ∞     ∞     ∞     ∞       0     ∞     ∞     ∞     ∞     ∞     ∞
[2026-05-23 18:10:29.554] [debug] [State 1]   x28      ∞     ∞     ∞     ∞     ∞     ∞     ∞     ∞     ∞     ∞     ∞     ∞     ∞     ∞     ∞     ∞     ∞     ∞     ∞     ∞     ∞     ∞     ∞     ∞     ∞     ∞     ∞     ∞       0     ∞     ∞     ∞     ∞     ∞
[2026-05-23 18:10:29.554] [debug] [State 1]   x29      ∞     ∞     ∞     ∞     ∞     ∞     ∞     ∞     ∞     ∞     ∞     ∞     ∞     ∞     ∞     ∞     ∞     ∞     ∞     ∞     ∞     ∞     ∞     ∞     ∞     ∞     ∞     ∞     ∞       0     ∞     ∞     ∞     ∞
[2026-05-23 18:10:29.554] [debug] [State 1]   x30      ∞     ∞     ∞     ∞     ∞     ∞     ∞     ∞     ∞     ∞     ∞     ∞     ∞     ∞     ∞     ∞     ∞     ∞     ∞     ∞     ∞     ∞     ∞     ∞     ∞     ∞     ∞     ∞     ∞     ∞       0     ∞     ∞     ∞
[2026-05-23 18:10:29.554] [debug] [State 1]   x31      ∞     ∞     ∞     ∞     ∞     ∞     ∞     ∞     ∞     ∞     ∞     ∞     ∞     ∞     ∞     ∞     ∞     ∞     ∞     ∞     ∞     ∞     ∞     ∞     ∞     ∞     ∞     ∞     ∞     ∞     ∞       0     ∞     ∞
[2026-05-23 18:10:29.554] [debug] [State 1]   x32      ∞     ∞     ∞     ∞     ∞     ∞     ∞     ∞     ∞     ∞     ∞     ∞     ∞     ∞     ∞     ∞     ∞     ∞     ∞     ∞     ∞     ∞     ∞     ∞     ∞     ∞     ∞     ∞     ∞     ∞     ∞     ∞       0     ∞
[2026-05-23 18:10:29.554] [debug] [State 1]   x33      ∞     ∞     ∞     ∞     ∞     ∞     ∞     ∞     ∞     ∞     ∞     ∞     ∞     ∞     ∞     ∞     ∞     ∞     ∞     ∞     ∞     ∞     ∞     ∞     ∞     ∞     ∞     ∞     ∞     ∞     ∞     ∞     ∞       0
[2026-05-23 18:10:29.554] [debug] [State 1] Z2 (suspendable):
[2026-05-23 18:10:29.554] [debug] [State 1]   DBM(size=34):
[2026-05-23 18:10:29.554] [debug] [State 1]             x0       x1       x2       x3       x4       x5       x6       x7       x8       x9       x10       x11       x12       x13       x14       x15       x16       x17       x18       x19       x20       x21       x22       x23       x24       x25       x26       x27       x28       x29       x30       x31       x32       x33
[2026-05-23 18:10:29.554] [debug] [State 1]   x0        0       0       0       0       0       0       0       0       0       0       0       0       0       0       0       0       0       0       0       0       0       0       0       0       0       0       0       0       0       0       0       0       0       0
[2026-05-23 18:10:29.554] [debug] [State 1]   x1      ∞       0     ∞     ∞     ∞     ∞     ∞     ∞     ∞     ∞     ∞     ∞     ∞     ∞     ∞     ∞     ∞     ∞     ∞     ∞     ∞     ∞     ∞     ∞     ∞     ∞     ∞     ∞     ∞     ∞     ∞     ∞     ∞     ∞
[2026-05-23 18:10:29.554] [debug] [State 1]   x2      ∞     ∞       0     ∞     ∞     ∞     ∞     ∞     ∞     ∞     ∞     ∞     ∞     ∞     ∞     ∞     ∞     ∞     ∞     ∞     ∞     ∞     ∞     ∞     ∞     ∞     ∞     ∞     ∞     ∞     ∞     ∞     ∞     ∞
[2026-05-23 18:10:29.554] [debug] [State 1]   x3      ∞     ∞     ∞       0     ∞     ∞     ∞     ∞     ∞     ∞     ∞     ∞     ∞     ∞     ∞     ∞     ∞     ∞     ∞     ∞     ∞     ∞     ∞     ∞     ∞     ∞     ∞     ∞     ∞     ∞     ∞     ∞     ∞     ∞
[2026-05-23 18:10:29.554] [debug] [State 1]   x4      ∞     ∞     ∞     ∞       0     ∞     ∞     ∞     ∞     ∞     ∞     ∞     ∞     ∞     ∞     ∞     ∞     ∞     ∞     ∞     ∞     ∞     ∞     ∞     ∞     ∞     ∞     ∞     ∞     ∞     ∞     ∞     ∞     ∞
[2026-05-23 18:10:29.554] [debug] [State 1]   x5      ∞     ∞     ∞     ∞     ∞       0     ∞     ∞     ∞     ∞     ∞     ∞     ∞     ∞     ∞     ∞     ∞     ∞     ∞     ∞     ∞     ∞     ∞     ∞     ∞     ∞     ∞     ∞     ∞     ∞     ∞     ∞     ∞     ∞
[2026-05-23 18:10:29.554] [debug] [State 1]   x6      ∞     ∞     ∞     ∞     ∞     ∞       0     ∞     ∞     ∞     ∞     ∞     ∞     ∞     ∞     ∞     ∞     ∞     ∞     ∞     ∞     ∞     ∞     ∞     ∞     ∞     ∞     ∞     ∞     ∞     ∞     ∞     ∞     ∞
[2026-05-23 18:10:29.554] [debug] [State 1]   x7      ∞     ∞     ∞     ∞     ∞     ∞     ∞       0     ∞     ∞     ∞     ∞     ∞     ∞     ∞     ∞     ∞     ∞     ∞     ∞     ∞     ∞     ∞     ∞     ∞     ∞     ∞     ∞     ∞     ∞     ∞     ∞     ∞     ∞
[2026-05-23 18:10:29.554] [debug] [State 1]   x8      ∞     ∞     ∞     ∞     ∞     ∞     ∞     ∞       0     ∞     ∞     ∞     ∞     ∞     ∞     ∞     ∞     ∞     ∞     ∞     ∞     ∞     ∞     ∞     ∞     ∞     ∞     ∞     ∞     ∞     ∞     ∞     ∞     ∞
[2026-05-23 18:10:29.554] [debug] [State 1]   x9      ∞     ∞     ∞     ∞     ∞     ∞     ∞     ∞     ∞       0     ∞     ∞     ∞     ∞     ∞     ∞     ∞     ∞     ∞     ∞     ∞     ∞     ∞     ∞     ∞     ∞     ∞     ∞     ∞     ∞     ∞     ∞     ∞     ∞
[2026-05-23 18:10:29.554] [debug] [State 1]   x10      ∞     ∞     ∞     ∞     ∞     ∞     ∞     ∞     ∞     ∞       0     ∞     ∞     ∞     ∞     ∞     ∞     ∞     ∞     ∞     ∞     ∞     ∞     ∞     ∞     ∞     ∞     ∞     ∞     ∞     ∞     ∞     ∞     ∞
[2026-05-23 18:10:29.554] [debug] [State 1]   x11      ∞     ∞     ∞     ∞     ∞     ∞     ∞     ∞     ∞     ∞     ∞       0     ∞     ∞     ∞     ∞     ∞     ∞     ∞     ∞     ∞     ∞     ∞     ∞     ∞     ∞     ∞     ∞     ∞     ∞     ∞     ∞     ∞     ∞
[2026-05-23 18:10:29.554] [debug] [State 1]   x12      ∞     ∞     ∞     ∞     ∞     ∞     ∞     ∞     ∞     ∞     ∞     ∞       0     ∞     ∞     ∞     ∞     ∞     ∞     ∞     ∞     ∞     ∞     ∞     ∞     ∞     ∞     ∞     ∞     ∞     ∞     ∞     ∞     ∞
[2026-05-23 18:10:29.554] [debug] [State 1]   x13      ∞     ∞     ∞     ∞     ∞     ∞     ∞     ∞     ∞     ∞     ∞     ∞     ∞       0     ∞     ∞     ∞     ∞     ∞     ∞     ∞     ∞     ∞     ∞     ∞     ∞     ∞     ∞     ∞     ∞     ∞     ∞     ∞     ∞
[2026-05-23 18:10:29.554] [debug] [State 1]   x14      ∞     ∞     ∞     ∞     ∞     ∞     ∞     ∞     ∞     ∞     ∞     ∞     ∞     ∞       0     ∞     ∞     ∞     ∞     ∞     ∞     ∞     ∞     ∞     ∞     ∞     ∞     ∞     ∞     ∞     ∞     ∞     ∞     ∞
[2026-05-23 18:10:29.554] [debug] [State 1]   x15      ∞     ∞     ∞     ∞     ∞     ∞     ∞     ∞     ∞     ∞     ∞     ∞     ∞     ∞     ∞       0     ∞     ∞     ∞     ∞     ∞     ∞     ∞     ∞     ∞     ∞     ∞     ∞     ∞     ∞     ∞     ∞     ∞     ∞
[2026-05-23 18:10:29.554] [debug] [State 1]   x16      ∞     ∞     ∞     ∞     ∞     ∞     ∞     ∞     ∞     ∞     ∞     ∞     ∞     ∞     ∞     ∞       0     ∞     ∞     ∞     ∞     ∞     ∞     ∞     ∞     ∞     ∞     ∞     ∞     ∞     ∞     ∞     ∞     ∞
[2026-05-23 18:10:29.554] [debug] [State 1]   x17      ∞     ∞     ∞     ∞     ∞     ∞     ∞     ∞     ∞     ∞     ∞     ∞     ∞     ∞     ∞     ∞     ∞       0     ∞     ∞     ∞     ∞     ∞     ∞     ∞     ∞     ∞     ∞     ∞     ∞     ∞     ∞     ∞     ∞
[2026-05-23 18:10:29.554] [debug] [State 1]   x18      ∞     ∞     ∞     ∞     ∞     ∞     ∞     ∞     ∞     ∞     ∞     ∞     ∞     ∞     ∞     ∞     ∞     ∞       0     ∞     ∞     ∞     ∞     ∞     ∞     ∞     ∞     ∞     ∞     ∞     ∞     ∞     ∞     ∞
[2026-05-23 18:10:29.554] [debug] [State 1]   x19      ∞     ∞     ∞     ∞     ∞     ∞     ∞     ∞     ∞     ∞     ∞     ∞     ∞     ∞     ∞     ∞     ∞     ∞     ∞       0     ∞     ∞     ∞     ∞     ∞     ∞     ∞     ∞     ∞     ∞     ∞     ∞     ∞     ∞
[2026-05-23 18:10:29.554] [debug] [State 1]   x20      ∞     ∞     ∞     ∞     ∞     ∞     ∞     ∞     ∞     ∞     ∞     ∞     ∞     ∞     ∞     ∞     ∞     ∞     ∞     ∞       0     ∞     ∞     ∞     ∞     ∞     ∞     ∞     ∞     ∞     ∞     ∞     ∞     ∞
[2026-05-23 18:10:29.555] [debug] [State 1]   x21      ∞     ∞     ∞     ∞     ∞     ∞     ∞     ∞     ∞     ∞     ∞     ∞     ∞     ∞     ∞     ∞     ∞     ∞     ∞     ∞     ∞       0     ∞     ∞     ∞     ∞     ∞     ∞     ∞     ∞     ∞     ∞     ∞     ∞
[2026-05-23 18:10:29.555] [debug] [State 1]   x22      ∞     ∞     ∞     ∞     ∞     ∞     ∞     ∞     ∞     ∞     ∞     ∞     ∞     ∞     ∞     ∞     ∞     ∞     ∞     ∞     ∞     ∞       0     ∞     ∞     ∞     ∞     ∞     ∞     ∞     ∞     ∞     ∞     ∞
[2026-05-23 18:10:29.555] [debug] [State 1]   x23      ∞     ∞     ∞     ∞     ∞     ∞     ∞     ∞     ∞     ∞     ∞     ∞     ∞     ∞     ∞     ∞     ∞     ∞     ∞     ∞     ∞     ∞     ∞       0     ∞     ∞     ∞     ∞     ∞     ∞     ∞     ∞     ∞     ∞
[2026-05-23 18:10:29.555] [debug] [State 1]   x24      ∞     ∞     ∞     ∞     ∞     ∞     ∞     ∞     ∞     ∞     ∞     ∞     ∞     ∞     ∞     ∞     ∞     ∞     ∞     ∞     ∞     ∞     ∞     ∞       0     ∞     ∞     ∞     ∞     ∞     ∞     ∞     ∞     ∞
[2026-05-23 18:10:29.555] [debug] [State 1]   x25      ∞     ∞     ∞     ∞     ∞     ∞     ∞     ∞     ∞     ∞     ∞     ∞     ∞     ∞     ∞     ∞     ∞     ∞     ∞     ∞     ∞     ∞     ∞     ∞     ∞       0     ∞     ∞     ∞     ∞     ∞     ∞     ∞     ∞
[2026-05-23 18:10:29.555] [debug] [State 1]   x26      ∞     ∞     ∞     ∞     ∞     ∞     ∞     ∞     ∞     ∞     ∞     ∞     ∞     ∞     ∞     ∞     ∞     ∞     ∞     ∞     ∞     ∞     ∞     ∞     ∞     ∞       0     ∞     ∞     ∞     ∞     ∞     ∞     ∞
[2026-05-23 18:10:29.555] [debug] [State 1]   x27      ∞     ∞     ∞     ∞     ∞     ∞     ∞     ∞     ∞     ∞     ∞     ∞     ∞     ∞     ∞     ∞     ∞     ∞     ∞     ∞     ∞     ∞     ∞     ∞     ∞     ∞     ∞       0     ∞     ∞     ∞     ∞     ∞     ∞
[2026-05-23 18:10:29.555] [debug] [State 1]   x28      ∞     ∞     ∞     ∞     ∞     ∞     ∞     ∞     ∞     ∞     ∞     ∞     ∞     ∞     ∞     ∞     ∞     ∞     ∞     ∞     ∞     ∞     ∞     ∞     ∞     ∞     ∞     ∞       0     ∞     ∞     ∞     ∞     ∞
[2026-05-23 18:10:29.555] [debug] [State 1]   x29      ∞     ∞     ∞     ∞     ∞     ∞     ∞     ∞     ∞     ∞     ∞     ∞     ∞     ∞     ∞     ∞     ∞     ∞     ∞     ∞     ∞     ∞     ∞     ∞     ∞     ∞     ∞     ∞     ∞       0     ∞     ∞     ∞     ∞
[2026-05-23 18:10:29.555] [debug] [State 1]   x30      ∞     ∞     ∞     ∞     ∞     ∞     ∞     ∞     ∞     ∞     ∞     ∞     ∞     ∞     ∞     ∞     ∞     ∞     ∞     ∞     ∞     ∞     ∞     ∞     ∞     ∞     ∞     ∞     ∞     ∞       0     ∞     ∞     ∞
[2026-05-23 18:10:29.555] [debug] [State 1]   x31      ∞     ∞     ∞     ∞     ∞     ∞     ∞     ∞     ∞     ∞     ∞     ∞     ∞     ∞     ∞     ∞     ∞     ∞     ∞     ∞     ∞     ∞     ∞     ∞     ∞     ∞     ∞     ∞     ∞     ∞     ∞       0     ∞     ∞
[2026-05-23 18:10:29.555] [debug] [State 1]   x32      ∞     ∞     ∞     ∞     ∞     ∞     ∞     ∞     ∞     ∞     ∞     ∞     ∞     ∞     ∞     ∞     ∞     ∞     ∞     ∞     ∞     ∞     ∞     ∞     ∞     ∞     ∞     ∞     ∞     ∞     ∞     ∞       0     ∞
[2026-05-23 18:10:29.555] [debug] [State 1]   x33      ∞     ∞     ∞     ∞     ∞     ∞     ∞     ∞     ∞     ∞     ∞     ∞     ∞     ∞     ∞     ∞     ∞     ∞     ∞     ∞     ∞     ∞     ∞     ∞     ∞     ∞     ∞     ∞     ∞     ∞     ∞     ∞     ∞       0
[2026-05-23 18:10:29.555] [debug] [State 1] ==========================================
[2026-05-23 18:10:29.555] [debug] [STATE] State 1 --T4@0--> candidate
[2026-05-23 18:10:29.555] [debug] [STATE]   [New] Add state 2 to graph and frontier
[2026-05-23 18:10:29.555] [debug] [New state 2] ========== State Class Details: ID=2 ==========
[2026-05-23 18:10:29.555] [debug] [New state 2] Places: [P0(Fentry)=0, P1(Fready)=0, P2(Fexit)=0, P3(Eentry)=0, P4(Eready)=0, P5(Eexit)=0, P6(Aentry)=0, P7(Aready)=1, P8(Aexit)=0, P9(Dentry)=1, P10(Dready)=0, P11(Dexit)=0, P12(Centry)=0, P13(Cready)=0, P14(Cexit)=0, P15(Bentry)=0, P16(Bready)=0, P17(Bexit)=0, P18(A_cfg_random)=1, P19(D_cfg_random)=1, P20(E_suspended_C_0)=0, P21(D_suspended_C_1)=0, P22(D_suspended_E_2)=0, P23(A_suspended_B_3)=0, P24(F_suspended_B_4)=0, P25(F_suspended_A_5)=0, P26(core0)=0, P27(core1)=1]
[2026-05-23 18:10:29.555] [debug] [New state 2] Enabled: T5(Aexec, priority=97, core=0, suspendable), T6(Dget_core, priority=97, core=1), T17(A_cfg_fire, priority=2147483647, core=-1), T18(D_cfg_fire, priority=2147483647, core=-1)
[2026-05-23 18:10:29.555] [debug] [New state 2] Cumulative time: 0
[2026-05-23 18:10:29.555] [debug] [New state 2] Z1 (non-suspendable):
[2026-05-23 18:10:29.555] [debug] [New state 2]   DBM(size=34):
[2026-05-23 18:10:29.555] [debug] [New state 2]             x0       x1       x2       x3       x4       x5       x6       x7       x8       x9       x10       x11       x12       x13       x14       x15       x16       x17       x18       x19       x20       x21       x22       x23       x24       x25       x26       x27       x28       x29       x30       x31       x32       x33
[2026-05-23 18:10:29.555] [debug] [New state 2]   x0        0       0       0       0       0       0       0       0       0       0       0       0       0       0       0       0       0       0    -100     -50       0       0       0       0       0       0       0       0       0       0       0       0       0       0
[2026-05-23 18:10:29.555] [debug] [New state 2]   x1      ∞       0     ∞     ∞     ∞     ∞     ∞     ∞     ∞     ∞     ∞     ∞     ∞     ∞     ∞     ∞     ∞     ∞     ∞     ∞     ∞     ∞     ∞     ∞     ∞     ∞     ∞     ∞     ∞     ∞     ∞     ∞     ∞     ∞
[2026-05-23 18:10:29.555] [debug] [New state 2]   x2      ∞     ∞       0     ∞     ∞     ∞     ∞     ∞     ∞     ∞     ∞     ∞     ∞     ∞     ∞     ∞     ∞     ∞     ∞     ∞     ∞     ∞     ∞     ∞     ∞     ∞     ∞     ∞     ∞     ∞     ∞     ∞     ∞     ∞
[2026-05-23 18:10:29.555] [debug] [New state 2]   x3      ∞     ∞     ∞       0     ∞     ∞     ∞     ∞     ∞     ∞     ∞     ∞     ∞     ∞     ∞     ∞     ∞     ∞     ∞     ∞     ∞     ∞     ∞     ∞     ∞     ∞     ∞     ∞     ∞     ∞     ∞     ∞     ∞     ∞
[2026-05-23 18:10:29.555] [debug] [New state 2]   x4      ∞     ∞     ∞     ∞       0     ∞     ∞     ∞     ∞     ∞     ∞     ∞     ∞     ∞     ∞     ∞     ∞     ∞     ∞     ∞     ∞     ∞     ∞     ∞     ∞     ∞     ∞     ∞     ∞     ∞     ∞     ∞     ∞     ∞
[2026-05-23 18:10:29.555] [debug] [New state 2]   x5      ∞     ∞     ∞     ∞     ∞       0     ∞     ∞     ∞     ∞     ∞     ∞     ∞     ∞     ∞     ∞     ∞     ∞     ∞     ∞     ∞     ∞     ∞     ∞     ∞     ∞     ∞     ∞     ∞     ∞     ∞     ∞     ∞     ∞
[2026-05-23 18:10:29.555] [debug] [New state 2]   x6      ∞     ∞     ∞     ∞     ∞     ∞       0     ∞     ∞     ∞     ∞     ∞     ∞     ∞     ∞     ∞     ∞     ∞     ∞     ∞     ∞     ∞     ∞     ∞     ∞     ∞     ∞     ∞     ∞     ∞     ∞     ∞     ∞     ∞
[2026-05-23 18:10:29.555] [debug] [New state 2]   x7        0       0       0       0       0       0       0       0       0       0       0       0       0       0       0       0       0       0    -100     -50       0       0       0       0       0       0       0       0       0       0       0       0       0       0
[2026-05-23 18:10:29.555] [debug] [New state 2]   x8      ∞     ∞     ∞     ∞     ∞     ∞     ∞     ∞       0     ∞     ∞     ∞     ∞     ∞     ∞     ∞     ∞     ∞     ∞     ∞     ∞     ∞     ∞     ∞     ∞     ∞     ∞     ∞     ∞     ∞     ∞     ∞     ∞     ∞
[2026-05-23 18:10:29.555] [debug] [New state 2]   x9      ∞     ∞     ∞     ∞     ∞     ∞     ∞     ∞     ∞       0     ∞     ∞     ∞     ∞     ∞     ∞     ∞     ∞     ∞     ∞     ∞     ∞     ∞     ∞     ∞     ∞     ∞     ∞     ∞     ∞     ∞     ∞     ∞     ∞
[2026-05-23 18:10:29.555] [debug] [New state 2]   x10      ∞     ∞     ∞     ∞     ∞     ∞     ∞     ∞     ∞     ∞       0     ∞     ∞     ∞     ∞     ∞     ∞     ∞     ∞     ∞     ∞     ∞     ∞     ∞     ∞     ∞     ∞     ∞     ∞     ∞     ∞     ∞     ∞     ∞
[2026-05-23 18:10:29.555] [debug] [New state 2]   x11      ∞     ∞     ∞     ∞     ∞     ∞     ∞     ∞     ∞     ∞     ∞       0     ∞     ∞     ∞     ∞     ∞     ∞     ∞     ∞     ∞     ∞     ∞     ∞     ∞     ∞     ∞     ∞     ∞     ∞     ∞     ∞     ∞     ∞
[2026-05-23 18:10:29.555] [debug] [New state 2]   x12      ∞     ∞     ∞     ∞     ∞     ∞     ∞     ∞     ∞     ∞     ∞     ∞       0     ∞     ∞     ∞     ∞     ∞     ∞     ∞     ∞     ∞     ∞     ∞     ∞     ∞     ∞     ∞     ∞     ∞     ∞     ∞     ∞     ∞
[2026-05-23 18:10:29.555] [debug] [New state 2]   x13      ∞     ∞     ∞     ∞     ∞     ∞     ∞     ∞     ∞     ∞     ∞     ∞     ∞       0     ∞     ∞     ∞     ∞     ∞     ∞     ∞     ∞     ∞     ∞     ∞     ∞     ∞     ∞     ∞     ∞     ∞     ∞     ∞     ∞
[2026-05-23 18:10:29.555] [debug] [New state 2]   x14      ∞     ∞     ∞     ∞     ∞     ∞     ∞     ∞     ∞     ∞     ∞     ∞     ∞     ∞       0     ∞     ∞     ∞     ∞     ∞     ∞     ∞     ∞     ∞     ∞     ∞     ∞     ∞     ∞     ∞     ∞     ∞     ∞     ∞
[2026-05-23 18:10:29.555] [debug] [New state 2]   x15      ∞     ∞     ∞     ∞     ∞     ∞     ∞     ∞     ∞     ∞     ∞     ∞     ∞     ∞     ∞       0     ∞     ∞     ∞     ∞     ∞     ∞     ∞     ∞     ∞     ∞     ∞     ∞     ∞     ∞     ∞     ∞     ∞     ∞
[2026-05-23 18:10:29.555] [debug] [New state 2]   x16      ∞     ∞     ∞     ∞     ∞     ∞     ∞     ∞     ∞     ∞     ∞     ∞     ∞     ∞     ∞     ∞       0     ∞     ∞     ∞     ∞     ∞     ∞     ∞     ∞     ∞     ∞     ∞     ∞     ∞     ∞     ∞     ∞     ∞
[2026-05-23 18:10:29.555] [debug] [New state 2]   x17      ∞     ∞     ∞     ∞     ∞     ∞     ∞     ∞     ∞     ∞     ∞     ∞     ∞     ∞     ∞     ∞     ∞       0     ∞     ∞     ∞     ∞     ∞     ∞     ∞     ∞     ∞     ∞     ∞     ∞     ∞     ∞     ∞     ∞
[2026-05-23 18:10:29.555] [debug] [New state 2]   x18      100     100     100     100     100     100     100     100     100     100     100     100     100     100     100     100     100     100       0      50     100     100     100     100     100     100     100     100     100     100     100     100     100     100
[2026-05-23 18:10:29.555] [debug] [New state 2]   x19       50      50      50      50      50      50      50      50      50      50      50      50      50      50      50      50      50      50     -50       0      50      50      50      50      50      50      50      50      50      50      50      50      50      50
[2026-05-23 18:10:29.555] [debug] [New state 2]   x20      ∞     ∞     ∞     ∞     ∞     ∞     ∞     ∞     ∞     ∞     ∞     ∞     ∞     ∞     ∞     ∞     ∞     ∞     ∞     ∞       0     ∞     ∞     ∞     ∞     ∞     ∞     ∞     ∞     ∞     ∞     ∞     ∞     ∞
[2026-05-23 18:10:29.555] [debug] [New state 2]   x21      ∞     ∞     ∞     ∞     ∞     ∞     ∞     ∞     ∞     ∞     ∞     ∞     ∞     ∞     ∞     ∞     ∞     ∞     ∞     ∞     ∞       0     ∞     ∞     ∞     ∞     ∞     ∞     ∞     ∞     ∞     ∞     ∞     ∞
[2026-05-23 18:10:29.555] [debug] [New state 2]   x22      ∞     ∞     ∞     ∞     ∞     ∞     ∞     ∞     ∞     ∞     ∞     ∞     ∞     ∞     ∞     ∞     ∞     ∞     ∞     ∞     ∞     ∞       0     ∞     ∞     ∞     ∞     ∞     ∞     ∞     ∞     ∞     ∞     ∞
[2026-05-23 18:10:29.555] [debug] [New state 2]   x23      ∞     ∞     ∞     ∞     ∞     ∞     ∞     ∞     ∞     ∞     ∞     ∞     ∞     ∞     ∞     ∞     ∞     ∞     ∞     ∞     ∞     ∞     ∞       0     ∞     ∞     ∞     ∞     ∞     ∞     ∞     ∞     ∞     ∞
[2026-05-23 18:10:29.555] [debug] [New state 2]   x24      ∞     ∞     ∞     ∞     ∞     ∞     ∞     ∞     ∞     ∞     ∞     ∞     ∞     ∞     ∞     ∞     ∞     ∞     ∞     ∞     ∞     ∞     ∞     ∞       0     ∞     ∞     ∞     ∞     ∞     ∞     ∞     ∞     ∞
[2026-05-23 18:10:29.555] [debug] [New state 2]   x25      ∞     ∞     ∞     ∞     ∞     ∞     ∞     ∞     ∞     ∞     ∞     ∞     ∞     ∞     ∞     ∞     ∞     ∞     ∞     ∞     ∞     ∞     ∞     ∞     ∞       0     ∞     ∞     ∞     ∞     ∞     ∞     ∞     ∞
[2026-05-23 18:10:29.555] [debug] [New state 2]   x26      ∞     ∞     ∞     ∞     ∞     ∞     ∞     ∞     ∞     ∞     ∞     ∞     ∞     ∞     ∞     ∞     ∞     ∞     ∞     ∞     ∞     ∞     ∞     ∞     ∞     ∞       0     ∞     ∞     ∞     ∞     ∞     ∞     ∞
[2026-05-23 18:10:29.555] [debug] [New state 2]   x27      ∞     ∞     ∞     ∞     ∞     ∞     ∞     ∞     ∞     ∞     ∞     ∞     ∞     ∞     ∞     ∞     ∞     ∞     ∞     ∞     ∞     ∞     ∞     ∞     ∞     ∞     ∞       0     ∞     ∞     ∞     ∞     ∞     ∞
[2026-05-23 18:10:29.555] [debug] [New state 2]   x28      ∞     ∞     ∞     ∞     ∞     ∞     ∞     ∞     ∞     ∞     ∞     ∞     ∞     ∞     ∞     ∞     ∞     ∞     ∞     ∞     ∞     ∞     ∞     ∞     ∞     ∞     ∞     ∞       0     ∞     ∞     ∞     ∞     ∞
[2026-05-23 18:10:29.555] [debug] [New state 2]   x29      ∞     ∞     ∞     ∞     ∞     ∞     ∞     ∞     ∞     ∞     ∞     ∞     ∞     ∞     ∞     ∞     ∞     ∞     ∞     ∞     ∞     ∞     ∞     ∞     ∞     ∞     ∞     ∞     ∞       0     ∞     ∞     ∞     ∞
[2026-05-23 18:10:29.555] [debug] [New state 2]   x30      ∞     ∞     ∞     ∞     ∞     ∞     ∞     ∞     ∞     ∞     ∞     ∞     ∞     ∞     ∞     ∞     ∞     ∞     ∞     ∞     ∞     ∞     ∞     ∞     ∞     ∞     ∞     ∞     ∞     ∞       0     ∞     ∞     ∞
[2026-05-23 18:10:29.555] [debug] [New state 2]   x31      ∞     ∞     ∞     ∞     ∞     ∞     ∞     ∞     ∞     ∞     ∞     ∞     ∞     ∞     ∞     ∞     ∞     ∞     ∞     ∞     ∞     ∞     ∞     ∞     ∞     ∞     ∞     ∞     ∞     ∞     ∞       0     ∞     ∞
[2026-05-23 18:10:29.555] [debug] [New state 2]   x32      ∞     ∞     ∞     ∞     ∞     ∞     ∞     ∞     ∞     ∞     ∞     ∞     ∞     ∞     ∞     ∞     ∞     ∞     ∞     ∞     ∞     ∞     ∞     ∞     ∞     ∞     ∞     ∞     ∞     ∞     ∞     ∞       0     ∞
[2026-05-23 18:10:29.555] [debug] [New state 2]   x33      ∞     ∞     ∞     ∞     ∞     ∞     ∞     ∞     ∞     ∞     ∞     ∞     ∞     ∞     ∞     ∞     ∞     ∞     ∞     ∞     ∞     ∞     ∞     ∞     ∞     ∞     ∞     ∞     ∞     ∞     ∞     ∞     ∞       0
[2026-05-23 18:10:29.555] [debug] [New state 2] Z2 (suspendable):
[2026-05-23 18:10:29.555] [debug] [New state 2]   DBM(size=34):
[2026-05-23 18:10:29.555] [debug] [New state 2]             x0       x1       x2       x3       x4       x5       x6       x7       x8       x9       x10       x11       x12       x13       x14       x15       x16       x17       x18       x19       x20       x21       x22       x23       x24       x25       x26       x27       x28       x29       x30       x31       x32       x33
[2026-05-23 18:10:29.555] [debug] [New state 2]   x0        0       0       0       0       0       0      -8       0       0       0       0       0       0       0       0       0       0       0       0       0       0       0       0       0       0       0       0       0       0       0       0       0       0       0
[2026-05-23 18:10:29.555] [debug] [New state 2]   x1      ∞       0     ∞     ∞     ∞     ∞     ∞     ∞     ∞     ∞     ∞     ∞     ∞     ∞     ∞     ∞     ∞     ∞     ∞     ∞     ∞     ∞     ∞     ∞     ∞     ∞     ∞     ∞     ∞     ∞     ∞     ∞     ∞     ∞
[2026-05-23 18:10:29.555] [debug] [New state 2]   x2      ∞     ∞       0     ∞     ∞     ∞     ∞     ∞     ∞     ∞     ∞     ∞     ∞     ∞     ∞     ∞     ∞     ∞     ∞     ∞     ∞     ∞     ∞     ∞     ∞     ∞     ∞     ∞     ∞     ∞     ∞     ∞     ∞     ∞
[2026-05-23 18:10:29.555] [debug] [New state 2]   x3      ∞     ∞     ∞       0     ∞     ∞     ∞     ∞     ∞     ∞     ∞     ∞     ∞     ∞     ∞     ∞     ∞     ∞     ∞     ∞     ∞     ∞     ∞     ∞     ∞     ∞     ∞     ∞     ∞     ∞     ∞     ∞     ∞     ∞
[2026-05-23 18:10:29.555] [debug] [New state 2]   x4      ∞     ∞     ∞     ∞       0     ∞     ∞     ∞     ∞     ∞     ∞     ∞     ∞     ∞     ∞     ∞     ∞     ∞     ∞     ∞     ∞     ∞     ∞     ∞     ∞     ∞     ∞     ∞     ∞     ∞     ∞     ∞     ∞     ∞
[2026-05-23 18:10:29.555] [debug] [New state 2]   x5      ∞     ∞     ∞     ∞     ∞       0     ∞     ∞     ∞     ∞     ∞     ∞     ∞     ∞     ∞     ∞     ∞     ∞     ∞     ∞     ∞     ∞     ∞     ∞     ∞     ∞     ∞     ∞     ∞     ∞     ∞     ∞     ∞     ∞
[2026-05-23 18:10:29.555] [debug] [New state 2]   x6        8       8       8       8       8       8       0       8       8       8       8       8       8       8       8       8       8       8       8       8       8       8       8       8       8       8       8       8       8       8       8       8       8       8
[2026-05-23 18:10:29.555] [debug] [New state 2]   x7      ∞     ∞     ∞     ∞     ∞     ∞     ∞       0     ∞     ∞     ∞     ∞     ∞     ∞     ∞     ∞     ∞     ∞     ∞     ∞     ∞     ∞     ∞     ∞     ∞     ∞     ∞     ∞     ∞     ∞     ∞     ∞     ∞     ∞
[2026-05-23 18:10:29.555] [debug] [New state 2]   x8      ∞     ∞     ∞     ∞     ∞     ∞     ∞     ∞       0     ∞     ∞     ∞     ∞     ∞     ∞     ∞     ∞     ∞     ∞     ∞     ∞     ∞     ∞     ∞     ∞     ∞     ∞     ∞     ∞     ∞     ∞     ∞     ∞     ∞
[2026-05-23 18:10:29.555] [debug] [New state 2]   x9      ∞     ∞     ∞     ∞     ∞     ∞     ∞     ∞     ∞       0     ∞     ∞     ∞     ∞     ∞     ∞     ∞     ∞     ∞     ∞     ∞     ∞     ∞     ∞     ∞     ∞     ∞     ∞     ∞     ∞     ∞     ∞     ∞     ∞
[2026-05-23 18:10:29.555] [debug] [New state 2]   x10      ∞     ∞     ∞     ∞     ∞     ∞     ∞     ∞     ∞     ∞       0     ∞     ∞     ∞     ∞     ∞     ∞     ∞     ∞     ∞     ∞     ∞     ∞     ∞     ∞     ∞     ∞     ∞     ∞     ∞     ∞     ∞     ∞     ∞
[2026-05-23 18:10:29.555] [debug] [New state 2]   x11      ∞     ∞     ∞     ∞     ∞     ∞     ∞     ∞     ∞     ∞     ∞       0     ∞     ∞     ∞     ∞     ∞     ∞     ∞     ∞     ∞     ∞     ∞     ∞     ∞     ∞     ∞     ∞     ∞     ∞     ∞     ∞     ∞     ∞
[2026-05-23 18:10:29.555] [debug] [New state 2]   x12      ∞     ∞     ∞     ∞     ∞     ∞     ∞     ∞     ∞     ∞     ∞     ∞       0     ∞     ∞     ∞     ∞     ∞     ∞     ∞     ∞     ∞     ∞     ∞     ∞     ∞     ∞     ∞     ∞     ∞     ∞     ∞     ∞     ∞
[2026-05-23 18:10:29.555] [debug] [New state 2]   x13      ∞     ∞     ∞     ∞     ∞     ∞     ∞     ∞     ∞     ∞     ∞     ∞     ∞       0     ∞     ∞     ∞     ∞     ∞     ∞     ∞     ∞     ∞     ∞     ∞     ∞     ∞     ∞     ∞     ∞     ∞     ∞     ∞     ∞
[2026-05-23 18:10:29.555] [debug] [New state 2]   x14      ∞     ∞     ∞     ∞     ∞     ∞     ∞     ∞     ∞     ∞     ∞     ∞     ∞     ∞       0     ∞     ∞     ∞     ∞     ∞     ∞     ∞     ∞     ∞     ∞     ∞     ∞     ∞     ∞     ∞     ∞     ∞     ∞     ∞
[2026-05-23 18:10:29.555] [debug] [New state 2]   x15      ∞     ∞     ∞     ∞     ∞     ∞     ∞     ∞     ∞     ∞     ∞     ∞     ∞     ∞     ∞       0     ∞     ∞     ∞     ∞     ∞     ∞     ∞     ∞     ∞     ∞     ∞     ∞     ∞     ∞     ∞     ∞     ∞     ∞
[2026-05-23 18:10:29.555] [debug] [New state 2]   x16      ∞     ∞     ∞     ∞     ∞     ∞     ∞     ∞     ∞     ∞     ∞     ∞     ∞     ∞     ∞     ∞       0     ∞     ∞     ∞     ∞     ∞     ∞     ∞     ∞     ∞     ∞     ∞     ∞     ∞     ∞     ∞     ∞     ∞
[2026-05-23 18:10:29.555] [debug] [New state 2]   x17      ∞     ∞     ∞     ∞     ∞     ∞     ∞     ∞     ∞     ∞     ∞     ∞     ∞     ∞     ∞     ∞     ∞       0     ∞     ∞     ∞     ∞     ∞     ∞     ∞     ∞     ∞     ∞     ∞     ∞     ∞     ∞     ∞     ∞
[2026-05-23 18:10:29.555] [debug] [New state 2]   x18      ∞     ∞     ∞     ∞     ∞     ∞     ∞     ∞     ∞     ∞     ∞     ∞     ∞     ∞     ∞     ∞     ∞     ∞       0     ∞     ∞     ∞     ∞     ∞     ∞     ∞     ∞     ∞     ∞     ∞     ∞     ∞     ∞     ∞
[2026-05-23 18:10:29.555] [debug] [New state 2]   x19      ∞     ∞     ∞     ∞     ∞     ∞     ∞     ∞     ∞     ∞     ∞     ∞     ∞     ∞     ∞     ∞     ∞     ∞     ∞       0     ∞     ∞     ∞     ∞     ∞     ∞     ∞     ∞     ∞     ∞     ∞     ∞     ∞     ∞
[2026-05-23 18:10:29.555] [debug] [New state 2]   x20      ∞     ∞     ∞     ∞     ∞     ∞     ∞     ∞     ∞     ∞     ∞     ∞     ∞     ∞     ∞     ∞     ∞     ∞     ∞     ∞       0     ∞     ∞     ∞     ∞     ∞     ∞     ∞     ∞     ∞     ∞     ∞     ∞     ∞
[2026-05-23 18:10:29.555] [debug] [New state 2]   x21      ∞     ∞     ∞     ∞     ∞     ∞     ∞     ∞     ∞     ∞     ∞     ∞     ∞     ∞     ∞     ∞     ∞     ∞     ∞     ∞     ∞       0     ∞     ∞     ∞     ∞     ∞     ∞     ∞     ∞     ∞     ∞     ∞     ∞
[2026-05-23 18:10:29.555] [debug] [New state 2]   x22      ∞     ∞     ∞     ∞     ∞     ∞     ∞     ∞     ∞     ∞     ∞     ∞     ∞     ∞     ∞     ∞     ∞     ∞     ∞     ∞     ∞     ∞       0     ∞     ∞     ∞     ∞     ∞     ∞     ∞     ∞     ∞     ∞     ∞
[2026-05-23 18:10:29.555] [debug] [New state 2]   x23      ∞     ∞     ∞     ∞     ∞     ∞     ∞     ∞     ∞     ∞     ∞     ∞     ∞     ∞     ∞     ∞     ∞     ∞     ∞     ∞     ∞     ∞     ∞       0     ∞     ∞     ∞     ∞     ∞     ∞     ∞     ∞     ∞     ∞
[2026-05-23 18:10:29.555] [debug] [New state 2]   x24      ∞     ∞     ∞     ∞     ∞     ∞     ∞     ∞     ∞     ∞     ∞     ∞     ∞     ∞     ∞     ∞     ∞     ∞     ∞     ∞     ∞     ∞     ∞     ∞       0     ∞     ∞     ∞     ∞     ∞     ∞     ∞     ∞     ∞
[2026-05-23 18:10:29.555] [debug] [New state 2]   x25      ∞     ∞     ∞     ∞     ∞     ∞     ∞     ∞     ∞     ∞     ∞     ∞     ∞     ∞     ∞     ∞     ∞     ∞     ∞     ∞     ∞     ∞     ∞     ∞     ∞       0     ∞     ∞     ∞     ∞     ∞     ∞     ∞     ∞
[2026-05-23 18:10:29.555] [debug] [New state 2]   x26      ∞     ∞     ∞     ∞     ∞     ∞     ∞     ∞     ∞     ∞     ∞     ∞     ∞     ∞     ∞     ∞     ∞     ∞     ∞     ∞     ∞     ∞     ∞     ∞     ∞     ∞       0     ∞     ∞     ∞     ∞     ∞     ∞     ∞
[2026-05-23 18:10:29.555] [debug] [New state 2]   x27      ∞     ∞     ∞     ∞     ∞     ∞     ∞     ∞     ∞     ∞     ∞     ∞     ∞     ∞     ∞     ∞     ∞     ∞     ∞     ∞     ∞     ∞     ∞     ∞     ∞     ∞     ∞       0     ∞     ∞     ∞     ∞     ∞     ∞
[2026-05-23 18:10:29.555] [debug] [New state 2]   x28      ∞     ∞     ∞     ∞     ∞     ∞     ∞     ∞     ∞     ∞     ∞     ∞     ∞     ∞     ∞     ∞     ∞     ∞     ∞     ∞     ∞     ∞     ∞     ∞     ∞     ∞     ∞     ∞       0     ∞     ∞     ∞     ∞     ∞
[2026-05-23 18:10:29.555] [debug] [New state 2]   x29      ∞     ∞     ∞     ∞     ∞     ∞     ∞     ∞     ∞     ∞     ∞     ∞     ∞     ∞     ∞     ∞     ∞     ∞     ∞     ∞     ∞     ∞     ∞     ∞     ∞     ∞     ∞     ∞     ∞       0     ∞     ∞     ∞     ∞
[2026-05-23 18:10:29.555] [debug] [New state 2]   x30      ∞     ∞     ∞     ∞     ∞     ∞     ∞     ∞     ∞     ∞     ∞     ∞     ∞     ∞     ∞     ∞     ∞     ∞     ∞     ∞     ∞     ∞     ∞     ∞     ∞     ∞     ∞     ∞     ∞     ∞       0     ∞     ∞     ∞
[2026-05-23 18:10:29.555] [debug] [New state 2]   x31      ∞     ∞     ∞     ∞     ∞     ∞     ∞     ∞     ∞     ∞     ∞     ∞     ∞     ∞     ∞     ∞     ∞     ∞     ∞     ∞     ∞     ∞     ∞     ∞     ∞     ∞     ∞     ∞     ∞     ∞     ∞       0     ∞     ∞
[2026-05-23 18:10:29.555] [debug] [New state 2]   x32      ∞     ∞     ∞     ∞     ∞     ∞     ∞     ∞     ∞     ∞     ∞     ∞     ∞     ∞     ∞     ∞     ∞     ∞     ∞     ∞     ∞     ∞     ∞     ∞     ∞     ∞     ∞     ∞     ∞     ∞     ∞     ∞       0     ∞
[2026-05-23 18:10:29.555] [debug] [New state 2]   x33      ∞     ∞     ∞     ∞     ∞     ∞     ∞     ∞     ∞     ∞     ∞     ∞     ∞     ∞     ∞     ∞     ∞     ∞     ∞     ∞     ∞     ∞     ∞     ∞     ∞     ∞     ∞     ∞     ∞     ∞     ∞     ∞     ∞       0
[2026-05-23 18:10:29.555] [debug] [New state 2] ==========================================
[2026-05-23 18:10:29.555] [debug] [STATE] State 1 --T6@0--> candidate
[2026-05-23 18:10:29.555] [debug] [STATE]   [New] Add state 3 to graph and frontier
[2026-05-23 18:10:29.555] [debug] [New state 3] ========== State Class Details: ID=3 ==========
[2026-05-23 18:10:29.555] [debug] [New state 3] Places: [P0(Fentry)=0, P1(Fready)=0, P2(Fexit)=0, P3(Eentry)=0, P4(Eready)=0, P5(Eexit)=0, P6(Aentry)=1, P7(Aready)=0, P8(Aexit)=0, P9(Dentry)=0, P10(Dready)=1, P11(Dexit)=0, P12(Centry)=0, P13(Cready)=0, P14(Cexit)=0, P15(Bentry)=0, P16(Bready)=0, P17(Bexit)=0, P18(A_cfg_random)=1, P19(D_cfg_random)=1, P20(E_suspended_C_0)=0, P21(D_suspended_C_1)=0, P22(D_suspended_E_2)=0, P23(A_suspended_B_3)=0, P24(F_suspended_B_4)=0, P25(F_suspended_A_5)=0, P26(core0)=1, P27(core1)=0]
[2026-05-23 18:10:29.555] [debug] [New state 3] Enabled: T4(Aget_core, priority=97, core=0), T7(Dexec, priority=97, core=1, suspendable), T17(A_cfg_fire, priority=2147483647, core=-1), T18(D_cfg_fire, priority=2147483647, core=-1)
[2026-05-23 18:10:29.555] [debug] [New state 3] Cumulative time: 0
[2026-05-23 18:10:29.555] [debug] [New state 3] Z1 (non-suspendable):
[2026-05-23 18:10:29.555] [debug] [New state 3]   DBM(size=34):
[2026-05-23 18:10:29.555] [debug] [New state 3]             x0       x1       x2       x3       x4       x5       x6       x7       x8       x9       x10       x11       x12       x13       x14       x15       x16       x17       x18       x19       x20       x21       x22       x23       x24       x25       x26       x27       x28       x29       x30       x31       x32       x33
[2026-05-23 18:10:29.555] [debug] [New state 3]   x0        0       0       0       0       0       0       0       0       0       0       0       0       0       0       0       0       0       0    -100     -50       0       0       0       0       0       0       0       0       0       0       0       0       0       0
[2026-05-23 18:10:29.555] [debug] [New state 3]   x1      ∞       0     ∞     ∞     ∞     ∞     ∞     ∞     ∞     ∞     ∞     ∞     ∞     ∞     ∞     ∞     ∞     ∞     ∞     ∞     ∞     ∞     ∞     ∞     ∞     ∞     ∞     ∞     ∞     ∞     ∞     ∞     ∞     ∞
[2026-05-23 18:10:29.555] [debug] [New state 3]   x2      ∞     ∞       0     ∞     ∞     ∞     ∞     ∞     ∞     ∞     ∞     ∞     ∞     ∞     ∞     ∞     ∞     ∞     ∞     ∞     ∞     ∞     ∞     ∞     ∞     ∞     ∞     ∞     ∞     ∞     ∞     ∞     ∞     ∞
[2026-05-23 18:10:29.555] [debug] [New state 3]   x3      ∞     ∞     ∞       0     ∞     ∞     ∞     ∞     ∞     ∞     ∞     ∞     ∞     ∞     ∞     ∞     ∞     ∞     ∞     ∞     ∞     ∞     ∞     ∞     ∞     ∞     ∞     ∞     ∞     ∞     ∞     ∞     ∞     ∞
[2026-05-23 18:10:29.555] [debug] [New state 3]   x4      ∞     ∞     ∞     ∞       0     ∞     ∞     ∞     ∞     ∞     ∞     ∞     ∞     ∞     ∞     ∞     ∞     ∞     ∞     ∞     ∞     ∞     ∞     ∞     ∞     ∞     ∞     ∞     ∞     ∞     ∞     ∞     ∞     ∞
[2026-05-23 18:10:29.555] [debug] [New state 3]   x5        0       0       0       0       0       0       0       0       0       0       0       0       0       0       0       0       0       0    -100     -50       0       0       0       0       0       0       0       0       0       0       0       0       0       0
[2026-05-23 18:10:29.555] [debug] [New state 3]   x6      ∞     ∞     ∞     ∞     ∞     ∞       0     ∞     ∞     ∞     ∞     ∞     ∞     ∞     ∞     ∞     ∞     ∞     ∞     ∞     ∞     ∞     ∞     ∞     ∞     ∞     ∞     ∞     ∞     ∞     ∞     ∞     ∞     ∞
[2026-05-23 18:10:29.555] [debug] [New state 3]   x7      ∞     ∞     ∞     ∞     ∞     ∞     ∞       0     ∞     ∞     ∞     ∞     ∞     ∞     ∞     ∞     ∞     ∞     ∞     ∞     ∞     ∞     ∞     ∞     ∞     ∞     ∞     ∞     ∞     ∞     ∞     ∞     ∞     ∞
[2026-05-23 18:10:29.555] [debug] [New state 3]   x8      ∞     ∞     ∞     ∞     ∞     ∞     ∞     ∞       0     ∞     ∞     ∞     ∞     ∞     ∞     ∞     ∞     ∞     ∞     ∞     ∞     ∞     ∞     ∞     ∞     ∞     ∞     ∞     ∞     ∞     ∞     ∞     ∞     ∞
[2026-05-23 18:10:29.555] [debug] [New state 3]   x9      ∞     ∞     ∞     ∞     ∞     ∞     ∞     ∞     ∞       0     ∞     ∞     ∞     ∞     ∞     ∞     ∞     ∞     ∞     ∞     ∞     ∞     ∞     ∞     ∞     ∞     ∞     ∞     ∞     ∞     ∞     ∞     ∞     ∞
[2026-05-23 18:10:29.555] [debug] [New state 3]   x10      ∞     ∞     ∞     ∞     ∞     ∞     ∞     ∞     ∞     ∞       0     ∞     ∞     ∞     ∞     ∞     ∞     ∞     ∞     ∞     ∞     ∞     ∞     ∞     ∞     ∞     ∞     ∞     ∞     ∞     ∞     ∞     ∞     ∞
[2026-05-23 18:10:29.555] [debug] [New state 3]   x11      ∞     ∞     ∞     ∞     ∞     ∞     ∞     ∞     ∞     ∞     ∞       0     ∞     ∞     ∞     ∞     ∞     ∞     ∞     ∞     ∞     ∞     ∞     ∞     ∞     ∞     ∞     ∞     ∞     ∞     ∞     ∞     ∞     ∞
[2026-05-23 18:10:29.555] [debug] [New state 3]   x12      ∞     ∞     ∞     ∞     ∞     ∞     ∞     ∞     ∞     ∞     ∞     ∞       0     ∞     ∞     ∞     ∞     ∞     ∞     ∞     ∞     ∞     ∞     ∞     ∞     ∞     ∞     ∞     ∞     ∞     ∞     ∞     ∞     ∞
[2026-05-23 18:10:29.555] [debug] [New state 3]   x13      ∞     ∞     ∞     ∞     ∞     ∞     ∞     ∞     ∞     ∞     ∞     ∞     ∞       0     ∞     ∞     ∞     ∞     ∞     ∞     ∞     ∞     ∞     ∞     ∞     ∞     ∞     ∞     ∞     ∞     ∞     ∞     ∞     ∞
[2026-05-23 18:10:29.555] [debug] [New state 3]   x14      ∞     ∞     ∞     ∞     ∞     ∞     ∞     ∞     ∞     ∞     ∞     ∞     ∞     ∞       0     ∞     ∞     ∞     ∞     ∞     ∞     ∞     ∞     ∞     ∞     ∞     ∞     ∞     ∞     ∞     ∞     ∞     ∞     ∞
[2026-05-23 18:10:29.555] [debug] [New state 3]   x15      ∞     ∞     ∞     ∞     ∞     ∞     ∞     ∞     ∞     ∞     ∞     ∞     ∞     ∞     ∞       0     ∞     ∞     ∞     ∞     ∞     ∞     ∞     ∞     ∞     ∞     ∞     ∞     ∞     ∞     ∞     ∞     ∞     ∞
[2026-05-23 18:10:29.555] [debug] [New state 3]   x16      ∞     ∞     ∞     ∞     ∞     ∞     ∞     ∞     ∞     ∞     ∞     ∞     ∞     ∞     ∞     ∞       0     ∞     ∞     ∞     ∞     ∞     ∞     ∞     ∞     ∞     ∞     ∞     ∞     ∞     ∞     ∞     ∞     ∞
[2026-05-23 18:10:29.555] [debug] [New state 3]   x17      ∞     ∞     ∞     ∞     ∞     ∞     ∞     ∞     ∞     ∞     ∞     ∞     ∞     ∞     ∞     ∞     ∞       0     ∞     ∞     ∞     ∞     ∞     ∞     ∞     ∞     ∞     ∞     ∞     ∞     ∞     ∞     ∞     ∞
[2026-05-23 18:10:29.555] [debug] [New state 3]   x18      100     100     100     100     100     100     100     100     100     100     100     100     100     100     100     100     100     100       0      50     100     100     100     100     100     100     100     100     100     100     100     100     100     100
[2026-05-23 18:10:29.555] [debug] [New state 3]   x19       50      50      50      50      50      50      50      50      50      50      50      50      50      50      50      50      50      50     -50       0      50      50      50      50      50      50      50      50      50      50      50      50      50      50
[2026-05-23 18:10:29.555] [debug] [New state 3]   x20      ∞     ∞     ∞     ∞     ∞     ∞     ∞     ∞     ∞     ∞     ∞     ∞     ∞     ∞     ∞     ∞     ∞     ∞     ∞     ∞       0     ∞     ∞     ∞     ∞     ∞     ∞     ∞     ∞     ∞     ∞     ∞     ∞     ∞
[2026-05-23 18:10:29.555] [debug] [New state 3]   x21      ∞     ∞     ∞     ∞     ∞     ∞     ∞     ∞     ∞     ∞     ∞     ∞     ∞     ∞     ∞     ∞     ∞     ∞     ∞     ∞     ∞       0     ∞     ∞     ∞     ∞     ∞     ∞     ∞     ∞     ∞     ∞     ∞     ∞
[2026-05-23 18:10:29.555] [debug] [New state 3]   x22      ∞     ∞     ∞     ∞     ∞     ∞     ∞     ∞     ∞     ∞     ∞     ∞     ∞     ∞     ∞     ∞     ∞     ∞     ∞     ∞     ∞     ∞       0     ∞     ∞     ∞     ∞     ∞     ∞     ∞     ∞     ∞     ∞     ∞
[2026-05-23 18:10:29.555] [debug] [New state 3]   x23      ∞     ∞     ∞     ∞     ∞     ∞     ∞     ∞     ∞     ∞     ∞     ∞     ∞     ∞     ∞     ∞     ∞     ∞     ∞     ∞     ∞     ∞     ∞       0     ∞     ∞     ∞     ∞     ∞     ∞     ∞     ∞     ∞     ∞
[2026-05-23 18:10:29.555] [debug] [New state 3]   x24      ∞     ∞     ∞     ∞     ∞     ∞     ∞     ∞     ∞     ∞     ∞     ∞     ∞     ∞     ∞     ∞     ∞     ∞     ∞     ∞     ∞     ∞     ∞     ∞       0     ∞     ∞     ∞     ∞     ∞     ∞     ∞     ∞     ∞
[2026-05-23 18:10:29.555] [debug] [New state 3]   x25      ∞     ∞     ∞     ∞     ∞     ∞     ∞     ∞     ∞     ∞     ∞     ∞     ∞     ∞     ∞     ∞     ∞     ∞     ∞     ∞     ∞     ∞     ∞     ∞     ∞       0     ∞     ∞     ∞     ∞     ∞     ∞     ∞     ∞
[2026-05-23 18:10:29.555] [debug] [New state 3]   x26      ∞     ∞     ∞     ∞     ∞     ∞     ∞     ∞     ∞     ∞     ∞     ∞     ∞     ∞     ∞     ∞     ∞     ∞     ∞     ∞     ∞     ∞     ∞     ∞     ∞     ∞       0     ∞     ∞     ∞     ∞     ∞     ∞     ∞
[2026-05-23 18:10:29.555] [debug] [New state 3]   x27      ∞     ∞     ∞     ∞     ∞     ∞     ∞     ∞     ∞     ∞     ∞     ∞     ∞     ∞     ∞     ∞     ∞     ∞     ∞     ∞     ∞     ∞     ∞     ∞     ∞     ∞     ∞       0     ∞     ∞     ∞     ∞     ∞     ∞
[2026-05-23 18:10:29.555] [debug] [New state 3]   x28      ∞     ∞     ∞     ∞     ∞     ∞     ∞     ∞     ∞     ∞     ∞     ∞     ∞     ∞     ∞     ∞     ∞     ∞     ∞     ∞     ∞     ∞     ∞     ∞     ∞     ∞     ∞     ∞       0     ∞     ∞     ∞     ∞     ∞
[2026-05-23 18:10:29.555] [debug] [New state 3]   x29      ∞     ∞     ∞     ∞     ∞     ∞     ∞     ∞     ∞     ∞     ∞     ∞     ∞     ∞     ∞     ∞     ∞     ∞     ∞     ∞     ∞     ∞     ∞     ∞     ∞     ∞     ∞     ∞     ∞       0     ∞     ∞     ∞     ∞
[2026-05-23 18:10:29.555] [debug] [New state 3]   x30      ∞     ∞     ∞     ∞     ∞     ∞     ∞     ∞     ∞     ∞     ∞     ∞     ∞     ∞     ∞     ∞     ∞     ∞     ∞     ∞     ∞     ∞     ∞     ∞     ∞     ∞     ∞     ∞     ∞     ∞       0     ∞     ∞     ∞
[2026-05-23 18:10:29.555] [debug] [New state 3]   x31      ∞     ∞     ∞     ∞     ∞     ∞     ∞     ∞     ∞     ∞     ∞     ∞     ∞     ∞     ∞     ∞     ∞     ∞     ∞     ∞     ∞     ∞     ∞     ∞     ∞     ∞     ∞     ∞     ∞     ∞     ∞       0     ∞     ∞
[2026-05-23 18:10:29.555] [debug] [New state 3]   x32      ∞     ∞     ∞     ∞     ∞     ∞     ∞     ∞     ∞     ∞     ∞     ∞     ∞     ∞     ∞     ∞     ∞     ∞     ∞     ∞     ∞     ∞     ∞     ∞     ∞     ∞     ∞     ∞     ∞     ∞     ∞     ∞       0     ∞
[2026-05-23 18:10:29.555] [debug] [New state 3]   x33      ∞     ∞     ∞     ∞     ∞     ∞     ∞     ∞     ∞     ∞     ∞     ∞     ∞     ∞     ∞     ∞     ∞     ∞     ∞     ∞     ∞     ∞     ∞     ∞     ∞     ∞     ∞     ∞     ∞     ∞     ∞     ∞     ∞       0
[2026-05-23 18:10:29.555] [debug] [New state 3] Z2 (suspendable):
[2026-05-23 18:10:29.555] [debug] [New state 3]   DBM(size=34):
[2026-05-23 18:10:29.555] [debug] [New state 3]             x0       x1       x2       x3       x4       x5       x6       x7       x8       x9       x10       x11       x12       x13       x14       x15       x16       x17       x18       x19       x20       x21       x22       x23       x24       x25       x26       x27       x28       x29       x30       x31       x32       x33
[2026-05-23 18:10:29.555] [debug] [New state 3]   x0        0       0       0       0       0       0       0       0      -8       0       0       0       0       0       0       0       0       0       0       0       0       0       0       0       0       0       0       0       0       0       0       0       0       0
[2026-05-23 18:10:29.555] [debug] [New state 3]   x1      ∞       0     ∞     ∞     ∞     ∞     ∞     ∞     ∞     ∞     ∞     ∞     ∞     ∞     ∞     ∞     ∞     ∞     ∞     ∞     ∞     ∞     ∞     ∞     ∞     ∞     ∞     ∞     ∞     ∞     ∞     ∞     ∞     ∞
[2026-05-23 18:10:29.555] [debug] [New state 3]   x2      ∞     ∞       0     ∞     ∞     ∞     ∞     ∞     ∞     ∞     ∞     ∞     ∞     ∞     ∞     ∞     ∞     ∞     ∞     ∞     ∞     ∞     ∞     ∞     ∞     ∞     ∞     ∞     ∞     ∞     ∞     ∞     ∞     ∞
[2026-05-23 18:10:29.555] [debug] [New state 3]   x3      ∞     ∞     ∞       0     ∞     ∞     ∞     ∞     ∞     ∞     ∞     ∞     ∞     ∞     ∞     ∞     ∞     ∞     ∞     ∞     ∞     ∞     ∞     ∞     ∞     ∞     ∞     ∞     ∞     ∞     ∞     ∞     ∞     ∞
[2026-05-23 18:10:29.555] [debug] [New state 3]   x4      ∞     ∞     ∞     ∞       0     ∞     ∞     ∞     ∞     ∞     ∞     ∞     ∞     ∞     ∞     ∞     ∞     ∞     ∞     ∞     ∞     ∞     ∞     ∞     ∞     ∞     ∞     ∞     ∞     ∞     ∞     ∞     ∞     ∞
[2026-05-23 18:10:29.555] [debug] [New state 3]   x5      ∞     ∞     ∞     ∞     ∞       0     ∞     ∞     ∞     ∞     ∞     ∞     ∞     ∞     ∞     ∞     ∞     ∞     ∞     ∞     ∞     ∞     ∞     ∞     ∞     ∞     ∞     ∞     ∞     ∞     ∞     ∞     ∞     ∞
[2026-05-23 18:10:29.555] [debug] [New state 3]   x6      ∞     ∞     ∞     ∞     ∞     ∞       0     ∞     ∞     ∞     ∞     ∞     ∞     ∞     ∞     ∞     ∞     ∞     ∞     ∞     ∞     ∞     ∞     ∞     ∞     ∞     ∞     ∞     ∞     ∞     ∞     ∞     ∞     ∞
[2026-05-23 18:10:29.555] [debug] [New state 3]   x7      ∞     ∞     ∞     ∞     ∞     ∞     ∞       0     ∞     ∞     ∞     ∞     ∞     ∞     ∞     ∞     ∞     ∞     ∞     ∞     ∞     ∞     ∞     ∞     ∞     ∞     ∞     ∞     ∞     ∞     ∞     ∞     ∞     ∞
[2026-05-23 18:10:29.555] [debug] [New state 3]   x8        8       8       8       8       8       8       8       8       0       8       8       8       8       8       8       8       8       8       8       8       8       8       8       8       8       8       8       8       8       8       8       8       8       8
[2026-05-23 18:10:29.555] [debug] [New state 3]   x9      ∞     ∞     ∞     ∞     ∞     ∞     ∞     ∞     ∞       0     ∞     ∞     ∞     ∞     ∞     ∞     ∞     ∞     ∞     ∞     ∞     ∞     ∞     ∞     ∞     ∞     ∞     ∞     ∞     ∞     ∞     ∞     ∞     ∞
[2026-05-23 18:10:29.555] [debug] [New state 3]   x10      ∞     ∞     ∞     ∞     ∞     ∞     ∞     ∞     ∞     ∞       0     ∞     ∞     ∞     ∞     ∞     ∞     ∞     ∞     ∞     ∞     ∞     ∞     ∞     ∞     ∞     ∞     ∞     ∞     ∞     ∞     ∞     ∞     ∞
[2026-05-23 18:10:29.555] [debug] [New state 3]   x11      ∞     ∞     ∞     ∞     ∞     ∞     ∞     ∞     ∞     ∞     ∞       0     ∞     ∞     ∞     ∞     ∞     ∞     ∞     ∞     ∞     ∞     ∞     ∞     ∞     ∞     ∞     ∞     ∞     ∞     ∞     ∞     ∞     ∞
[2026-05-23 18:10:29.555] [debug] [New state 3]   x12      ∞     ∞     ∞     ∞     ∞     ∞     ∞     ∞     ∞     ∞     ∞     ∞       0     ∞     ∞     ∞     ∞     ∞     ∞     ∞     ∞     ∞     ∞     ∞     ∞     ∞     ∞     ∞     ∞     ∞     ∞     ∞     ∞     ∞
[2026-05-23 18:10:29.555] [debug] [New state 3]   x13      ∞     ∞     ∞     ∞     ∞     ∞     ∞     ∞     ∞     ∞     ∞     ∞     ∞       0     ∞     ∞     ∞     ∞     ∞     ∞     ∞     ∞     ∞     ∞     ∞     ∞     ∞     ∞     ∞     ∞     ∞     ∞     ∞     ∞
[2026-05-23 18:10:29.555] [debug] [New state 3]   x14      ∞     ∞     ∞     ∞     ∞     ∞     ∞     ∞     ∞     ∞     ∞     ∞     ∞     ∞       0     ∞     ∞     ∞     ∞     ∞     ∞     ∞     ∞     ∞     ∞     ∞     ∞     ∞     ∞     ∞     ∞     ∞     ∞     ∞
[2026-05-23 18:10:29.555] [debug] [New state 3]   x15      ∞     ∞     ∞     ∞     ∞     ∞     ∞     ∞     ∞     ∞     ∞     ∞     ∞     ∞     ∞       0     ∞     ∞     ∞     ∞     ∞     ∞     ∞     ∞     ∞     ∞     ∞     ∞     ∞     ∞     ∞     ∞     ∞     ∞
[2026-05-23 18:10:29.555] [debug] [New state 3]   x16      ∞     ∞     ∞     ∞     ∞     ∞     ∞     ∞     ∞     ∞     ∞     ∞     ∞     ∞     ∞     ∞       0     ∞     ∞     ∞     ∞     ∞     ∞     ∞     ∞     ∞     ∞     ∞     ∞     ∞     ∞     ∞     ∞     ∞
[2026-05-23 18:10:29.556] [debug] [New state 3]   x17      ∞     ∞     ∞     ∞     ∞     ∞     ∞     ∞     ∞     ∞     ∞     ∞     ∞     ∞     ∞     ∞     ∞       0     ∞     ∞     ∞     ∞     ∞     ∞     ∞     ∞     ∞     ∞     ∞     ∞     ∞     ∞     ∞     ∞
[2026-05-23 18:10:29.556] [debug] [New state 3]   x18      ∞     ∞     ∞     ∞     ∞     ∞     ∞     ∞     ∞     ∞     ∞     ∞     ∞     ∞     ∞     ∞     ∞     ∞       0     ∞     ∞     ∞     ∞     ∞     ∞     ∞     ∞     ∞     ∞     ∞     ∞     ∞     ∞     ∞
[2026-05-23 18:10:29.556] [debug] [New state 3]   x19      ∞     ∞     ∞     ∞     ∞     ∞     ∞     ∞     ∞     ∞     ∞     ∞     ∞     ∞     ∞     ∞     ∞     ∞     ∞       0     ∞     ∞     ∞     ∞     ∞     ∞     ∞     ∞     ∞     ∞     ∞     ∞     ∞     ∞
[2026-05-23 18:10:29.556] [debug] [New state 3]   x20      ∞     ∞     ∞     ∞     ∞     ∞     ∞     ∞     ∞     ∞     ∞     ∞     ∞     ∞     ∞     ∞     ∞     ∞     ∞     ∞       0     ∞     ∞     ∞     ∞     ∞     ∞     ∞     ∞     ∞     ∞     ∞     ∞     ∞
[2026-05-23 18:10:29.556] [debug] [New state 3]   x21      ∞     ∞     ∞     ∞     ∞     ∞     ∞     ∞     ∞     ∞     ∞     ∞     ∞     ∞     ∞     ∞     ∞     ∞     ∞     ∞     ∞       0     ∞     ∞     ∞     ∞     ∞     ∞     ∞     ∞     ∞     ∞     ∞     ∞
[2026-05-23 18:10:29.556] [debug] [New state 3]   x22      ∞     ∞     ∞     ∞     ∞     ∞     ∞     ∞     ∞     ∞     ∞     ∞     ∞     ∞     ∞     ∞     ∞     ∞     ∞     ∞     ∞     ∞       0     ∞     ∞     ∞     ∞     ∞     ∞     ∞     ∞     ∞     ∞     ∞
[2026-05-23 18:10:29.556] [debug] [New state 3]   x23      ∞     ∞     ∞     ∞     ∞     ∞     ∞     ∞     ∞     ∞     ∞     ∞     ∞     ∞     ∞     ∞     ∞     ∞     ∞     ∞     ∞     ∞     ∞       0     ∞     ∞     ∞     ∞     ∞     ∞     ∞     ∞     ∞     ∞
[2026-05-23 18:10:29.556] [debug] [New state 3]   x24      ∞     ∞     ∞     ∞     ∞     ∞     ∞     ∞     ∞     ∞     ∞     ∞     ∞     ∞     ∞     ∞     ∞     ∞     ∞     ∞     ∞     ∞     ∞     ∞       0     ∞     ∞     ∞     ∞     ∞     ∞     ∞     ∞     ∞
[2026-05-23 18:10:29.556] [debug] [New state 3]   x25      ∞     ∞     ∞     ∞     ∞     ∞     ∞     ∞     ∞     ∞     ∞     ∞     ∞     ∞     ∞     ∞     ∞     ∞     ∞     ∞     ∞     ∞     ∞     ∞     ∞       0     ∞     ∞     ∞     ∞     ∞     ∞     ∞     ∞
[2026-05-23 18:10:29.556] [debug] [New state 3]   x26      ∞     ∞     ∞     ∞     ∞     ∞     ∞     ∞     ∞     ∞     ∞     ∞     ∞     ∞     ∞     ∞     ∞     ∞     ∞     ∞     ∞     ∞     ∞     ∞     ∞     ∞       0     ∞     ∞     ∞     ∞     ∞     ∞     ∞
[2026-05-23 18:10:29.556] [debug] [New state 3]   x27      ∞     ∞     ∞     ∞     ∞     ∞     ∞     ∞     ∞     ∞     ∞     ∞     ∞     ∞     ∞     ∞     ∞     ∞     ∞     ∞     ∞     ∞     ∞     ∞     ∞     ∞     ∞       0     ∞     ∞     ∞     ∞     ∞     ∞
[2026-05-23 18:10:29.556] [debug] [New state 3]   x28      ∞     ∞     ∞     ∞     ∞     ∞     ∞     ∞     ∞     ∞     ∞     ∞     ∞     ∞     ∞     ∞     ∞     ∞     ∞     ∞     ∞     ∞     ∞     ∞     ∞     ∞     ∞     ∞       0     ∞     ∞     ∞     ∞     ∞
[2026-05-23 18:10:29.556] [debug] [New state 3]   x29      ∞     ∞     ∞     ∞     ∞     ∞     ∞     ∞     ∞     ∞     ∞     ∞     ∞     ∞     ∞     ∞     ∞     ∞     ∞     ∞     ∞     ∞     ∞     ∞     ∞     ∞     ∞     ∞     ∞       0     ∞     ∞     ∞     ∞
[2026-05-23 18:10:29.556] [debug] [New state 3]   x30      ∞     ∞     ∞     ∞     ∞     ∞     ∞     ∞     ∞     ∞     ∞     ∞     ∞     ∞     ∞     ∞     ∞     ∞     ∞     ∞     ∞     ∞     ∞     ∞     ∞     ∞     ∞     ∞     ∞     ∞       0     ∞     ∞     ∞
[2026-05-23 18:10:29.556] [debug] [New state 3]   x31      ∞     ∞     ∞     ∞     ∞     ∞     ∞     ∞     ∞     ∞     ∞     ∞     ∞     ∞     ∞     ∞     ∞     ∞     ∞     ∞     ∞     ∞     ∞     ∞     ∞     ∞     ∞     ∞     ∞     ∞     ∞       0     ∞     ∞
[2026-05-23 18:10:29.556] [debug] [New state 3]   x32      ∞     ∞     ∞     ∞     ∞     ∞     ∞     ∞     ∞     ∞     ∞     ∞     ∞     ∞     ∞     ∞     ∞     ∞     ∞     ∞     ∞     ∞     ∞     ∞     ∞     ∞     ∞     ∞     ∞     ∞     ∞     ∞       0     ∞
[2026-05-23 18:10:29.556] [debug] [New state 3]   x33      ∞     ∞     ∞     ∞     ∞     ∞     ∞     ∞     ∞     ∞     ∞     ∞     ∞     ∞     ∞     ∞     ∞     ∞     ∞     ∞     ∞     ∞     ∞     ∞     ∞     ∞     ∞     ∞     ∞     ∞     ∞     ∞     ∞       0
[2026-05-23 18:10:29.556] [debug] [New state 3] ==========================================
[2026-05-23 18:10:29.556] [debug] [STATE] State 1 --T17@100--> candidate
[2026-05-23 18:10:29.556] [debug] [STATE]   [New] Add state 4 to graph and frontier
[2026-05-23 18:10:29.556] [debug] [New state 4] ========== State Class Details: ID=4 ==========
[2026-05-23 18:10:29.556] [debug] [New state 4] Places: [P0(Fentry)=0, P1(Fready)=0, P2(Fexit)=0, P3(Eentry)=0, P4(Eready)=0, P5(Eexit)=0, P6(Aentry)=1, P7(Aready)=0, P8(Aexit)=0, P9(Dentry)=1, P10(Dready)=0, P11(Dexit)=0, P12(Centry)=0, P13(Cready)=0, P14(Cexit)=0, P15(Bentry)=0, P16(Bready)=0, P17(Bexit)=0, P18(A_cfg_random)=1, P19(D_cfg_random)=1, P20(E_suspended_C_0)=0, P21(D_suspended_C_1)=0, P22(D_suspended_E_2)=0, P23(A_suspended_B_3)=0, P24(F_suspended_B_4)=0, P25(F_suspended_A_5)=0, P26(core0)=1, P27(core1)=1]
[2026-05-23 18:10:29.556] [debug] [New state 4] Enabled: T4(Aget_core, priority=97, core=0), T6(Dget_core, priority=97, core=1), T17(A_cfg_fire, priority=2147483647, core=-1), T18(D_cfg_fire, priority=2147483647, core=-1)
[2026-05-23 18:10:29.556] [debug] [New state 4] Cumulative time: 100
[2026-05-23 18:10:29.556] [debug] [New state 4] Z1 (non-suspendable):
[2026-05-23 18:10:29.556] [debug] [New state 4]   DBM(size=34):
[2026-05-23 18:10:29.556] [debug] [New state 4]             x0       x1       x2       x3       x4       x5       x6       x7       x8       x9       x10       x11       x12       x13       x14       x15       x16       x17       x18       x19       x20       x21       x22       x23       x24       x25       x26       x27       x28       x29       x30       x31       x32       x33
[2026-05-23 18:10:29.556] [debug] [New state 4]   x0        0       0       0       0       0    -100       0    -100       0       0       0       0       0       0       0       0       0       0       0    -150       0       0       0       0       0       0       0       0       0       0       0       0       0       0
[2026-05-23 18:10:29.556] [debug] [New state 4]   x1      ∞       0     ∞     ∞     ∞     ∞     ∞     ∞     ∞     ∞     ∞     ∞     ∞     ∞     ∞     ∞     ∞     ∞     ∞     ∞     ∞     ∞     ∞     ∞     ∞     ∞     ∞     ∞     ∞     ∞     ∞     ∞     ∞     ∞
[2026-05-23 18:10:29.556] [debug] [New state 4]   x2      ∞     ∞       0     ∞     ∞     ∞     ∞     ∞     ∞     ∞     ∞     ∞     ∞     ∞     ∞     ∞     ∞     ∞     ∞     ∞     ∞     ∞     ∞     ∞     ∞     ∞     ∞     ∞     ∞     ∞     ∞     ∞     ∞     ∞
[2026-05-23 18:10:29.556] [debug] [New state 4]   x3      ∞     ∞     ∞       0     ∞     ∞     ∞     ∞     ∞     ∞     ∞     ∞     ∞     ∞     ∞     ∞     ∞     ∞     ∞     ∞     ∞     ∞     ∞     ∞     ∞     ∞     ∞     ∞     ∞     ∞     ∞     ∞     ∞     ∞
[2026-05-23 18:10:29.556] [debug] [New state 4]   x4      ∞     ∞     ∞     ∞       0     ∞     ∞     ∞     ∞     ∞     ∞     ∞     ∞     ∞     ∞     ∞     ∞     ∞     ∞     ∞     ∞     ∞     ∞     ∞     ∞     ∞     ∞     ∞     ∞     ∞     ∞     ∞     ∞     ∞
[2026-05-23 18:10:29.556] [debug] [New state 4]   x5      100     100     100     100     100       0     100       0     100     100     100     100     100     100     100     100     100     100     100     -50     100     100     100     100     100     100     100     100     100     100     100     100     100     100
[2026-05-23 18:10:29.556] [debug] [New state 4]   x6      ∞     ∞     ∞     ∞     ∞     ∞       0     ∞     ∞     ∞     ∞     ∞     ∞     ∞     ∞     ∞     ∞     ∞     ∞     ∞     ∞     ∞     ∞     ∞     ∞     ∞     ∞     ∞     ∞     ∞     ∞     ∞     ∞     ∞
[2026-05-23 18:10:29.556] [debug] [New state 4]   x7      100     100     100     100     100       0     100       0     100     100     100     100     100     100     100     100     100     100     100     -50     100     100     100     100     100     100     100     100     100     100     100     100     100     100
[2026-05-23 18:10:29.556] [debug] [New state 4]   x8      ∞     ∞     ∞     ∞     ∞     ∞     ∞     ∞       0     ∞     ∞     ∞     ∞     ∞     ∞     ∞     ∞     ∞     ∞     ∞     ∞     ∞     ∞     ∞     ∞     ∞     ∞     ∞     ∞     ∞     ∞     ∞     ∞     ∞
[2026-05-23 18:10:29.556] [debug] [New state 4]   x9      ∞     ∞     ∞     ∞     ∞     ∞     ∞     ∞     ∞       0     ∞     ∞     ∞     ∞     ∞     ∞     ∞     ∞     ∞     ∞     ∞     ∞     ∞     ∞     ∞     ∞     ∞     ∞     ∞     ∞     ∞     ∞     ∞     ∞
[2026-05-23 18:10:29.556] [debug] [New state 4]   x10      ∞     ∞     ∞     ∞     ∞     ∞     ∞     ∞     ∞     ∞       0     ∞     ∞     ∞     ∞     ∞     ∞     ∞     ∞     ∞     ∞     ∞     ∞     ∞     ∞     ∞     ∞     ∞     ∞     ∞     ∞     ∞     ∞     ∞
[2026-05-23 18:10:29.556] [debug] [New state 4]   x11      ∞     ∞     ∞     ∞     ∞     ∞     ∞     ∞     ∞     ∞     ∞       0     ∞     ∞     ∞     ∞     ∞     ∞     ∞     ∞     ∞     ∞     ∞     ∞     ∞     ∞     ∞     ∞     ∞     ∞     ∞     ∞     ∞     ∞
[2026-05-23 18:10:29.556] [debug] [New state 4]   x12      ∞     ∞     ∞     ∞     ∞     ∞     ∞     ∞     ∞     ∞     ∞     ∞       0     ∞     ∞     ∞     ∞     ∞     ∞     ∞     ∞     ∞     ∞     ∞     ∞     ∞     ∞     ∞     ∞     ∞     ∞     ∞     ∞     ∞
[2026-05-23 18:10:29.556] [debug] [New state 4]   x13      ∞     ∞     ∞     ∞     ∞     ∞     ∞     ∞     ∞     ∞     ∞     ∞     ∞       0     ∞     ∞     ∞     ∞     ∞     ∞     ∞     ∞     ∞     ∞     ∞     ∞     ∞     ∞     ∞     ∞     ∞     ∞     ∞     ∞
[2026-05-23 18:10:29.556] [debug] [New state 4]   x14      ∞     ∞     ∞     ∞     ∞     ∞     ∞     ∞     ∞     ∞     ∞     ∞     ∞     ∞       0     ∞     ∞     ∞     ∞     ∞     ∞     ∞     ∞     ∞     ∞     ∞     ∞     ∞     ∞     ∞     ∞     ∞     ∞     ∞
[2026-05-23 18:10:29.556] [debug] [New state 4]   x15      ∞     ∞     ∞     ∞     ∞     ∞     ∞     ∞     ∞     ∞     ∞     ∞     ∞     ∞     ∞       0     ∞     ∞     ∞     ∞     ∞     ∞     ∞     ∞     ∞     ∞     ∞     ∞     ∞     ∞     ∞     ∞     ∞     ∞
[2026-05-23 18:10:29.556] [debug] [New state 4]   x16      ∞     ∞     ∞     ∞     ∞     ∞     ∞     ∞     ∞     ∞     ∞     ∞     ∞     ∞     ∞     ∞       0     ∞     ∞     ∞     ∞     ∞     ∞     ∞     ∞     ∞     ∞     ∞     ∞     ∞     ∞     ∞     ∞     ∞
[2026-05-23 18:10:29.556] [debug] [New state 4]   x17      ∞     ∞     ∞     ∞     ∞     ∞     ∞     ∞     ∞     ∞     ∞     ∞     ∞     ∞     ∞     ∞     ∞       0     ∞     ∞     ∞     ∞     ∞     ∞     ∞     ∞     ∞     ∞     ∞     ∞     ∞     ∞     ∞     ∞
[2026-05-23 18:10:29.556] [debug] [New state 4]   x18        0       0       0       0       0    -100       0    -100       0       0       0       0       0       0       0       0       0       0       0    -150       0       0       0       0       0       0       0       0       0       0       0       0       0       0
[2026-05-23 18:10:29.556] [debug] [New state 4]   x19      150     150     150     150     150      50     150      50     150     150     150     150     150     150     150     150     150     150     150       0     150     150     150     150     150     150     150     150     150     150     150     150     150     150
[2026-05-23 18:10:29.556] [debug] [New state 4]   x20      ∞     ∞     ∞     ∞     ∞     ∞     ∞     ∞     ∞     ∞     ∞     ∞     ∞     ∞     ∞     ∞     ∞     ∞     ∞     ∞       0     ∞     ∞     ∞     ∞     ∞     ∞     ∞     ∞     ∞     ∞     ∞     ∞     ∞
[2026-05-23 18:10:29.556] [debug] [New state 4]   x21      ∞     ∞     ∞     ∞     ∞     ∞     ∞     ∞     ∞     ∞     ∞     ∞     ∞     ∞     ∞     ∞     ∞     ∞     ∞     ∞     ∞       0     ∞     ∞     ∞     ∞     ∞     ∞     ∞     ∞     ∞     ∞     ∞     ∞
[2026-05-23 18:10:29.556] [debug] [New state 4]   x22      ∞     ∞     ∞     ∞     ∞     ∞     ∞     ∞     ∞     ∞     ∞     ∞     ∞     ∞     ∞     ∞     ∞     ∞     ∞     ∞     ∞     ∞       0     ∞     ∞     ∞     ∞     ∞     ∞     ∞     ∞     ∞     ∞     ∞
[2026-05-23 18:10:29.556] [debug] [New state 4]   x23      ∞     ∞     ∞     ∞     ∞     ∞     ∞     ∞     ∞     ∞     ∞     ∞     ∞     ∞     ∞     ∞     ∞     ∞     ∞     ∞     ∞     ∞     ∞       0     ∞     ∞     ∞     ∞     ∞     ∞     ∞     ∞     ∞     ∞
[2026-05-23 18:10:29.556] [debug] [New state 4]   x24      ∞     ∞     ∞     ∞     ∞     ∞     ∞     ∞     ∞     ∞     ∞     ∞     ∞     ∞     ∞     ∞     ∞     ∞     ∞     ∞     ∞     ∞     ∞     ∞       0     ∞     ∞     ∞     ∞     ∞     ∞     ∞     ∞     ∞
[2026-05-23 18:10:29.556] [debug] [New state 4]   x25      ∞     ∞     ∞     ∞     ∞     ∞     ∞     ∞     ∞     ∞     ∞     ∞     ∞     ∞     ∞     ∞     ∞     ∞     ∞     ∞     ∞     ∞     ∞     ∞     ∞       0     ∞     ∞     ∞     ∞     ∞     ∞     ∞     ∞
[2026-05-23 18:10:29.556] [debug] [New state 4]   x26      ∞     ∞     ∞     ∞     ∞     ∞     ∞     ∞     ∞     ∞     ∞     ∞     ∞     ∞     ∞     ∞     ∞     ∞     ∞     ∞     ∞     ∞     ∞     ∞     ∞     ∞       0     ∞     ∞     ∞     ∞     ∞     ∞     ∞
[2026-05-23 18:10:29.556] [debug] [New state 4]   x27      ∞     ∞     ∞     ∞     ∞     ∞     ∞     ∞     ∞     ∞     ∞     ∞     ∞     ∞     ∞     ∞     ∞     ∞     ∞     ∞     ∞     ∞     ∞     ∞     ∞     ∞     ∞       0     ∞     ∞     ∞     ∞     ∞     ∞
[2026-05-23 18:10:29.556] [debug] [New state 4]   x28      ∞     ∞     ∞     ∞     ∞     ∞     ∞     ∞     ∞     ∞     ∞     ∞     ∞     ∞     ∞     ∞     ∞     ∞     ∞     ∞     ∞     ∞     ∞     ∞     ∞     ∞     ∞     ∞       0     ∞     ∞     ∞     ∞     ∞
[2026-05-23 18:10:29.556] [debug] [New state 4]   x29      ∞     ∞     ∞     ∞     ∞     ∞     ∞     ∞     ∞     ∞     ∞     ∞     ∞     ∞     ∞     ∞     ∞     ∞     ∞     ∞     ∞     ∞     ∞     ∞     ∞     ∞     ∞     ∞     ∞       0     ∞     ∞     ∞     ∞
[2026-05-23 18:10:29.556] [debug] [New state 4]   x30      ∞     ∞     ∞     ∞     ∞     ∞     ∞     ∞     ∞     ∞     ∞     ∞     ∞     ∞     ∞     ∞     ∞     ∞     ∞     ∞     ∞     ∞     ∞     ∞     ∞     ∞     ∞     ∞     ∞     ∞       0     ∞     ∞     ∞
[2026-05-23 18:10:29.556] [debug] [New state 4]   x31      ∞     ∞     ∞     ∞     ∞     ∞     ∞     ∞     ∞     ∞     ∞     ∞     ∞     ∞     ∞     ∞     ∞     ∞     ∞     ∞     ∞     ∞     ∞     ∞     ∞     ∞     ∞     ∞     ∞     ∞     ∞       0     ∞     ∞
[2026-05-23 18:10:29.556] [debug] [New state 4]   x32      ∞     ∞     ∞     ∞     ∞     ∞     ∞     ∞     ∞     ∞     ∞     ∞     ∞     ∞     ∞     ∞     ∞     ∞     ∞     ∞     ∞     ∞     ∞     ∞     ∞     ∞     ∞     ∞     ∞     ∞     ∞     ∞       0     ∞
[2026-05-23 18:10:29.556] [debug] [New state 4]   x33      ∞     ∞     ∞     ∞     ∞     ∞     ∞     ∞     ∞     ∞     ∞     ∞     ∞     ∞     ∞     ∞     ∞     ∞     ∞     ∞     ∞     ∞     ∞     ∞     ∞     ∞     ∞     ∞     ∞     ∞     ∞     ∞     ∞       0
[2026-05-23 18:10:29.556] [debug] [New state 4] Z2 (suspendable):
[2026-05-23 18:10:29.556] [debug] [New state 4]   DBM(size=34):
[2026-05-23 18:10:29.556] [debug] [New state 4]             x0       x1       x2       x3       x4       x5       x6       x7       x8       x9       x10       x11       x12       x13       x14       x15       x16       x17       x18       x19       x20       x21       x22       x23       x24       x25       x26       x27       x28       x29       x30       x31       x32       x33
[2026-05-23 18:10:29.556] [debug] [New state 4]   x0        0       0       0       0       0       0       0       0       0       0       0       0       0       0       0       0       0       0       0       0       0       0       0       0       0       0       0       0       0       0       0       0       0       0
[2026-05-23 18:10:29.556] [debug] [New state 4]   x1      ∞       0     ∞     ∞     ∞     ∞     ∞     ∞     ∞     ∞     ∞     ∞     ∞     ∞     ∞     ∞     ∞     ∞     ∞     ∞     ∞     ∞     ∞     ∞     ∞     ∞     ∞     ∞     ∞     ∞     ∞     ∞     ∞     ∞
[2026-05-23 18:10:29.556] [debug] [New state 4]   x2      ∞     ∞       0     ∞     ∞     ∞     ∞     ∞     ∞     ∞     ∞     ∞     ∞     ∞     ∞     ∞     ∞     ∞     ∞     ∞     ∞     ∞     ∞     ∞     ∞     ∞     ∞     ∞     ∞     ∞     ∞     ∞     ∞     ∞
[2026-05-23 18:10:29.556] [debug] [New state 4]   x3      ∞     ∞     ∞       0     ∞     ∞     ∞     ∞     ∞     ∞     ∞     ∞     ∞     ∞     ∞     ∞     ∞     ∞     ∞     ∞     ∞     ∞     ∞     ∞     ∞     ∞     ∞     ∞     ∞     ∞     ∞     ∞     ∞     ∞
[2026-05-23 18:10:29.556] [debug] [New state 4]   x4      ∞     ∞     ∞     ∞       0     ∞     ∞     ∞     ∞     ∞     ∞     ∞     ∞     ∞     ∞     ∞     ∞     ∞     ∞     ∞     ∞     ∞     ∞     ∞     ∞     ∞     ∞     ∞     ∞     ∞     ∞     ∞     ∞     ∞
[2026-05-23 18:10:29.556] [debug] [New state 4]   x5      ∞     ∞     ∞     ∞     ∞       0     ∞     ∞     ∞     ∞     ∞     ∞     ∞     ∞     ∞     ∞     ∞     ∞     ∞     ∞     ∞     ∞     ∞     ∞     ∞     ∞     ∞     ∞     ∞     ∞     ∞     ∞     ∞     ∞
[2026-05-23 18:10:29.556] [debug] [New state 4]   x6      ∞     ∞     ∞     ∞     ∞     ∞       0     ∞     ∞     ∞     ∞     ∞     ∞     ∞     ∞     ∞     ∞     ∞     ∞     ∞     ∞     ∞     ∞     ∞     ∞     ∞     ∞     ∞     ∞     ∞     ∞     ∞     ∞     ∞
[2026-05-23 18:10:29.556] [debug] [New state 4]   x7      ∞     ∞     ∞     ∞     ∞     ∞     ∞       0     ∞     ∞     ∞     ∞     ∞     ∞     ∞     ∞     ∞     ∞     ∞     ∞     ∞     ∞     ∞     ∞     ∞     ∞     ∞     ∞     ∞     ∞     ∞     ∞     ∞     ∞
[2026-05-23 18:10:29.556] [debug] [New state 4]   x8      ∞     ∞     ∞     ∞     ∞     ∞     ∞     ∞       0     ∞     ∞     ∞     ∞     ∞     ∞     ∞     ∞     ∞     ∞     ∞     ∞     ∞     ∞     ∞     ∞     ∞     ∞     ∞     ∞     ∞     ∞     ∞     ∞     ∞
[2026-05-23 18:10:29.556] [debug] [New state 4]   x9      ∞     ∞     ∞     ∞     ∞     ∞     ∞     ∞     ∞       0     ∞     ∞     ∞     ∞     ∞     ∞     ∞     ∞     ∞     ∞     ∞     ∞     ∞     ∞     ∞     ∞     ∞     ∞     ∞     ∞     ∞     ∞     ∞     ∞
[2026-05-23 18:10:29.556] [debug] [New state 4]   x10      ∞     ∞     ∞     ∞     ∞     ∞     ∞     ∞     ∞     ∞       0     ∞     ∞     ∞     ∞     ∞     ∞     ∞     ∞     ∞     ∞     ∞     ∞     ∞     ∞     ∞     ∞     ∞     ∞     ∞     ∞     ∞     ∞     ∞
[2026-05-23 18:10:29.556] [debug] [New state 4]   x11      ∞     ∞     ∞     ∞     ∞     ∞     ∞     ∞     ∞     ∞     ∞       0     ∞     ∞     ∞     ∞     ∞     ∞     ∞     ∞     ∞     ∞     ∞     ∞     ∞     ∞     ∞     ∞     ∞     ∞     ∞     ∞     ∞     ∞
[2026-05-23 18:10:29.556] [debug] [New state 4]   x12      ∞     ∞     ∞     ∞     ∞     ∞     ∞     ∞     ∞     ∞     ∞     ∞       0     ∞     ∞     ∞     ∞     ∞     ∞     ∞     ∞     ∞     ∞     ∞     ∞     ∞     ∞     ∞     ∞     ∞     ∞     ∞     ∞     ∞
[2026-05-23 18:10:29.556] [debug] [New state 4]   x13      ∞     ∞     ∞     ∞     ∞     ∞     ∞     ∞     ∞     ∞     ∞     ∞     ∞       0     ∞     ∞     ∞     ∞     ∞     ∞     ∞     ∞     ∞     ∞     ∞     ∞     ∞     ∞     ∞     ∞     ∞     ∞     ∞     ∞
[2026-05-23 18:10:29.556] [debug] [New state 4]   x14      ∞     ∞     ∞     ∞     ∞     ∞     ∞     ∞     ∞     ∞     ∞     ∞     ∞     ∞       0     ∞     ∞     ∞     ∞     ∞     ∞     ∞     ∞     ∞     ∞     ∞     ∞     ∞     ∞     ∞     ∞     ∞     ∞     ∞
[2026-05-23 18:10:29.556] [debug] [New state 4]   x15      ∞     ∞     ∞     ∞     ∞     ∞     ∞     ∞     ∞     ∞     ∞     ∞     ∞     ∞     ∞       0     ∞     ∞     ∞     ∞     ∞     ∞     ∞     ∞     ∞     ∞     ∞     ∞     ∞     ∞     ∞     ∞     ∞     ∞
[2026-05-23 18:10:29.556] [debug] [New state 4]   x16      ∞     ∞     ∞     ∞     ∞     ∞     ∞     ∞     ∞     ∞     ∞     ∞     ∞     ∞     ∞     ∞       0     ∞     ∞     ∞     ∞     ∞     ∞     ∞     ∞     ∞     ∞     ∞     ∞     ∞     ∞     ∞     ∞     ∞
[2026-05-23 18:10:29.556] [debug] [New state 4]   x17      ∞     ∞     ∞     ∞     ∞     ∞     ∞     ∞     ∞     ∞     ∞     ∞     ∞     ∞     ∞     ∞     ∞       0     ∞     ∞     ∞     ∞     ∞     ∞     ∞     ∞     ∞     ∞     ∞     ∞     ∞     ∞     ∞     ∞
[2026-05-23 18:10:29.556] [debug] [New state 4]   x18      ∞     ∞     ∞     ∞     ∞     ∞     ∞     ∞     ∞     ∞     ∞     ∞     ∞     ∞     ∞     ∞     ∞     ∞       0     ∞     ∞     ∞     ∞     ∞     ∞     ∞     ∞     ∞     ∞     ∞     ∞     ∞     ∞     ∞
[2026-05-23 18:10:29.556] [debug] [New state 4]   x19      ∞     ∞     ∞     ∞     ∞     ∞     ∞     ∞     ∞     ∞     ∞     ∞     ∞     ∞     ∞     ∞     ∞     ∞     ∞       0     ∞     ∞     ∞     ∞     ∞     ∞     ∞     ∞     ∞     ∞     ∞     ∞     ∞     ∞
[2026-05-23 18:10:29.556] [debug] [New state 4]   x20      ∞     ∞     ∞     ∞     ∞     ∞     ∞     ∞     ∞     ∞     ∞     ∞     ∞     ∞     ∞     ∞     ∞     ∞     ∞     ∞       0     ∞     ∞     ∞     ∞     ∞     ∞     ∞     ∞     ∞     ∞     ∞     ∞     ∞
[2026-05-23 18:10:29.556] [debug] [New state 4]   x21      ∞     ∞     ∞     ∞     ∞     ∞     ∞     ∞     ∞     ∞     ∞     ∞     ∞     ∞     ∞     ∞     ∞     ∞     ∞     ∞     ∞       0     ∞     ∞     ∞     ∞     ∞     ∞     ∞     ∞     ∞     ∞     ∞     ∞
[2026-05-23 18:10:29.556] [debug] [New state 4]   x22      ∞     ∞     ∞     ∞     ∞     ∞     ∞     ∞     ∞     ∞     ∞     ∞     ∞     ∞     ∞     ∞     ∞     ∞     ∞     ∞     ∞     ∞       0     ∞     ∞     ∞     ∞     ∞     ∞     ∞     ∞     ∞     ∞     ∞
[2026-05-23 18:10:29.556] [debug] [New state 4]   x23      ∞     ∞     ∞     ∞     ∞     ∞     ∞     ∞     ∞     ∞     ∞     ∞     ∞     ∞     ∞     ∞     ∞     ∞     ∞     ∞     ∞     ∞     ∞       0     ∞     ∞     ∞     ∞     ∞     ∞     ∞     ∞     ∞     ∞
[2026-05-23 18:10:29.556] [debug] [New state 4]   x24      ∞     ∞     ∞     ∞     ∞     ∞     ∞     ∞     ∞     ∞     ∞     ∞     ∞     ∞     ∞     ∞     ∞     ∞     ∞     ∞     ∞     ∞     ∞     ∞       0     ∞     ∞     ∞     ∞     ∞     ∞     ∞     ∞     ∞
[2026-05-23 18:10:29.556] [debug] [New state 4]   x25      ∞     ∞     ∞     ∞     ∞     ∞     ∞     ∞     ∞     ∞     ∞     ∞     ∞     ∞     ∞     ∞     ∞     ∞     ∞     ∞     ∞     ∞     ∞     ∞     ∞       0     ∞     ∞     ∞     ∞     ∞     ∞     ∞     ∞
[2026-05-23 18:10:29.556] [debug] [New state 4]   x26      ∞     ∞     ∞     ∞     ∞     ∞     ∞     ∞     ∞     ∞     ∞     ∞     ∞     ∞     ∞     ∞     ∞     ∞     ∞     ∞     ∞     ∞     ∞     ∞     ∞     ∞       0     ∞     ∞     ∞     ∞     ∞     ∞     ∞
[2026-05-23 18:10:29.556] [debug] [New state 4]   x27      ∞     ∞     ∞     ∞     ∞     ∞     ∞     ∞     ∞     ∞     ∞     ∞     ∞     ∞     ∞     ∞     ∞     ∞     ∞     ∞     ∞     ∞     ∞     ∞     ∞     ∞     ∞       0     ∞     ∞     ∞     ∞     ∞     ∞
[2026-05-23 18:10:29.556] [debug] [New state 4]   x28      ∞     ∞     ∞     ∞     ∞     ∞     ∞     ∞     ∞     ∞     ∞     ∞     ∞     ∞     ∞     ∞     ∞     ∞     ∞     ∞     ∞     ∞     ∞     ∞     ∞     ∞     ∞     ∞       0     ∞     ∞     ∞     ∞     ∞
[2026-05-23 18:10:29.556] [debug] [New state 4]   x29      ∞     ∞     ∞     ∞     ∞     ∞     ∞     ∞     ∞     ∞     ∞     ∞     ∞     ∞     ∞     ∞     ∞     ∞     ∞     ∞     ∞     ∞     ∞     ∞     ∞     ∞     ∞     ∞     ∞       0     ∞     ∞     ∞     ∞
[2026-05-23 18:10:29.556] [debug] [New state 4]   x30      ∞     ∞     ∞     ∞     ∞     ∞     ∞     ∞     ∞     ∞     ∞     ∞     ∞     ∞     ∞     ∞     ∞     ∞     ∞     ∞     ∞     ∞     ∞     ∞     ∞     ∞     ∞     ∞     ∞     ∞       0     ∞     ∞     ∞
[2026-05-23 18:10:29.556] [debug] [New state 4]   x31      ∞     ∞     ∞     ∞     ∞     ∞     ∞     ∞     ∞     ∞     ∞     ∞     ∞     ∞     ∞     ∞     ∞     ∞     ∞     ∞     ∞     ∞     ∞     ∞     ∞     ∞     ∞     ∞     ∞     ∞     ∞       0     ∞     ∞
[2026-05-23 18:10:29.556] [debug] [New state 4]   x32      ∞     ∞     ∞     ∞     ∞     ∞     ∞     ∞     ∞     ∞     ∞     ∞     ∞     ∞     ∞     ∞     ∞     ∞     ∞     ∞     ∞     ∞     ∞     ∞     ∞     ∞     ∞     ∞     ∞     ∞     ∞     ∞       0     ∞
[2026-05-23 18:10:29.556] [debug] [New state 4]   x33      ∞     ∞     ∞     ∞     ∞     ∞     ∞     ∞     ∞     ∞     ∞     ∞     ∞     ∞     ∞     ∞     ∞     ∞     ∞     ∞     ∞     ∞     ∞     ∞     ∞     ∞     ∞     ∞     ∞     ∞     ∞     ∞     ∞       0
[2026-05-23 18:10:29.556] [debug] [New state 4] ==========================================
[2026-05-23 18:10:29.556] [debug] [STATE] State 1 --T18@50--> candidate
[2026-05-23 18:10:29.556] [debug] [STATE]   [New] Add state 5 to graph and frontier
[2026-05-23 18:10:29.556] [debug] [New state 5] ========== State Class Details: ID=5 ==========
[2026-05-23 18:10:29.556] [debug] [New state 5] Places: [P0(Fentry)=0, P1(Fready)=0, P2(Fexit)=0, P3(Eentry)=0, P4(Eready)=0, P5(Eexit)=0, P6(Aentry)=1, P7(Aready)=0, P8(Aexit)=0, P9(Dentry)=1, P10(Dready)=0, P11(Dexit)=0, P12(Centry)=0, P13(Cready)=0, P14(Cexit)=0, P15(Bentry)=0, P16(Bready)=0, P17(Bexit)=0, P18(A_cfg_random)=1, P19(D_cfg_random)=1, P20(E_suspended_C_0)=0, P21(D_suspended_C_1)=0, P22(D_suspended_E_2)=0, P23(A_suspended_B_3)=0, P24(F_suspended_B_4)=0, P25(F_suspended_A_5)=0, P26(core0)=1, P27(core1)=1]
[2026-05-23 18:10:29.556] [debug] [New state 5] Enabled: T4(Aget_core, priority=97, core=0), T6(Dget_core, priority=97, core=1), T17(A_cfg_fire, priority=2147483647, core=-1), T18(D_cfg_fire, priority=2147483647, core=-1)
[2026-05-23 18:10:29.556] [debug] [New state 5] Cumulative time: 50
[2026-05-23 18:10:29.556] [debug] [New state 5] Z1 (non-suspendable):
[2026-05-23 18:10:29.556] [debug] [New state 5]   DBM(size=34):
[2026-05-23 18:10:29.556] [debug] [New state 5]             x0       x1       x2       x3       x4       x5       x6       x7       x8       x9       x10       x11       x12       x13       x14       x15       x16       x17       x18       x19       x20       x21       x22       x23       x24       x25       x26       x27       x28       x29       x30       x31       x32       x33
[2026-05-23 18:10:29.556] [debug] [New state 5]   x0        0       0       0       0       0     -50       0     -50       0       0       0       0       0       0       0       0       0       0    -150       0       0       0       0       0       0       0       0       0       0       0       0       0       0       0
[2026-05-23 18:10:29.556] [debug] [New state 5]   x1      ∞       0     ∞     ∞     ∞     ∞     ∞     ∞     ∞     ∞     ∞     ∞     ∞     ∞     ∞     ∞     ∞     ∞     ∞     ∞     ∞     ∞     ∞     ∞     ∞     ∞     ∞     ∞     ∞     ∞     ∞     ∞     ∞     ∞
[2026-05-23 18:10:29.556] [debug] [New state 5]   x2      ∞     ∞       0     ∞     ∞     ∞     ∞     ∞     ∞     ∞     ∞     ∞     ∞     ∞     ∞     ∞     ∞     ∞     ∞     ∞     ∞     ∞     ∞     ∞     ∞     ∞     ∞     ∞     ∞     ∞     ∞     ∞     ∞     ∞
[2026-05-23 18:10:29.556] [debug] [New state 5]   x3      ∞     ∞     ∞       0     ∞     ∞     ∞     ∞     ∞     ∞     ∞     ∞     ∞     ∞     ∞     ∞     ∞     ∞     ∞     ∞     ∞     ∞     ∞     ∞     ∞     ∞     ∞     ∞     ∞     ∞     ∞     ∞     ∞     ∞
[2026-05-23 18:10:29.556] [debug] [New state 5]   x4      ∞     ∞     ∞     ∞       0     ∞     ∞     ∞     ∞     ∞     ∞     ∞     ∞     ∞     ∞     ∞     ∞     ∞     ∞     ∞     ∞     ∞     ∞     ∞     ∞     ∞     ∞     ∞     ∞     ∞     ∞     ∞     ∞     ∞
[2026-05-23 18:10:29.556] [debug] [New state 5]   x5       50      50      50      50      50       0      50       0      50      50      50      50      50      50      50      50      50      50    -100      50      50      50      50      50      50      50      50      50      50      50      50      50      50      50
[2026-05-23 18:10:29.556] [debug] [New state 5]   x6      ∞     ∞     ∞     ∞     ∞     ∞       0     ∞     ∞     ∞     ∞     ∞     ∞     ∞     ∞     ∞     ∞     ∞     ∞     ∞     ∞     ∞     ∞     ∞     ∞     ∞     ∞     ∞     ∞     ∞     ∞     ∞     ∞     ∞
[2026-05-23 18:10:29.556] [debug] [New state 5]   x7       50      50      50      50      50       0      50       0      50      50      50      50      50      50      50      50      50      50    -100      50      50      50      50      50      50      50      50      50      50      50      50      50      50      50
[2026-05-23 18:10:29.556] [debug] [New state 5]   x8      ∞     ∞     ∞     ∞     ∞     ∞     ∞     ∞       0     ∞     ∞     ∞     ∞     ∞     ∞     ∞     ∞     ∞     ∞     ∞     ∞     ∞     ∞     ∞     ∞     ∞     ∞     ∞     ∞     ∞     ∞     ∞     ∞     ∞
[2026-05-23 18:10:29.556] [debug] [New state 5]   x9      ∞     ∞     ∞     ∞     ∞     ∞     ∞     ∞     ∞       0     ∞     ∞     ∞     ∞     ∞     ∞     ∞     ∞     ∞     ∞     ∞     ∞     ∞     ∞     ∞     ∞     ∞     ∞     ∞     ∞     ∞     ∞     ∞     ∞
[2026-05-23 18:10:29.556] [debug] [New state 5]   x10      ∞     ∞     ∞     ∞     ∞     ∞     ∞     ∞     ∞     ∞       0     ∞     ∞     ∞     ∞     ∞     ∞     ∞     ∞     ∞     ∞     ∞     ∞     ∞     ∞     ∞     ∞     ∞     ∞     ∞     ∞     ∞     ∞     ∞
[2026-05-23 18:10:29.556] [debug] [New state 5]   x11      ∞     ∞     ∞     ∞     ∞     ∞     ∞     ∞     ∞     ∞     ∞       0     ∞     ∞     ∞     ∞     ∞     ∞     ∞     ∞     ∞     ∞     ∞     ∞     ∞     ∞     ∞     ∞     ∞     ∞     ∞     ∞     ∞     ∞
[2026-05-23 18:10:29.556] [debug] [New state 5]   x12      ∞     ∞     ∞     ∞     ∞     ∞     ∞     ∞     ∞     ∞     ∞     ∞       0     ∞     ∞     ∞     ∞     ∞     ∞     ∞     ∞     ∞     ∞     ∞     ∞     ∞     ∞     ∞     ∞     ∞     ∞     ∞     ∞     ∞
[2026-05-23 18:10:29.556] [debug] [New state 5]   x13      ∞     ∞     ∞     ∞     ∞     ∞     ∞     ∞     ∞     ∞     ∞     ∞     ∞       0     ∞     ∞     ∞     ∞     ∞     ∞     ∞     ∞     ∞     ∞     ∞     ∞     ∞     ∞     ∞     ∞     ∞     ∞     ∞     ∞
[2026-05-23 18:10:29.556] [debug] [New state 5]   x14      ∞     ∞     ∞     ∞     ∞     ∞     ∞     ∞     ∞     ∞     ∞     ∞     ∞     ∞       0     ∞     ∞     ∞     ∞     ∞     ∞     ∞     ∞     ∞     ∞     ∞     ∞     ∞     ∞     ∞     ∞     ∞     ∞     ∞
[2026-05-23 18:10:29.556] [debug] [New state 5]   x15      ∞     ∞     ∞     ∞     ∞     ∞     ∞     ∞     ∞     ∞     ∞     ∞     ∞     ∞     ∞       0     ∞     ∞     ∞     ∞     ∞     ∞     ∞     ∞     ∞     ∞     ∞     ∞     ∞     ∞     ∞     ∞     ∞     ∞
[2026-05-23 18:10:29.556] [debug] [New state 5]   x16      ∞     ∞     ∞     ∞     ∞     ∞     ∞     ∞     ∞     ∞     ∞     ∞     ∞     ∞     ∞     ∞       0     ∞     ∞     ∞     ∞     ∞     ∞     ∞     ∞     ∞     ∞     ∞     ∞     ∞     ∞     ∞     ∞     ∞
[2026-05-23 18:10:29.556] [debug] [New state 5]   x17      ∞     ∞     ∞     ∞     ∞     ∞     ∞     ∞     ∞     ∞     ∞     ∞     ∞     ∞     ∞     ∞     ∞       0     ∞     ∞     ∞     ∞     ∞     ∞     ∞     ∞     ∞     ∞     ∞     ∞     ∞     ∞     ∞     ∞
[2026-05-23 18:10:29.556] [debug] [New state 5]   x18      150     150     150     150     150     100     150     100     150     150     150     150     150     150     150     150     150     150       0     150     150     150     150     150     150     150     150     150     150     150     150     150     150     150
[2026-05-23 18:10:29.556] [debug] [New state 5]   x19        0       0       0       0       0     -50       0     -50       0       0       0       0       0       0       0       0       0       0    -150       0       0       0       0       0       0       0       0       0       0       0       0       0       0       0
[2026-05-23 18:10:29.556] [debug] [New state 5]   x20      ∞     ∞     ∞     ∞     ∞     ∞     ∞     ∞     ∞     ∞     ∞     ∞     ∞     ∞     ∞     ∞     ∞     ∞     ∞     ∞       0     ∞     ∞     ∞     ∞     ∞     ∞     ∞     ∞     ∞     ∞     ∞     ∞     ∞
[2026-05-23 18:10:29.556] [debug] [New state 5]   x21      ∞     ∞     ∞     ∞     ∞     ∞     ∞     ∞     ∞     ∞     ∞     ∞     ∞     ∞     ∞     ∞     ∞     ∞     ∞     ∞     ∞       0     ∞     ∞     ∞     ∞     ∞     ∞     ∞     ∞     ∞     ∞     ∞     ∞
[2026-05-23 18:10:29.556] [debug] [New state 5]   x22      ∞     ∞     ∞     ∞     ∞     ∞     ∞     ∞     ∞     ∞     ∞     ∞     ∞     ∞     ∞     ∞     ∞     ∞     ∞     ∞     ∞     ∞       0     ∞     ∞     ∞     ∞     ∞     ∞     ∞     ∞     ∞     ∞     ∞
[2026-05-23 18:10:29.556] [debug] [New state 5]   x23      ∞     ∞     ∞     ∞     ∞     ∞     ∞     ∞     ∞     ∞     ∞     ∞     ∞     ∞     ∞     ∞     ∞     ∞     ∞     ∞     ∞     ∞     ∞       0     ∞     ∞     ∞     ∞     ∞     ∞     ∞     ∞     ∞     ∞
[2026-05-23 18:10:29.556] [debug] [New state 5]   x24      ∞     ∞     ∞     ∞     ∞     ∞     ∞     ∞     ∞     ∞     ∞     ∞     ∞     ∞     ∞     ∞     ∞     ∞     ∞     ∞     ∞     ∞     ∞     ∞       0     ∞     ∞     ∞     ∞     ∞     ∞     ∞     ∞     ∞
[2026-05-23 18:10:29.556] [debug] [New state 5]   x25      ∞     ∞     ∞     ∞     ∞     ∞     ∞     ∞     ∞     ∞     ∞     ∞     ∞     ∞     ∞     ∞     ∞     ∞     ∞     ∞     ∞     ∞     ∞     ∞     ∞       0     ∞     ∞     ∞     ∞     ∞     ∞     ∞     ∞
[2026-05-23 18:10:29.556] [debug] [New state 5]   x26      ∞     ∞     ∞     ∞     ∞     ∞     ∞     ∞     ∞     ∞     ∞     ∞     ∞     ∞     ∞     ∞     ∞     ∞     ∞     ∞     ∞     ∞     ∞     ∞     ∞     ∞       0     ∞     ∞     ∞     ∞     ∞     ∞     ∞
[2026-05-23 18:10:29.556] [debug] [New state 5]   x27      ∞     ∞     ∞     ∞     ∞     ∞     ∞     ∞     ∞     ∞     ∞     ∞     ∞     ∞     ∞     ∞     ∞     ∞     ∞     ∞     ∞     ∞     ∞     ∞     ∞     ∞     ∞       0     ∞     ∞     ∞     ∞     ∞     ∞
[2026-05-23 18:10:29.556] [debug] [New state 5]   x28      ∞     ∞     ∞     ∞     ∞     ∞     ∞     ∞     ∞     ∞     ∞     ∞     ∞     ∞     ∞     ∞     ∞     ∞     ∞     ∞     ∞     ∞     ∞     ∞     ∞     ∞     ∞     ∞       0     ∞     ∞     ∞     ∞     ∞
[2026-05-23 18:10:29.556] [debug] [New state 5]   x29      ∞     ∞     ∞     ∞     ∞     ∞     ∞     ∞     ∞     ∞     ∞     ∞     ∞     ∞     ∞     ∞     ∞     ∞     ∞     ∞     ∞     ∞     ∞     ∞     ∞     ∞     ∞     ∞     ∞       0     ∞     ∞     ∞     ∞
[2026-05-23 18:10:29.556] [debug] [New state 5]   x30      ∞     ∞     ∞     ∞     ∞     ∞     ∞     ∞     ∞     ∞     ∞     ∞     ∞     ∞     ∞     ∞     ∞     ∞     ∞     ∞     ∞     ∞     ∞     ∞     ∞     ∞     ∞     ∞     ∞     ∞       0     ∞     ∞     ∞
[2026-05-23 18:10:29.556] [debug] [New state 5]   x31      ∞     ∞     ∞     ∞     ∞     ∞     ∞     ∞     ∞     ∞     ∞     ∞     ∞     ∞     ∞     ∞     ∞     ∞     ∞     ∞     ∞     ∞     ∞     ∞     ∞     ∞     ∞     ∞     ∞     ∞     ∞       0     ∞     ∞
[2026-05-23 18:10:29.556] [debug] [New state 5]   x32      ∞     ∞     ∞     ∞     ∞     ∞     ∞     ∞     ∞     ∞     ∞     ∞     ∞     ∞     ∞     ∞     ∞     ∞     ∞     ∞     ∞     ∞     ∞     ∞     ∞     ∞     ∞     ∞     ∞     ∞     ∞     ∞       0     ∞
[2026-05-23 18:10:29.556] [debug] [New state 5]   x33      ∞     ∞     ∞     ∞     ∞     ∞     ∞     ∞     ∞     ∞     ∞     ∞     ∞     ∞     ∞     ∞     ∞     ∞     ∞     ∞     ∞     ∞     ∞     ∞     ∞     ∞     ∞     ∞     ∞     ∞     ∞     ∞     ∞       0
[2026-05-23 18:10:29.556] [debug] [New state 5] Z2 (suspendable):
[2026-05-23 18:10:29.556] [debug] [New state 5]   DBM(size=34):
[2026-05-23 18:10:29.556] [debug] [New state 5]             x0       x1       x2       x3       x4       x5       x6       x7       x8       x9       x10       x11       x12       x13       x14       x15       x16       x17       x18       x19       x20       x21       x22       x23       x24       x25       x26       x27       x28       x29       x30       x31       x32       x33
[2026-05-23 18:10:29.556] [debug] [New state 5]   x0        0       0       0       0       0       0       0       0       0       0       0       0       0       0       0       0       0       0       0       0       0       0       0       0       0       0       0       0       0       0       0       0       0       0
[2026-05-23 18:10:29.556] [debug] [New state 5]   x1      ∞       0     ∞     ∞     ∞     ∞     ∞     ∞     ∞     ∞     ∞     ∞     ∞     ∞     ∞     ∞     ∞     ∞     ∞     ∞     ∞     ∞     ∞     ∞     ∞     ∞     ∞     ∞     ∞     ∞     ∞     ∞     ∞     ∞
[2026-05-23 18:10:29.556] [debug] [New state 5]   x2      ∞     ∞       0     ∞     ∞     ∞     ∞     ∞     ∞     ∞     ∞     ∞     ∞     ∞     ∞     ∞     ∞     ∞     ∞     ∞     ∞     ∞     ∞     ∞     ∞     ∞     ∞     ∞     ∞     ∞     ∞     ∞     ∞     ∞
[2026-05-23 18:10:29.556] [debug] [New state 5]   x3      ∞     ∞     ∞       0     ∞     ∞     ∞     ∞     ∞     ∞     ∞     ∞     ∞     ∞     ∞     ∞     ∞     ∞     ∞     ∞     ∞     ∞     ∞     ∞     ∞     ∞     ∞     ∞     ∞     ∞     ∞     ∞     ∞     ∞
[2026-05-23 18:10:29.556] [debug] [New state 5]   x4      ∞     ∞     ∞     ∞       0     ∞     ∞     ∞     ∞     ∞     ∞     ∞     ∞     ∞     ∞     ∞     ∞     ∞     ∞     ∞     ∞     ∞     ∞     ∞     ∞     ∞     ∞     ∞     ∞     ∞     ∞     ∞     ∞     ∞
[2026-05-23 18:10:29.556] [debug] [New state 5]   x5      ∞     ∞     ∞     ∞     ∞       0     ∞     ∞     ∞     ∞     ∞     ∞     ∞     ∞     ∞     ∞     ∞     ∞     ∞     ∞     ∞     ∞     ∞     ∞     ∞     ∞     ∞     ∞     ∞     ∞     ∞     ∞     ∞     ∞
[2026-05-23 18:10:29.556] [debug] [New state 5]   x6      ∞     ∞     ∞     ∞     ∞     ∞       0     ∞     ∞     ∞     ∞     ∞     ∞     ∞     ∞     ∞     ∞     ∞     ∞     ∞     ∞     ∞     ∞     ∞     ∞     ∞     ∞     ∞     ∞     ∞     ∞     ∞     ∞     ∞
[2026-05-23 18:10:29.556] [debug] [New state 5]   x7      ∞     ∞     ∞     ∞     ∞     ∞     ∞       0     ∞     ∞     ∞     ∞     ∞     ∞     ∞     ∞     ∞     ∞     ∞     ∞     ∞     ∞     ∞     ∞     ∞     ∞     ∞     ∞     ∞     ∞     ∞     ∞     ∞     ∞
[2026-05-23 18:10:29.556] [debug] [New state 5]   x8      ∞     ∞     ∞     ∞     ∞     ∞     ∞     ∞       0     ∞     ∞     ∞     ∞     ∞     ∞     ∞     ∞     ∞     ∞     ∞     ∞     ∞     ∞     ∞     ∞     ∞     ∞     ∞     ∞     ∞     ∞     ∞     ∞     ∞
[2026-05-23 18:10:29.556] [debug] [New state 5]   x9      ∞     ∞     ∞     ∞     ∞     ∞     ∞     ∞     ∞       0     ∞     ∞     ∞     ∞     ∞     ∞     ∞     ∞     ∞     ∞     ∞     ∞     ∞     ∞     ∞     ∞     ∞     ∞     ∞     ∞     ∞     ∞     ∞     ∞
[2026-05-23 18:10:29.557] [debug] [New state 5]   x10      ∞     ∞     ∞     ∞     ∞     ∞     ∞     ∞     ∞     ∞       0     ∞     ∞     ∞     ∞     ∞     ∞     ∞     ∞     ∞     ∞     ∞     ∞     ∞     ∞     ∞     ∞     ∞     ∞     ∞     ∞     ∞     ∞     ∞
[2026-05-23 18:10:29.557] [debug] [New state 5]   x11      ∞     ∞     ∞     ∞     ∞     ∞     ∞     ∞     ∞     ∞     ∞       0     ∞     ∞     ∞     ∞     ∞     ∞     ∞     ∞     ∞     ∞     ∞     ∞     ∞     ∞     ∞     ∞     ∞     ∞     ∞     ∞     ∞     ∞
[2026-05-23 18:10:29.557] [debug] [New state 5]   x12      ∞     ∞     ∞     ∞     ∞     ∞     ∞     ∞     ∞     ∞     ∞     ∞       0     ∞     ∞     ∞     ∞     ∞     ∞     ∞     ∞     ∞     ∞     ∞     ∞     ∞     ∞     ∞     ∞     ∞     ∞     ∞     ∞     ∞
[2026-05-23 18:10:29.557] [debug] [New state 5]   x13      ∞     ∞     ∞     ∞     ∞     ∞     ∞     ∞     ∞     ∞     ∞     ∞     ∞       0     ∞     ∞     ∞     ∞     ∞     ∞     ∞     ∞     ∞     ∞     ∞     ∞     ∞     ∞     ∞     ∞     ∞     ∞     ∞     ∞
[2026-05-23 18:10:29.557] [debug] [New state 5]   x14      ∞     ∞     ∞     ∞     ∞     ∞     ∞     ∞     ∞     ∞     ∞     ∞     ∞     ∞       0     ∞     ∞     ∞     ∞     ∞     ∞     ∞     ∞     ∞     ∞     ∞     ∞     ∞     ∞     ∞     ∞     ∞     ∞     ∞
[2026-05-23 18:10:29.557] [debug] [New state 5]   x15      ∞     ∞     ∞     ∞     ∞     ∞     ∞     ∞     ∞     ∞     ∞     ∞     ∞     ∞     ∞       0     ∞     ∞     ∞     ∞     ∞     ∞     ∞     ∞     ∞     ∞     ∞     ∞     ∞     ∞     ∞     ∞     ∞     ∞
[2026-05-23 18:10:29.557] [debug] [New state 5]   x16      ∞     ∞     ∞     ∞     ∞     ∞     ∞     ∞     ∞     ∞     ∞     ∞     ∞     ∞     ∞     ∞       0     ∞     ∞     ∞     ∞     ∞     ∞     ∞     ∞     ∞     ∞     ∞     ∞     ∞     ∞     ∞     ∞     ∞
[2026-05-23 18:10:29.557] [debug] [New state 5]   x17      ∞     ∞     ∞     ∞     ∞     ∞     ∞     ∞     ∞     ∞     ∞     ∞     ∞     ∞     ∞     ∞     ∞       0     ∞     ∞     ∞     ∞     ∞     ∞     ∞     ∞     ∞     ∞     ∞     ∞     ∞     ∞     ∞     ∞
[2026-05-23 18:10:29.557] [debug] [New state 5]   x18      ∞     ∞     ∞     ∞     ∞     ∞     ∞     ∞     ∞     ∞     ∞     ∞     ∞     ∞     ∞     ∞     ∞     ∞       0     ∞     ∞     ∞     ∞     ∞     ∞     ∞     ∞     ∞     ∞     ∞     ∞     ∞     ∞     ∞
[2026-05-23 18:10:29.557] [debug] [New state 5]   x19      ∞     ∞     ∞     ∞     ∞     ∞     ∞     ∞     ∞     ∞     ∞     ∞     ∞     ∞     ∞     ∞     ∞     ∞     ∞       0     ∞     ∞     ∞     ∞     ∞     ∞     ∞     ∞     ∞     ∞     ∞     ∞     ∞     ∞
[2026-05-23 18:10:29.557] [debug] [New state 5]   x20      ∞     ∞     ∞     ∞     ∞     ∞     ∞     ∞     ∞     ∞     ∞     ∞     ∞     ∞     ∞     ∞     ∞     ∞     ∞     ∞       0     ∞     ∞     ∞     ∞     ∞     ∞     ∞     ∞     ∞     ∞     ∞     ∞     ∞
[2026-05-23 18:10:29.557] [debug] [New state 5]   x21      ∞     ∞     ∞     ∞     ∞     ∞     ∞     ∞     ∞     ∞     ∞     ∞     ∞     ∞     ∞     ∞     ∞     ∞     ∞     ∞     ∞       0     ∞     ∞     ∞     ∞     ∞     ∞     ∞     ∞     ∞     ∞     ∞     ∞
[2026-05-23 18:10:29.557] [debug] [New state 5]   x22      ∞     ∞     ∞     ∞     ∞     ∞     ∞     ∞     ∞     ∞     ∞     ∞     ∞     ∞     ∞     ∞     ∞     ∞     ∞     ∞     ∞     ∞       0     ∞     ∞     ∞     ∞     ∞     ∞     ∞     ∞     ∞     ∞     ∞
[2026-05-23 18:10:29.557] [debug] [New state 5]   x23      ∞     ∞     ∞     ∞     ∞     ∞     ∞     ∞     ∞     ∞     ∞     ∞     ∞     ∞     ∞     ∞     ∞     ∞     ∞     ∞     ∞     ∞     ∞       0     ∞     ∞     ∞     ∞     ∞     ∞     ∞     ∞     ∞     ∞
[2026-05-23 18:10:29.557] [debug] [New state 5]   x24      ∞     ∞     ∞     ∞     ∞     ∞     ∞     ∞     ∞     ∞     ∞     ∞     ∞     ∞     ∞     ∞     ∞     ∞     ∞     ∞     ∞     ∞     ∞     ∞       0     ∞     ∞     ∞     ∞     ∞     ∞     ∞     ∞     ∞
[2026-05-23 18:10:29.557] [debug] [New state 5]   x25      ∞     ∞     ∞     ∞     ∞     ∞     ∞     ∞     ∞     ∞     ∞     ∞     ∞     ∞     ∞     ∞     ∞     ∞     ∞     ∞     ∞     ∞     ∞     ∞     ∞       0     ∞     ∞     ∞     ∞     ∞     ∞     ∞     ∞
[2026-05-23 18:10:29.557] [debug] [New state 5]   x26      ∞     ∞     ∞     ∞     ∞     ∞     ∞     ∞     ∞     ∞     ∞     ∞     ∞     ∞     ∞     ∞     ∞     ∞     ∞     ∞     ∞     ∞     ∞     ∞     ∞     ∞       0     ∞     ∞     ∞     ∞     ∞     ∞     ∞
[2026-05-23 18:10:29.557] [debug] [New state 5]   x27      ∞     ∞     ∞     ∞     ∞     ∞     ∞     ∞     ∞     ∞     ∞     ∞     ∞     ∞     ∞     ∞     ∞     ∞     ∞     ∞     ∞     ∞     ∞     ∞     ∞     ∞     ∞       0     ∞     ∞     ∞     ∞     ∞     ∞
[2026-05-23 18:10:29.557] [debug] [New state 5]   x28      ∞     ∞     ∞     ∞     ∞     ∞     ∞     ∞     ∞     ∞     ∞     ∞     ∞     ∞     ∞     ∞     ∞     ∞     ∞     ∞     ∞     ∞     ∞     ∞     ∞     ∞     ∞     ∞       0     ∞     ∞     ∞     ∞     ∞
[2026-05-23 18:10:29.557] [debug] [New state 5]   x29      ∞     ∞     ∞     ∞     ∞     ∞     ∞     ∞     ∞     ∞     ∞     ∞     ∞     ∞     ∞     ∞     ∞     ∞     ∞     ∞     ∞     ∞     ∞     ∞     ∞     ∞     ∞     ∞     ∞       0     ∞     ∞     ∞     ∞
[2026-05-23 18:10:29.557] [debug] [New state 5]   x30      ∞     ∞     ∞     ∞     ∞     ∞     ∞     ∞     ∞     ∞     ∞     ∞     ∞     ∞     ∞     ∞     ∞     ∞     ∞     ∞     ∞     ∞     ∞     ∞     ∞     ∞     ∞     ∞     ∞     ∞       0     ∞     ∞     ∞
[2026-05-23 18:10:29.557] [debug] [New state 5]   x31      ∞     ∞     ∞     ∞     ∞     ∞     ∞     ∞     ∞     ∞     ∞     ∞     ∞     ∞     ∞     ∞     ∞     ∞     ∞     ∞     ∞     ∞     ∞     ∞     ∞     ∞     ∞     ∞     ∞     ∞     ∞       0     ∞     ∞
[2026-05-23 18:10:29.557] [debug] [New state 5]   x32      ∞     ∞     ∞     ∞     ∞     ∞     ∞     ∞     ∞     ∞     ∞     ∞     ∞     ∞     ∞     ∞     ∞     ∞     ∞     ∞     ∞     ∞     ∞     ∞     ∞     ∞     ∞     ∞     ∞     ∞     ∞     ∞       0     ∞
[2026-05-23 18:10:29.557] [debug] [New state 5]   x33      ∞     ∞     ∞     ∞     ∞     ∞     ∞     ∞     ∞     ∞     ∞     ∞     ∞     ∞     ∞     ∞     ∞     ∞     ∞     ∞     ∞     ∞     ∞     ∞     ∞     ∞     ∞     ∞     ∞     ∞     ∞     ∞     ∞       0
[2026-05-23 18:10:29.557] [debug] [New state 5] ==========================================
[2026-05-23 18:10:29.557] [debug] [STATE] State 1: 4 candidates, 4 fired, frontier size: 4, total states: 5
[2026-05-23 18:10:29.557] [debug]   Per-core scheduling groups (4 total):
[2026-05-23 18:10:29.557] [debug]     Core 0: 1 transition(s)
[2026-05-23 18:10:29.557] [debug]     Core 1: 1 transition(s)
[2026-05-23 18:10:29.557] [debug]     Core -1 (control): 2 transition(s)
[2026-05-23 18:10:29.557] [debug]   Raw enabled: T5(Aexec, priority=97, core=0, suspendable), T6(Dget_core, priority=97, core=1), T17(A_cfg_fire, priority=2147483647, core=-1), T18(D_cfg_fire, priority=2147483647, core=-1)
[2026-05-23 18:10:29.557] [debug]   Effective enabled: T5(Aexec, priority=97, core=0, suspendable), T6(Dget_core, priority=97, core=1), T17(A_cfg_fire, priority=2147483647, core=-1), T18(D_cfg_fire, priority=2147483647, core=-1)
[2026-05-23 18:10:29.557] [debug]   Suspended: (none)
[2026-05-23 18:10:29.558] [debug]   Per-core scheduling groups (4 total):
[2026-05-23 18:10:29.558] [debug]     Core 1: 1 transition(s)
[2026-05-23 18:10:29.558] [debug]     Core -1 (control): 3 transition(s)
[2026-05-23 18:10:29.558] [debug]   Raw enabled: T6(Dget_core, priority=97, core=1), T12(A_to_B, priority=2147483647, core=-1), T17(A_cfg_fire, priority=2147483647, core=-1), T18(D_cfg_fire, priority=2147483647, core=-1)
[2026-05-23 18:10:29.558] [debug]   Effective enabled: T6(Dget_core, priority=97, core=1), T12(A_to_B, priority=2147483647, core=-1), T17(A_cfg_fire, priority=2147483647, core=-1), T18(D_cfg_fire, priority=2147483647, core=-1)
[2026-05-23 18:10:29.558] [debug]   Suspended: (none)
[2026-05-23 18:10:29.559] [debug]     T5: fired successfully, fire_time = 8
[2026-05-23 18:10:29.559] [debug]   Per-core scheduling groups (4 total):
[2026-05-23 18:10:29.559] [debug]     Core 0: 1 transition(s)
[2026-05-23 18:10:29.559] [debug]     Core 1: 1 transition(s)
[2026-05-23 18:10:29.559] [debug]     Core -1 (control): 2 transition(s)
[2026-05-23 18:10:29.559] [debug]   Raw enabled: T5(Aexec, priority=97, core=0, suspendable), T7(Dexec, priority=97, core=1, suspendable), T17(A_cfg_fire, priority=2147483647, core=-1), T18(D_cfg_fire, priority=2147483647, core=-1)
[2026-05-23 18:10:29.559] [debug]   Effective enabled: T5(Aexec, priority=97, core=0, suspendable), T7(Dexec, priority=97, core=1, suspendable), T17(A_cfg_fire, priority=2147483647, core=-1), T18(D_cfg_fire, priority=2147483647, core=-1)
[2026-05-23 18:10:29.559] [debug]   Suspended: (none)
[2026-05-23 18:10:29.560] [debug]     T6: fired successfully, fire_time = 0
[2026-05-23 18:10:29.560] [debug]   Per-core scheduling groups (4 total):
[2026-05-23 18:10:29.560] [debug]     Core 0: 1 transition(s)
[2026-05-23 18:10:29.560] [debug]     Core 1: 1 transition(s)
[2026-05-23 18:10:29.560] [debug]     Core -1 (control): 2 transition(s)
[2026-05-23 18:10:29.560] [debug]   Raw enabled: T5(Aexec, priority=97, core=0, suspendable), T6(Dget_core, priority=97, core=1), T17(A_cfg_fire, priority=2147483647, core=-1), T18(D_cfg_fire, priority=2147483647, core=-1)
[2026-05-23 18:10:29.560] [debug]   Effective enabled: T5(Aexec, priority=97, core=0, suspendable), T6(Dget_core, priority=97, core=1), T17(A_cfg_fire, priority=2147483647, core=-1), T18(D_cfg_fire, priority=2147483647, core=-1)
[2026-05-23 18:10:29.560] [debug]   Suspended: (none)
[2026-05-23 18:10:29.561] [debug]     T17: fired successfully, fire_time = 100
[2026-05-23 18:10:29.561] [debug]   Per-core scheduling groups (4 total):
[2026-05-23 18:10:29.561] [debug]     Core 0: 1 transition(s)
[2026-05-23 18:10:29.561] [debug]     Core 1: 1 transition(s)
[2026-05-23 18:10:29.561] [debug]     Core -1 (control): 2 transition(s)
[2026-05-23 18:10:29.561] [debug]   Raw enabled: T5(Aexec, priority=97, core=0, suspendable), T6(Dget_core, priority=97, core=1), T17(A_cfg_fire, priority=2147483647, core=-1), T18(D_cfg_fire, priority=2147483647, core=-1)
[2026-05-23 18:10:29.561] [debug]   Effective enabled: T5(Aexec, priority=97, core=0, suspendable), T6(Dget_core, priority=97, core=1), T17(A_cfg_fire, priority=2147483647, core=-1), T18(D_cfg_fire, priority=2147483647, core=-1)
[2026-05-23 18:10:29.561] [debug]   Suspended: (none)
[2026-05-23 18:10:29.562] [debug]     T18: fired successfully, fire_time = 50
[2026-05-23 18:10:29.562] [debug]   Per-core scheduling groups (4 total):
[2026-05-23 18:10:29.562] [debug]     Core 0: 1 transition(s)
[2026-05-23 18:10:29.562] [debug]     Core 1: 1 transition(s)
[2026-05-23 18:10:29.562] [debug]     Core -1 (control): 2 transition(s)
[2026-05-23 18:10:29.562] [debug]   Raw enabled: T4(Aget_core, priority=97, core=0), T7(Dexec, priority=97, core=1, suspendable), T17(A_cfg_fire, priority=2147483647, core=-1), T18(D_cfg_fire, priority=2147483647, core=-1)
[2026-05-23 18:10:29.562] [debug]   Effective enabled: T4(Aget_core, priority=97, core=0), T7(Dexec, priority=97, core=1, suspendable), T17(A_cfg_fire, priority=2147483647, core=-1), T18(D_cfg_fire, priority=2147483647, core=-1)
[2026-05-23 18:10:29.562] [debug]   Suspended: (none)
[2026-05-23 18:10:29.563] [debug]   Per-core scheduling groups (4 total):
[2026-05-23 18:10:29.563] [debug]     Core 0: 1 transition(s)
[2026-05-23 18:10:29.563] [debug]     Core 1: 1 transition(s)
[2026-05-23 18:10:29.563] [debug]     Core -1 (control): 2 transition(s)
[2026-05-23 18:10:29.563] [debug]   Raw enabled: T5(Aexec, priority=97, core=0, suspendable), T7(Dexec, priority=97, core=1, suspendable), T17(A_cfg_fire, priority=2147483647, core=-1), T18(D_cfg_fire, priority=2147483647, core=-1)
[2026-05-23 18:10:29.563] [debug]   Effective enabled: T5(Aexec, priority=97, core=0, suspendable), T7(Dexec, priority=97, core=1, suspendable), T17(A_cfg_fire, priority=2147483647, core=-1), T18(D_cfg_fire, priority=2147483647, core=-1)
[2026-05-23 18:10:29.563] [debug]   Suspended: (none)
[2026-05-23 18:10:29.564] [debug]     T4: fired successfully, fire_time = 0
[2026-05-23 18:10:29.564] [debug]   Per-core scheduling groups (5 total):
[2026-05-23 18:10:29.564] [debug]     Core 0: 1 transition(s)
[2026-05-23 18:10:29.564] [debug]     Core -1 (control): 4 transition(s)
[2026-05-23 18:10:29.564] [debug]   Raw enabled: T4(Aget_core, priority=97, core=0), T14(D_to_E, priority=2147483647, core=-1), T16(D_to_F, priority=2147483647, core=-1), T17(A_cfg_fire, priority=2147483647, core=-1), T18(D_cfg_fire, priority=2147483647, core=-1)
[2026-05-23 18:10:29.564] [debug]   Effective enabled: T4(Aget_core, priority=97, core=0), T14(D_to_E, priority=2147483647, core=-1), T16(D_to_F, priority=2147483647, core=-1), T17(A_cfg_fire, priority=2147483647, core=-1), T18(D_cfg_fire, priority=2147483647, core=-1)
[2026-05-23 18:10:29.564] [debug]   Suspended: (none)
[2026-05-23 18:10:29.565] [debug]     T7: fired successfully, fire_time = 8
[2026-05-23 18:10:29.565] [debug]   Per-core scheduling groups (4 total):
[2026-05-23 18:10:29.565] [debug]     Core 0: 1 transition(s)
[2026-05-23 18:10:29.565] [debug]     Core 1: 1 transition(s)
[2026-05-23 18:10:29.565] [debug]     Core -1 (control): 2 transition(s)
[2026-05-23 18:10:29.565] [debug]   Raw enabled: T4(Aget_core, priority=97, core=0), T7(Dexec, priority=97, core=1, suspendable), T17(A_cfg_fire, priority=2147483647, core=-1), T18(D_cfg_fire, priority=2147483647, core=-1)
[2026-05-23 18:10:29.565] [debug]   Effective enabled: T4(Aget_core, priority=97, core=0), T7(Dexec, priority=97, core=1, suspendable), T17(A_cfg_fire, priority=2147483647, core=-1), T18(D_cfg_fire, priority=2147483647, core=-1)
[2026-05-23 18:10:29.565] [debug]   Suspended: (none)
[2026-05-23 18:10:29.566] [debug]     T17: fired successfully, fire_time = 100
[2026-05-23 18:10:29.566] [debug]   Per-core scheduling groups (4 total):
[2026-05-23 18:10:29.566] [debug]     Core 0: 1 transition(s)
[2026-05-23 18:10:29.566] [debug]     Core 1: 1 transition(s)
[2026-05-23 18:10:29.566] [debug]     Core -1 (control): 2 transition(s)
[2026-05-23 18:10:29.566] [debug]   Raw enabled: T4(Aget_core, priority=97, core=0), T7(Dexec, priority=97, core=1, suspendable), T17(A_cfg_fire, priority=2147483647, core=-1), T18(D_cfg_fire, priority=2147483647, core=-1)
[2026-05-23 18:10:29.566] [debug]   Effective enabled: T4(Aget_core, priority=97, core=0), T7(Dexec, priority=97, core=1, suspendable), T17(A_cfg_fire, priority=2147483647, core=-1), T18(D_cfg_fire, priority=2147483647, core=-1)
[2026-05-23 18:10:29.566] [debug]   Suspended: (none)
[2026-05-23 18:10:29.567] [debug]     T18: fired successfully, fire_time = 50
[2026-05-23 18:10:29.567] [debug]   Per-core scheduling groups (4 total):
[2026-05-23 18:10:29.567] [debug]     Core 0: 1 transition(s)
[2026-05-23 18:10:29.567] [debug]     Core 1: 1 transition(s)
[2026-05-23 18:10:29.567] [debug]     Core -1 (control): 2 transition(s)
[2026-05-23 18:10:29.567] [debug]   Raw enabled: T4(Aget_core, priority=97, core=0), T6(Dget_core, priority=97, core=1), T17(A_cfg_fire, priority=2147483647, core=-1), T18(D_cfg_fire, priority=2147483647, core=-1)
[2026-05-23 18:10:29.567] [debug]   Effective enabled: T4(Aget_core, priority=97, core=0), T6(Dget_core, priority=97, core=1), T17(A_cfg_fire, priority=2147483647, core=-1), T18(D_cfg_fire, priority=2147483647, core=-1)
[2026-05-23 18:10:29.567] [debug]   Suspended: (none)
[2026-05-23 18:10:29.568] [debug]   Per-core scheduling groups (4 total):
[2026-05-23 18:10:29.568] [debug]     Core 0: 1 transition(s)
[2026-05-23 18:10:29.568] [debug]     Core 1: 1 transition(s)
[2026-05-23 18:10:29.568] [debug]     Core -1 (control): 2 transition(s)
[2026-05-23 18:10:29.568] [debug]   Raw enabled: T5(Aexec, priority=97, core=0, suspendable), T6(Dget_core, priority=97, core=1), T17(A_cfg_fire, priority=2147483647, core=-1), T18(D_cfg_fire, priority=2147483647, core=-1)
[2026-05-23 18:10:29.568] [debug]   Effective enabled: T5(Aexec, priority=97, core=0, suspendable), T6(Dget_core, priority=97, core=1), T17(A_cfg_fire, priority=2147483647, core=-1), T18(D_cfg_fire, priority=2147483647, core=-1)
[2026-05-23 18:10:29.568] [debug]   Suspended: (none)
[2026-05-23 18:10:29.569] [debug]     T4: fired successfully, fire_time = 100
[2026-05-23 18:10:29.569] [debug]   Per-core scheduling groups (4 total):
[2026-05-23 18:10:29.569] [debug]     Core 0: 1 transition(s)
[2026-05-23 18:10:29.569] [debug]     Core 1: 1 transition(s)
[2026-05-23 18:10:29.569] [debug]     Core -1 (control): 2 transition(s)
[2026-05-23 18:10:29.569] [debug]   Raw enabled: T4(Aget_core, priority=97, core=0), T7(Dexec, priority=97, core=1, suspendable), T17(A_cfg_fire, priority=2147483647, core=-1), T18(D_cfg_fire, priority=2147483647, core=-1)
[2026-05-23 18:10:29.569] [debug]   Effective enabled: T4(Aget_core, priority=97, core=0), T7(Dexec, priority=97, core=1, suspendable), T17(A_cfg_fire, priority=2147483647, core=-1), T18(D_cfg_fire, priority=2147483647, core=-1)
[2026-05-23 18:10:29.569] [debug]   Suspended: (none)
[2026-05-23 18:10:29.570] [debug]     T6: fired successfully, fire_time = 100
[2026-05-23 18:10:29.570] [debug]   Per-core scheduling groups (4 total):
[2026-05-23 18:10:29.570] [debug]     Core 0: 1 transition(s)
[2026-05-23 18:10:29.570] [debug]     Core 1: 1 transition(s)
[2026-05-23 18:10:29.570] [debug]     Core -1 (control): 2 transition(s)
[2026-05-23 18:10:29.570] [debug]   Raw enabled: T4(Aget_core, priority=97, core=0), T6(Dget_core, priority=97, core=1), T17(A_cfg_fire, priority=2147483647, core=-1), T18(D_cfg_fire, priority=2147483647, core=-1)
[2026-05-23 18:10:29.570] [debug]   Effective enabled: T4(Aget_core, priority=97, core=0), T6(Dget_core, priority=97, core=1), T17(A_cfg_fire, priority=2147483647, core=-1), T18(D_cfg_fire, priority=2147483647, core=-1)
[2026-05-23 18:10:29.570] [debug]   Suspended: (none)
[2026-05-23 18:10:29.571] [debug]     T17: fired successfully, fire_time = 200
[2026-05-23 18:10:29.571] [debug]   Per-core scheduling groups (4 total):
[2026-05-23 18:10:29.571] [debug]     Core 0: 1 transition(s)
[2026-05-23 18:10:29.571] [debug]     Core 1: 1 transition(s)
[2026-05-23 18:10:29.571] [debug]     Core -1 (control): 2 transition(s)
[2026-05-23 18:10:29.571] [debug]   Raw enabled: T4(Aget_core, priority=97, core=0), T6(Dget_core, priority=97, core=1), T17(A_cfg_fire, priority=2147483647, core=-1), T18(D_cfg_fire, priority=2147483647, core=-1)
[2026-05-23 18:10:29.571] [debug]   Effective enabled: T4(Aget_core, priority=97, core=0), T6(Dget_core, priority=97, core=1), T17(A_cfg_fire, priority=2147483647, core=-1), T18(D_cfg_fire, priority=2147483647, core=-1)
[2026-05-23 18:10:29.571] [debug]   Suspended: (none)
[2026-05-23 18:10:29.572] [debug]     T18: fired successfully, fire_time = 150
[2026-05-23 18:10:29.572] [debug]   Per-core scheduling groups (4 total):
[2026-05-23 18:10:29.572] [debug]     Core 0: 1 transition(s)
[2026-05-23 18:10:29.572] [debug]     Core 1: 1 transition(s)
[2026-05-23 18:10:29.572] [debug]     Core -1 (control): 2 transition(s)
[2026-05-23 18:10:29.572] [debug]   Raw enabled: T4(Aget_core, priority=97, core=0), T6(Dget_core, priority=97, core=1), T17(A_cfg_fire, priority=2147483647, core=-1), T18(D_cfg_fire, priority=2147483647, core=-1)
[2026-05-23 18:10:29.572] [debug]   Effective enabled: T4(Aget_core, priority=97, core=0), T6(Dget_core, priority=97, core=1), T17(A_cfg_fire, priority=2147483647, core=-1), T18(D_cfg_fire, priority=2147483647, core=-1)
[2026-05-23 18:10:29.572] [debug]   Suspended: (none)
[2026-05-23 18:10:29.573] [debug]   Per-core scheduling groups (4 total):
[2026-05-23 18:10:29.573] [debug]     Core 0: 1 transition(s)
[2026-05-23 18:10:29.573] [debug]     Core 1: 1 transition(s)
[2026-05-23 18:10:29.573] [debug]     Core -1 (control): 2 transition(s)
[2026-05-23 18:10:29.573] [debug]   Raw enabled: T5(Aexec, priority=97, core=0, suspendable), T6(Dget_core, priority=97, core=1), T17(A_cfg_fire, priority=2147483647, core=-1), T18(D_cfg_fire, priority=2147483647, core=-1)
[2026-05-23 18:10:29.573] [debug]   Effective enabled: T5(Aexec, priority=97, core=0, suspendable), T6(Dget_core, priority=97, core=1), T17(A_cfg_fire, priority=2147483647, core=-1), T18(D_cfg_fire, priority=2147483647, core=-1)
[2026-05-23 18:10:29.573] [debug]   Suspended: (none)
[2026-05-23 18:10:29.574] [debug]     T4: fired successfully, fire_time = 50
[2026-05-23 18:10:29.574] [debug]   Per-core scheduling groups (4 total):
[2026-05-23 18:10:29.574] [debug]     Core 0: 1 transition(s)
[2026-05-23 18:10:29.574] [debug]     Core 1: 1 transition(s)
[2026-05-23 18:10:29.574] [debug]     Core -1 (control): 2 transition(s)
[2026-05-23 18:10:29.574] [debug]   Raw enabled: T4(Aget_core, priority=97, core=0), T7(Dexec, priority=97, core=1, suspendable), T17(A_cfg_fire, priority=2147483647, core=-1), T18(D_cfg_fire, priority=2147483647, core=-1)
[2026-05-23 18:10:29.574] [debug]   Effective enabled: T4(Aget_core, priority=97, core=0), T7(Dexec, priority=97, core=1, suspendable), T17(A_cfg_fire, priority=2147483647, core=-1), T18(D_cfg_fire, priority=2147483647, core=-1)
[2026-05-23 18:10:29.574] [debug]   Suspended: (none)
[2026-05-23 18:10:29.575] [debug]     T6: fired successfully, fire_time = 50
[2026-05-23 18:10:29.575] [debug]   Per-core scheduling groups (4 total):
[2026-05-23 18:10:29.575] [debug]     Core 0: 1 transition(s)
[2026-05-23 18:10:29.575] [debug]     Core 1: 1 transition(s)
[2026-05-23 18:10:29.575] [debug]     Core -1 (control): 2 transition(s)
[2026-05-23 18:10:29.575] [debug]   Raw enabled: T4(Aget_core, priority=97, core=0), T6(Dget_core, priority=97, core=1), T17(A_cfg_fire, priority=2147483647, core=-1), T18(D_cfg_fire, priority=2147483647, core=-1)
[2026-05-23 18:10:29.575] [debug]   Effective enabled: T4(Aget_core, priority=97, core=0), T6(Dget_core, priority=97, core=1), T17(A_cfg_fire, priority=2147483647, core=-1), T18(D_cfg_fire, priority=2147483647, core=-1)
[2026-05-23 18:10:29.575] [debug]   Suspended: (none)
[2026-05-23 18:10:29.576] [debug]     T17: fired successfully, fire_time = 150
[2026-05-23 18:10:29.576] [debug]   Per-core scheduling groups (4 total):
[2026-05-23 18:10:29.576] [debug]     Core 0: 1 transition(s)
[2026-05-23 18:10:29.576] [debug]     Core 1: 1 transition(s)
[2026-05-23 18:10:29.576] [debug]     Core -1 (control): 2 transition(s)
[2026-05-23 18:10:29.576] [debug]   Raw enabled: T4(Aget_core, priority=97, core=0), T6(Dget_core, priority=97, core=1), T17(A_cfg_fire, priority=2147483647, core=-1), T18(D_cfg_fire, priority=2147483647, core=-1)
[2026-05-23 18:10:29.576] [debug]   Effective enabled: T4(Aget_core, priority=97, core=0), T6(Dget_core, priority=97, core=1), T17(A_cfg_fire, priority=2147483647, core=-1), T18(D_cfg_fire, priority=2147483647, core=-1)
[2026-05-23 18:10:29.576] [debug]   Suspended: (none)
[2026-05-23 18:10:29.577] [debug]     T18: fired successfully, fire_time = 100
[2026-05-23 18:10:29.577] [debug] [State 2] ========== State Class Details: ID=2 ==========
[2026-05-23 18:10:29.577] [debug] [State 2] Places: [P0(Fentry)=0, P1(Fready)=0, P2(Fexit)=0, P3(Eentry)=0, P4(Eready)=0, P5(Eexit)=0, P6(Aentry)=0, P7(Aready)=1, P8(Aexit)=0, P9(Dentry)=1, P10(Dready)=0, P11(Dexit)=0, P12(Centry)=0, P13(Cready)=0, P14(Cexit)=0, P15(Bentry)=0, P16(Bready)=0, P17(Bexit)=0, P18(A_cfg_random)=1, P19(D_cfg_random)=1, P20(E_suspended_C_0)=0, P21(D_suspended_C_1)=0, P22(D_suspended_E_2)=0, P23(A_suspended_B_3)=0, P24(F_suspended_B_4)=0, P25(F_suspended_A_5)=0, P26(core0)=0, P27(core1)=1]
[2026-05-23 18:10:29.577] [debug] [State 2] Enabled: T5(Aexec, priority=97, core=0, suspendable), T6(Dget_core, priority=97, core=1), T17(A_cfg_fire, priority=2147483647, core=-1), T18(D_cfg_fire, priority=2147483647, core=-1)
[2026-05-23 18:10:29.577] [debug] [State 2] Cumulative time: 0
[2026-05-23 18:10:29.577] [debug] [State 2] Z1 (non-suspendable):
[2026-05-23 18:10:29.577] [debug] [State 2]   DBM(size=34):
[2026-05-23 18:10:29.577] [debug] [State 2]             x0       x1       x2       x3       x4       x5       x6       x7       x8       x9       x10       x11       x12       x13       x14       x15       x16       x17       x18       x19       x20       x21       x22       x23       x24       x25       x26       x27       x28       x29       x30       x31       x32       x33
[2026-05-23 18:10:29.577] [debug] [State 2]   x0        0       0       0       0       0       0       0       0       0       0       0       0       0       0       0       0       0       0    -100     -50       0       0       0       0       0       0       0       0       0       0       0       0       0       0
[2026-05-23 18:10:29.577] [debug] [State 2]   x1      ∞       0     ∞     ∞     ∞     ∞     ∞     ∞     ∞     ∞     ∞     ∞     ∞     ∞     ∞     ∞     ∞     ∞     ∞     ∞     ∞     ∞     ∞     ∞     ∞     ∞     ∞     ∞     ∞     ∞     ∞     ∞     ∞     ∞
[2026-05-23 18:10:29.577] [debug] [State 2]   x2      ∞     ∞       0     ∞     ∞     ∞     ∞     ∞     ∞     ∞     ∞     ∞     ∞     ∞     ∞     ∞     ∞     ∞     ∞     ∞     ∞     ∞     ∞     ∞     ∞     ∞     ∞     ∞     ∞     ∞     ∞     ∞     ∞     ∞
[2026-05-23 18:10:29.577] [debug] [State 2]   x3      ∞     ∞     ∞       0     ∞     ∞     ∞     ∞     ∞     ∞     ∞     ∞     ∞     ∞     ∞     ∞     ∞     ∞     ∞     ∞     ∞     ∞     ∞     ∞     ∞     ∞     ∞     ∞     ∞     ∞     ∞     ∞     ∞     ∞
[2026-05-23 18:10:29.577] [debug] [State 2]   x4      ∞     ∞     ∞     ∞       0     ∞     ∞     ∞     ∞     ∞     ∞     ∞     ∞     ∞     ∞     ∞     ∞     ∞     ∞     ∞     ∞     ∞     ∞     ∞     ∞     ∞     ∞     ∞     ∞     ∞     ∞     ∞     ∞     ∞
[2026-05-23 18:10:29.577] [debug] [State 2]   x5      ∞     ∞     ∞     ∞     ∞       0     ∞     ∞     ∞     ∞     ∞     ∞     ∞     ∞     ∞     ∞     ∞     ∞     ∞     ∞     ∞     ∞     ∞     ∞     ∞     ∞     ∞     ∞     ∞     ∞     ∞     ∞     ∞     ∞
[2026-05-23 18:10:29.577] [debug] [State 2]   x6      ∞     ∞     ∞     ∞     ∞     ∞       0     ∞     ∞     ∞     ∞     ∞     ∞     ∞     ∞     ∞     ∞     ∞     ∞     ∞     ∞     ∞     ∞     ∞     ∞     ∞     ∞     ∞     ∞     ∞     ∞     ∞     ∞     ∞
[2026-05-23 18:10:29.577] [debug] [State 2]   x7        0       0       0       0       0       0       0       0       0       0       0       0       0       0       0       0       0       0    -100     -50       0       0       0       0       0       0       0       0       0       0       0       0       0       0
[2026-05-23 18:10:29.577] [debug] [State 2]   x8      ∞     ∞     ∞     ∞     ∞     ∞     ∞     ∞       0     ∞     ∞     ∞     ∞     ∞     ∞     ∞     ∞     ∞     ∞     ∞     ∞     ∞     ∞     ∞     ∞     ∞     ∞     ∞     ∞     ∞     ∞     ∞     ∞     ∞
[2026-05-23 18:10:29.577] [debug] [State 2]   x9      ∞     ∞     ∞     ∞     ∞     ∞     ∞     ∞     ∞       0     ∞     ∞     ∞     ∞     ∞     ∞     ∞     ∞     ∞     ∞     ∞     ∞     ∞     ∞     ∞     ∞     ∞     ∞     ∞     ∞     ∞     ∞     ∞     ∞
[2026-05-23 18:10:29.577] [debug] [State 2]   x10      ∞     ∞     ∞     ∞     ∞     ∞     ∞     ∞     ∞     ∞       0     ∞     ∞     ∞     ∞     ∞     ∞     ∞     ∞     ∞     ∞     ∞     ∞     ∞     ∞     ∞     ∞     ∞     ∞     ∞     ∞     ∞     ∞     ∞
[2026-05-23 18:10:29.577] [debug] [State 2]   x11      ∞     ∞     ∞     ∞     ∞     ∞     ∞     ∞     ∞     ∞     ∞       0     ∞     ∞     ∞     ∞     ∞     ∞     ∞     ∞     ∞     ∞     ∞     ∞     ∞     ∞     ∞     ∞     ∞     ∞     ∞     ∞     ∞     ∞
[2026-05-23 18:10:29.577] [debug] [State 2]   x12      ∞     ∞     ∞     ∞     ∞     ∞     ∞     ∞     ∞     ∞     ∞     ∞       0     ∞     ∞     ∞     ∞     ∞     ∞     ∞     ∞     ∞     ∞     ∞     ∞     ∞     ∞     ∞     ∞     ∞     ∞     ∞     ∞     ∞
[2026-05-23 18:10:29.577] [debug] [State 2]   x13      ∞     ∞     ∞     ∞     ∞     ∞     ∞     ∞     ∞     ∞     ∞     ∞     ∞       0     ∞     ∞     ∞     ∞     ∞     ∞     ∞     ∞     ∞     ∞     ∞     ∞     ∞     ∞     ∞     ∞     ∞     ∞     ∞     ∞
[2026-05-23 18:10:29.577] [debug] [State 2]   x14      ∞     ∞     ∞     ∞     ∞     ∞     ∞     ∞     ∞     ∞     ∞     ∞     ∞     ∞       0     ∞     ∞     ∞     ∞     ∞     ∞     ∞     ∞     ∞     ∞     ∞     ∞     ∞     ∞     ∞     ∞     ∞     ∞     ∞
[2026-05-23 18:10:29.578] [debug] [State 2]   x15      ∞     ∞     ∞     ∞     ∞     ∞     ∞     ∞     ∞     ∞     ∞     ∞     ∞     ∞     ∞       0     ∞     ∞     ∞     ∞     ∞     ∞     ∞     ∞     ∞     ∞     ∞     ∞     ∞     ∞     ∞     ∞     ∞     ∞
[2026-05-23 18:10:29.578] [debug] [State 2]   x16      ∞     ∞     ∞     ∞     ∞     ∞     ∞     ∞     ∞     ∞     ∞     ∞     ∞     ∞     ∞     ∞       0     ∞     ∞     ∞     ∞     ∞     ∞     ∞     ∞     ∞     ∞     ∞     ∞     ∞     ∞     ∞     ∞     ∞
[2026-05-23 18:10:29.578] [debug] [State 2]   x17      ∞     ∞     ∞     ∞     ∞     ∞     ∞     ∞     ∞     ∞     ∞     ∞     ∞     ∞     ∞     ∞     ∞       0     ∞     ∞     ∞     ∞     ∞     ∞     ∞     ∞     ∞     ∞     ∞     ∞     ∞     ∞     ∞     ∞
[2026-05-23 18:10:29.578] [debug] [State 2]   x18      100     100     100     100     100     100     100     100     100     100     100     100     100     100     100     100     100     100       0      50     100     100     100     100     100     100     100     100     100     100     100     100     100     100
[2026-05-23 18:10:29.578] [debug] [State 2]   x19       50      50      50      50      50      50      50      50      50      50      50      50      50      50      50      50      50      50     -50       0      50      50      50      50      50      50      50      50      50      50      50      50      50      50
[2026-05-23 18:10:29.578] [debug] [State 2]   x20      ∞     ∞     ∞     ∞     ∞     ∞     ∞     ∞     ∞     ∞     ∞     ∞     ∞     ∞     ∞     ∞     ∞     ∞     ∞     ∞       0     ∞     ∞     ∞     ∞     ∞     ∞     ∞     ∞     ∞     ∞     ∞     ∞     ∞
[2026-05-23 18:10:29.578] [debug] [State 2]   x21      ∞     ∞     ∞     ∞     ∞     ∞     ∞     ∞     ∞     ∞     ∞     ∞     ∞     ∞     ∞     ∞     ∞     ∞     ∞     ∞     ∞       0     ∞     ∞     ∞     ∞     ∞     ∞     ∞     ∞     ∞     ∞     ∞     ∞
[2026-05-23 18:10:29.578] [debug] [State 2]   x22      ∞     ∞     ∞     ∞     ∞     ∞     ∞     ∞     ∞     ∞     ∞     ∞     ∞     ∞     ∞     ∞     ∞     ∞     ∞     ∞     ∞     ∞       0     ∞     ∞     ∞     ∞     ∞     ∞     ∞     ∞     ∞     ∞     ∞
[2026-05-23 18:10:29.578] [debug] [State 2]   x23      ∞     ∞     ∞     ∞     ∞     ∞     ∞     ∞     ∞     ∞     ∞     ∞     ∞     ∞     ∞     ∞     ∞     ∞     ∞     ∞     ∞     ∞     ∞       0     ∞     ∞     ∞     ∞     ∞     ∞     ∞     ∞     ∞     ∞
[2026-05-23 18:10:29.578] [debug] [State 2]   x24      ∞     ∞     ∞     ∞     ∞     ∞     ∞     ∞     ∞     ∞     ∞     ∞     ∞     ∞     ∞     ∞     ∞     ∞     ∞     ∞     ∞     ∞     ∞     ∞       0     ∞     ∞     ∞     ∞     ∞     ∞     ∞     ∞     ∞
[2026-05-23 18:10:29.578] [debug] [State 2]   x25      ∞     ∞     ∞     ∞     ∞     ∞     ∞     ∞     ∞     ∞     ∞     ∞     ∞     ∞     ∞     ∞     ∞     ∞     ∞     ∞     ∞     ∞     ∞     ∞     ∞       0     ∞     ∞     ∞     ∞     ∞     ∞     ∞     ∞
[2026-05-23 18:10:29.578] [debug] [State 2]   x26      ∞     ∞     ∞     ∞     ∞     ∞     ∞     ∞     ∞     ∞     ∞     ∞     ∞     ∞     ∞     ∞     ∞     ∞     ∞     ∞     ∞     ∞     ∞     ∞     ∞     ∞       0     ∞     ∞     ∞     ∞     ∞     ∞     ∞
[2026-05-23 18:10:29.578] [debug] [State 2]   x27      ∞     ∞     ∞     ∞     ∞     ∞     ∞     ∞     ∞     ∞     ∞     ∞     ∞     ∞     ∞     ∞     ∞     ∞     ∞     ∞     ∞     ∞     ∞     ∞     ∞     ∞     ∞       0     ∞     ∞     ∞     ∞     ∞     ∞
[2026-05-23 18:10:29.578] [debug] [State 2]   x28      ∞     ∞     ∞     ∞     ∞     ∞     ∞     ∞     ∞     ∞     ∞     ∞     ∞     ∞     ∞     ∞     ∞     ∞     ∞     ∞     ∞     ∞     ∞     ∞     ∞     ∞     ∞     ∞       0     ∞     ∞     ∞     ∞     ∞
[2026-05-23 18:10:29.578] [debug] [State 2]   x29      ∞     ∞     ∞     ∞     ∞     ∞     ∞     ∞     ∞     ∞     ∞     ∞     ∞     ∞     ∞     ∞     ∞     ∞     ∞     ∞     ∞     ∞     ∞     ∞     ∞     ∞     ∞     ∞     ∞       0     ∞     ∞     ∞     ∞
[2026-05-23 18:10:29.578] [debug] [State 2]   x30      ∞     ∞     ∞     ∞     ∞     ∞     ∞     ∞     ∞     ∞     ∞     ∞     ∞     ∞     ∞     ∞     ∞     ∞     ∞     ∞     ∞     ∞     ∞     ∞     ∞     ∞     ∞     ∞     ∞     ∞       0     ∞     ∞     ∞
[2026-05-23 18:10:29.578] [debug] [State 2]   x31      ∞     ∞     ∞     ∞     ∞     ∞     ∞     ∞     ∞     ∞     ∞     ∞     ∞     ∞     ∞     ∞     ∞     ∞     ∞     ∞     ∞     ∞     ∞     ∞     ∞     ∞     ∞     ∞     ∞     ∞     ∞       0     ∞     ∞
[2026-05-23 18:10:29.578] [debug] [State 2]   x32      ∞     ∞     ∞     ∞     ∞     ∞     ∞     ∞     ∞     ∞     ∞     ∞     ∞     ∞     ∞     ∞     ∞     ∞     ∞     ∞     ∞     ∞     ∞     ∞     ∞     ∞     ∞     ∞     ∞     ∞     ∞     ∞       0     ∞
[2026-05-23 18:10:29.578] [debug] [State 2]   x33      ∞     ∞     ∞     ∞     ∞     ∞     ∞     ∞     ∞     ∞     ∞     ∞     ∞     ∞     ∞     ∞     ∞     ∞     ∞     ∞     ∞     ∞     ∞     ∞     ∞     ∞     ∞     ∞     ∞     ∞     ∞     ∞     ∞       0
[2026-05-23 18:10:29.578] [debug] [State 2] Z2 (suspendable):
[2026-05-23 18:10:29.578] [debug] [State 2]   DBM(size=34):
[2026-05-23 18:10:29.578] [debug] [State 2]             x0       x1       x2       x3       x4       x5       x6       x7       x8       x9       x10       x11       x12       x13       x14       x15       x16       x17       x18       x19       x20       x21       x22       x23       x24       x25       x26       x27       x28       x29       x30       x31       x32       x33
[2026-05-23 18:10:29.578] [debug] [State 2]   x0        0       0       0       0       0       0      -8       0       0       0       0       0       0       0       0       0       0       0       0       0       0       0       0       0       0       0       0       0       0       0       0       0       0       0
[2026-05-23 18:10:29.578] [debug] [State 2]   x1      ∞       0     ∞     ∞     ∞     ∞     ∞     ∞     ∞     ∞     ∞     ∞     ∞     ∞     ∞     ∞     ∞     ∞     ∞     ∞     ∞     ∞     ∞     ∞     ∞     ∞     ∞     ∞     ∞     ∞     ∞     ∞     ∞     ∞
[2026-05-23 18:10:29.578] [debug] [State 2]   x2      ∞     ∞       0     ∞     ∞     ∞     ∞     ∞     ∞     ∞     ∞     ∞     ∞     ∞     ∞     ∞     ∞     ∞     ∞     ∞     ∞     ∞     ∞     ∞     ∞     ∞     ∞     ∞     ∞     ∞     ∞     ∞     ∞     ∞
[2026-05-23 18:10:29.578] [debug] [State 2]   x3      ∞     ∞     ∞       0     ∞     ∞     ∞     ∞     ∞     ∞     ∞     ∞     ∞     ∞     ∞     ∞     ∞     ∞     ∞     ∞     ∞     ∞     ∞     ∞     ∞     ∞     ∞     ∞     ∞     ∞     ∞     ∞     ∞     ∞
[2026-05-23 18:10:29.578] [debug] [State 2]   x4      ∞     ∞     ∞     ∞       0     ∞     ∞     ∞     ∞     ∞     ∞     ∞     ∞     ∞     ∞     ∞     ∞     ∞     ∞     ∞     ∞     ∞     ∞     ∞     ∞     ∞     ∞     ∞     ∞     ∞     ∞     ∞     ∞     ∞
[2026-05-23 18:10:29.578] [debug] [State 2]   x5      ∞     ∞     ∞     ∞     ∞       0     ∞     ∞     ∞     ∞     ∞     ∞     ∞     ∞     ∞     ∞     ∞     ∞     ∞     ∞     ∞     ∞     ∞     ∞     ∞     ∞     ∞     ∞     ∞     ∞     ∞     ∞     ∞     ∞
[2026-05-23 18:10:29.578] [debug] [State 2]   x6        8       8       8       8       8       8       0       8       8       8       8       8       8       8       8       8       8       8       8       8       8       8       8       8       8       8       8       8       8       8       8       8       8       8
[2026-05-23 18:10:29.578] [debug] [State 2]   x7      ∞     ∞     ∞     ∞     ∞     ∞     ∞       0     ∞     ∞     ∞     ∞     ∞     ∞     ∞     ∞     ∞     ∞     ∞     ∞     ∞     ∞     ∞     ∞     ∞     ∞     ∞     ∞     ∞     ∞     ∞     ∞     ∞     ∞
[2026-05-23 18:10:29.578] [debug] [State 2]   x8      ∞     ∞     ∞     ∞     ∞     ∞     ∞     ∞       0     ∞     ∞     ∞     ∞     ∞     ∞     ∞     ∞     ∞     ∞     ∞     ∞     ∞     ∞     ∞     ∞     ∞     ∞     ∞     ∞     ∞     ∞     ∞     ∞     ∞
[2026-05-23 18:10:29.578] [debug] [State 2]   x9      ∞     ∞     ∞     ∞     ∞     ∞     ∞     ∞     ∞       0     ∞     ∞     ∞     ∞     ∞     ∞     ∞     ∞     ∞     ∞     ∞     ∞     ∞     ∞     ∞     ∞     ∞     ∞     ∞     ∞     ∞     ∞     ∞     ∞
[2026-05-23 18:10:29.578] [debug] [State 2]   x10      ∞     ∞     ∞     ∞     ∞     ∞     ∞     ∞     ∞     ∞       0     ∞     ∞     ∞     ∞     ∞     ∞     ∞     ∞     ∞     ∞     ∞     ∞     ∞     ∞     ∞     ∞     ∞     ∞     ∞     ∞     ∞     ∞     ∞
[2026-05-23 18:10:29.578] [debug] [State 2]   x11      ∞     ∞     ∞     ∞     ∞     ∞     ∞     ∞     ∞     ∞     ∞       0     ∞     ∞     ∞     ∞     ∞     ∞     ∞     ∞     ∞     ∞     ∞     ∞     ∞     ∞     ∞     ∞     ∞     ∞     ∞     ∞     ∞     ∞
[2026-05-23 18:10:29.578] [debug] [State 2]   x12      ∞     ∞     ∞     ∞     ∞     ∞     ∞     ∞     ∞     ∞     ∞     ∞       0     ∞     ∞     ∞     ∞     ∞     ∞     ∞     ∞     ∞     ∞     ∞     ∞     ∞     ∞     ∞     ∞     ∞     ∞     ∞     ∞     ∞
[2026-05-23 18:10:29.578] [debug] [State 2]   x13      ∞     ∞     ∞     ∞     ∞     ∞     ∞     ∞     ∞     ∞     ∞     ∞     ∞       0     ∞     ∞     ∞     ∞     ∞     ∞     ∞     ∞     ∞     ∞     ∞     ∞     ∞     ∞     ∞     ∞     ∞     ∞     ∞     ∞
[2026-05-23 18:10:29.578] [debug] [State 2]   x14      ∞     ∞     ∞     ∞     ∞     ∞     ∞     ∞     ∞     ∞     ∞     ∞     ∞     ∞       0     ∞     ∞     ∞     ∞     ∞     ∞     ∞     ∞     ∞     ∞     ∞     ∞     ∞     ∞     ∞     ∞     ∞     ∞     ∞
[2026-05-23 18:10:29.578] [debug] [State 2]   x15      ∞     ∞     ∞     ∞     ∞     ∞     ∞     ∞     ∞     ∞     ∞     ∞     ∞     ∞     ∞       0     ∞     ∞     ∞     ∞     ∞     ∞     ∞     ∞     ∞     ∞     ∞     ∞     ∞     ∞     ∞     ∞     ∞     ∞
[2026-05-23 18:10:29.578] [debug] [State 2]   x16      ∞     ∞     ∞     ∞     ∞     ∞     ∞     ∞     ∞     ∞     ∞     ∞     ∞     ∞     ∞     ∞       0     ∞     ∞     ∞     ∞     ∞     ∞     ∞     ∞     ∞     ∞     ∞     ∞     ∞     ∞     ∞     ∞     ∞
[2026-05-23 18:10:29.578] [debug] [State 2]   x17      ∞     ∞     ∞     ∞     ∞     ∞     ∞     ∞     ∞     ∞     ∞     ∞     ∞     ∞     ∞     ∞     ∞       0     ∞     ∞     ∞     ∞     ∞     ∞     ∞     ∞     ∞     ∞     ∞     ∞     ∞     ∞     ∞     ∞
[2026-05-23 18:10:29.578] [debug] [State 2]   x18      ∞     ∞     ∞     ∞     ∞     ∞     ∞     ∞     ∞     ∞     ∞     ∞     ∞     ∞     ∞     ∞     ∞     ∞       0     ∞     ∞     ∞     ∞     ∞     ∞     ∞     ∞     ∞     ∞     ∞     ∞     ∞     ∞     ∞
[2026-05-23 18:10:29.578] [debug] [State 2]   x19      ∞     ∞     ∞     ∞     ∞     ∞     ∞     ∞     ∞     ∞     ∞     ∞     ∞     ∞     ∞     ∞     ∞     ∞     ∞       0     ∞     ∞     ∞     ∞     ∞     ∞     ∞     ∞     ∞     ∞     ∞     ∞     ∞     ∞
[2026-05-23 18:10:29.578] [debug] [State 2]   x20      ∞     ∞     ∞     ∞     ∞     ∞     ∞     ∞     ∞     ∞     ∞     ∞     ∞     ∞     ∞     ∞     ∞     ∞     ∞     ∞       0     ∞     ∞     ∞     ∞     ∞     ∞     ∞     ∞     ∞     ∞     ∞     ∞     ∞
[2026-05-23 18:10:29.578] [debug] [State 2]   x21      ∞     ∞     ∞     ∞     ∞     ∞     ∞     ∞     ∞     ∞     ∞     ∞     ∞     ∞     ∞     ∞     ∞     ∞     ∞     ∞     ∞       0     ∞     ∞     ∞     ∞     ∞     ∞     ∞     ∞     ∞     ∞     ∞     ∞
[2026-05-23 18:10:29.578] [debug] [State 2]   x22      ∞     ∞     ∞     ∞     ∞     ∞     ∞     ∞     ∞     ∞     ∞     ∞     ∞     ∞     ∞     ∞     ∞     ∞     ∞     ∞     ∞     ∞       0     ∞     ∞     ∞     ∞     ∞     ∞     ∞     ∞     ∞     ∞     ∞
[2026-05-23 18:10:29.578] [debug] [State 2]   x23      ∞     ∞     ∞     ∞     ∞     ∞     ∞     ∞     ∞     ∞     ∞     ∞     ∞     ∞     ∞     ∞     ∞     ∞     ∞     ∞     ∞     ∞     ∞       0     ∞     ∞     ∞     ∞     ∞     ∞     ∞     ∞     ∞     ∞
[2026-05-23 18:10:29.578] [debug] [State 2]   x24      ∞     ∞     ∞     ∞     ∞     ∞     ∞     ∞     ∞     ∞     ∞     ∞     ∞     ∞     ∞     ∞     ∞     ∞     ∞     ∞     ∞     ∞     ∞     ∞       0     ∞     ∞     ∞     ∞     ∞     ∞     ∞     ∞     ∞
[2026-05-23 18:10:29.578] [debug] [State 2]   x25      ∞     ∞     ∞     ∞     ∞     ∞     ∞     ∞     ∞     ∞     ∞     ∞     ∞     ∞     ∞     ∞     ∞     ∞     ∞     ∞     ∞     ∞     ∞     ∞     ∞       0     ∞     ∞     ∞     ∞     ∞     ∞     ∞     ∞
[2026-05-23 18:10:29.578] [debug] [State 2]   x26      ∞     ∞     ∞     ∞     ∞     ∞     ∞     ∞     ∞     ∞     ∞     ∞     ∞     ∞     ∞     ∞     ∞     ∞     ∞     ∞     ∞     ∞     ∞     ∞     ∞     ∞       0     ∞     ∞     ∞     ∞     ∞     ∞     ∞
[2026-05-23 18:10:29.578] [debug] [State 2]   x27      ∞     ∞     ∞     ∞     ∞     ∞     ∞     ∞     ∞     ∞     ∞     ∞     ∞     ∞     ∞     ∞     ∞     ∞     ∞     ∞     ∞     ∞     ∞     ∞     ∞     ∞     ∞       0     ∞     ∞     ∞     ∞     ∞     ∞
[2026-05-23 18:10:29.578] [debug] [State 2]   x28      ∞     ∞     ∞     ∞     ∞     ∞     ∞     ∞     ∞     ∞     ∞     ∞     ∞     ∞     ∞     ∞     ∞     ∞     ∞     ∞     ∞     ∞     ∞     ∞     ∞     ∞     ∞     ∞       0     ∞     ∞     ∞     ∞     ∞
[2026-05-23 18:10:29.578] [debug] [State 2]   x29      ∞     ∞     ∞     ∞     ∞     ∞     ∞     ∞     ∞     ∞     ∞     ∞     ∞     ∞     ∞     ∞     ∞     ∞     ∞     ∞     ∞     ∞     ∞     ∞     ∞     ∞     ∞     ∞     ∞       0     ∞     ∞     ∞     ∞
[2026-05-23 18:10:29.578] [debug] [State 2]   x30      ∞     ∞     ∞     ∞     ∞     ∞     ∞     ∞     ∞     ∞     ∞     ∞     ∞     ∞     ∞     ∞     ∞     ∞     ∞     ∞     ∞     ∞     ∞     ∞     ∞     ∞     ∞     ∞     ∞     ∞       0     ∞     ∞     ∞
[2026-05-23 18:10:29.578] [debug] [State 2]   x31      ∞     ∞     ∞     ∞     ∞     ∞     ∞     ∞     ∞     ∞     ∞     ∞     ∞     ∞     ∞     ∞     ∞     ∞     ∞     ∞     ∞     ∞     ∞     ∞     ∞     ∞     ∞     ∞     ∞     ∞     ∞       0     ∞     ∞
[2026-05-23 18:10:29.578] [debug] [State 2]   x32      ∞     ∞     ∞     ∞     ∞     ∞     ∞     ∞     ∞     ∞     ∞     ∞     ∞     ∞     ∞     ∞     ∞     ∞     ∞     ∞     ∞     ∞     ∞     ∞     ∞     ∞     ∞     ∞     ∞     ∞     ∞     ∞       0     ∞
[2026-05-23 18:10:29.578] [debug] [State 2]   x33      ∞     ∞     ∞     ∞     ∞     ∞     ∞     ∞     ∞     ∞     ∞     ∞     ∞     ∞     ∞     ∞     ∞     ∞     ∞     ∞     ∞     ∞     ∞     ∞     ∞     ∞     ∞     ∞     ∞     ∞     ∞     ∞     ∞       0
[2026-05-23 18:10:29.578] [debug] [State 2] ==========================================
[2026-05-23 18:10:29.578] [debug] [STATE] State 2 --T5@8--> candidate
[2026-05-23 18:10:29.578] [debug] [STATE]   [New] Add state 6 to graph and frontier
[2026-05-23 18:10:29.578] [debug] [New state 6] ========== State Class Details: ID=6 ==========
[2026-05-23 18:10:29.578] [debug] [New state 6] Places: [P0(Fentry)=0, P1(Fready)=0, P2(Fexit)=0, P3(Eentry)=0, P4(Eready)=0, P5(Eexit)=0, P6(Aentry)=0, P7(Aready)=0, P8(Aexit)=1, P9(Dentry)=1, P10(Dready)=0, P11(Dexit)=0, P12(Centry)=0, P13(Cready)=0, P14(Cexit)=0, P15(Bentry)=0, P16(Bready)=0, P17(Bexit)=0, P18(A_cfg_random)=1, P19(D_cfg_random)=1, P20(E_suspended_C_0)=0, P21(D_suspended_C_1)=0, P22(D_suspended_E_2)=0, P23(A_suspended_B_3)=0, P24(F_suspended_B_4)=0, P25(F_suspended_A_5)=0, P26(core0)=1, P27(core1)=1]
[2026-05-23 18:10:29.578] [debug] [New state 6] Enabled: T6(Dget_core, priority=97, core=1), T12(A_to_B, priority=2147483647, core=-1), T17(A_cfg_fire, priority=2147483647, core=-1), T18(D_cfg_fire, priority=2147483647, core=-1)
[2026-05-23 18:10:29.578] [debug] [New state 6] Cumulative time: 8
[2026-05-23 18:10:29.578] [debug] [New state 6] Z1 (non-suspendable):
[2026-05-23 18:10:29.578] [debug] [New state 6]   DBM(size=34):
[2026-05-23 18:10:29.578] [debug] [New state 6]             x0       x1       x2       x3       x4       x5       x6       x7       x8       x9       x10       x11       x12       x13       x14       x15       x16       x17       x18       x19       x20       x21       x22       x23       x24       x25       x26       x27       x28       x29       x30       x31       x32       x33
[2026-05-23 18:10:29.578] [debug] [New state 6]   x0 -1562431680-1928149200-1928149200-1928149200-1928149200-1928149200-1928149200-1928149208-1931755536-1931755536-1931755536-1931755536-1931755536-1931755544-1953414360-1953414144-1953189576-1979280000-1953414468-781215898-1562431680-1562431680-1562431680-1562431680-1562431680-1562431680-1562431680-1562431680-1562431680-1562431680-1562431680-1562431680-1562431680-1562431680
[2026-05-23 18:10:29.578] [debug] [New state 6]   x1      ∞       0     ∞     ∞     ∞     ∞     ∞     ∞     ∞     ∞     ∞     ∞     ∞     ∞     ∞     ∞     ∞     ∞     ∞     ∞     ∞     ∞     ∞     ∞     ∞     ∞     ∞     ∞     ∞     ∞     ∞     ∞     ∞     ∞
[2026-05-23 18:10:29.578] [debug] [New state 6]   x2      ∞     ∞       0     ∞     ∞     ∞     ∞     ∞     ∞     ∞     ∞     ∞     ∞     ∞     ∞     ∞     ∞     ∞     ∞     ∞     ∞     ∞     ∞     ∞     ∞     ∞     ∞     ∞     ∞     ∞     ∞     ∞     ∞     ∞
[2026-05-23 18:10:29.578] [debug] [New state 6]   x3      ∞     ∞     ∞       0     ∞     ∞     ∞     ∞     ∞     ∞     ∞     ∞     ∞     ∞     ∞     ∞     ∞     ∞     ∞     ∞     ∞     ∞     ∞     ∞     ∞     ∞     ∞     ∞     ∞     ∞     ∞     ∞     ∞     ∞
[2026-05-23 18:10:29.578] [debug] [New state 6]   x4      ∞     ∞     ∞     ∞       0     ∞     ∞     ∞     ∞     ∞     ∞     ∞     ∞     ∞     ∞     ∞     ∞     ∞     ∞     ∞     ∞     ∞     ∞     ∞     ∞     ∞     ∞     ∞     ∞     ∞     ∞     ∞     ∞     ∞
[2026-05-23 18:10:29.578] [debug] [New state 6]   x5      ∞     ∞     ∞     ∞     ∞       0     ∞     ∞     ∞     ∞     ∞     ∞     ∞     ∞     ∞     ∞     ∞     ∞     ∞     ∞     ∞     ∞     ∞     ∞     ∞     ∞     ∞     ∞     ∞     ∞     ∞     ∞     ∞     ∞
[2026-05-23 18:10:29.578] [debug] [New state 6]   x6      ∞     ∞     ∞     ∞     ∞     ∞       0     ∞     ∞     ∞     ∞     ∞     ∞     ∞     ∞     ∞     ∞     ∞     ∞     ∞     ∞     ∞     ∞     ∞     ∞     ∞     ∞     ∞     ∞     ∞     ∞     ∞     ∞     ∞
[2026-05-23 18:10:29.578] [debug] [New state 6]   x7 -1928149192-1251745912-1251745912-1251745912-1251745912-1251745912-1251745912-1251745920-1255352248-1255352248-1255352248-1255352248-1255352248-1255352256-1277011072-1277010856-1276786288-1042721272-1277011180-1407088850-1699105416-1699105416-1699105416-1699105416-1699105416-1699105416-1699105416-1699105416-1699105416-1699105416-1699105416-1699105416-1699105416-1699105416
[2026-05-23 18:10:29.578] [debug] [New state 6]   x8      ∞     ∞     ∞     ∞     ∞     ∞     ∞     ∞       0     ∞     ∞     ∞     ∞     ∞     ∞     ∞     ∞     ∞     ∞     ∞     ∞     ∞     ∞     ∞     ∞     ∞     ∞     ∞     ∞     ∞     ∞     ∞     ∞     ∞
[2026-05-23 18:10:29.578] [debug] [New state 6]   x9      ∞     ∞     ∞     ∞     ∞     ∞     ∞     ∞     ∞       0     ∞     ∞     ∞     ∞     ∞     ∞     ∞     ∞     ∞     ∞     ∞     ∞     ∞     ∞     ∞     ∞     ∞     ∞     ∞     ∞     ∞     ∞     ∞     ∞
[2026-05-23 18:10:29.578] [debug] [New state 6]   x10      ∞     ∞     ∞     ∞     ∞     ∞     ∞     ∞     ∞     ∞       0     ∞     ∞     ∞     ∞     ∞     ∞     ∞     ∞     ∞     ∞     ∞     ∞     ∞     ∞     ∞     ∞     ∞     ∞     ∞     ∞     ∞     ∞     ∞
[2026-05-23 18:10:29.578] [debug] [New state 6]   x11      ∞     ∞     ∞     ∞     ∞     ∞     ∞     ∞     ∞     ∞     ∞       0     ∞     ∞     ∞     ∞     ∞     ∞     ∞     ∞     ∞     ∞     ∞     ∞     ∞     ∞     ∞     ∞     ∞     ∞     ∞     ∞     ∞     ∞
[2026-05-23 18:10:29.578] [debug] [New state 6]   x12      ∞     ∞     ∞     ∞     ∞     ∞     ∞     ∞     ∞     ∞     ∞     ∞       0     ∞     ∞     ∞     ∞     ∞     ∞     ∞     ∞     ∞     ∞     ∞     ∞     ∞     ∞     ∞     ∞     ∞     ∞     ∞     ∞     ∞
[2026-05-23 18:10:29.578] [debug] [New state 6]   x13 -1931755536-1255352256-1255352256-1255352256-1255352256-1255352256-1255352256-1255352264-1258958592-1258958592-1258958592-1258958592-1258958592-1258958600-1280617416-1280617200-1280392632-1046327616-1280617524-1410695194-1702711760-1702711760-1702711760-1702711760-1702711760-1702711760-1702711760-1702711760-1702711760-1702711760-1702711760-1702711760-1702711760-1702711760
[2026-05-23 18:10:29.578] [debug] [New state 6]   x14      ∞     ∞     ∞     ∞     ∞     ∞     ∞     ∞     ∞     ∞     ∞     ∞     ∞     ∞       0     ∞     ∞     ∞     ∞     ∞     ∞     ∞     ∞     ∞     ∞     ∞     ∞     ∞     ∞     ∞     ∞     ∞     ∞     ∞
[2026-05-23 18:10:29.578] [debug] [New state 6]   x15      ∞     ∞     ∞     ∞     ∞     ∞     ∞     ∞     ∞     ∞     ∞     ∞     ∞     ∞     ∞       0     ∞     ∞     ∞     ∞     ∞     ∞     ∞     ∞     ∞     ∞     ∞     ∞     ∞     ∞     ∞     ∞     ∞     ∞
[2026-05-23 18:10:29.578] [debug] [New state 6]   x16      ∞     ∞     ∞     ∞     ∞     ∞     ∞     ∞     ∞     ∞     ∞     ∞     ∞     ∞     ∞     ∞       0     ∞     ∞     ∞     ∞     ∞     ∞     ∞     ∞     ∞     ∞     ∞     ∞     ∞     ∞     ∞     ∞     ∞
[2026-05-23 18:10:29.578] [debug] [New state 6]   x17      ∞     ∞     ∞     ∞     ∞     ∞     ∞     ∞     ∞     ∞     ∞     ∞     ∞     ∞     ∞     ∞     ∞       0     ∞     ∞     ∞     ∞     ∞     ∞     ∞     ∞     ∞     ∞     ∞     ∞     ∞     ∞     ∞     ∞
[2026-05-23 18:10:29.578] [debug] [New state 6]   x18 -1953414252-1277010972-1277010972-1277010972-1277010972-1277010972-1277010972-1277010980-1280617308-1280617308-1280617308-1280617308-1280617308-1280617316-1302276132-1302275916-1302051348-1067986332-1302276240-1432353910-1724370476-1724370476-1724370476-1724370476-1724370476-1724370476-1724370476-1724370476-1724370476-1724370476-1724370476-1724370476-1724370476-1724370476
[2026-05-23 18:10:29.578] [debug] [New state 6]   x19 -781215782-1407088742-1407088742-1407088742-1407088742-1407088742-1407088742-1407088750-1410695078-1410695078-1410695078-1410695078-1410695078-1410695086-1432353902-1432353686-1432129118-1198064102-1432354010-1562431680-1854448246-1854448246-1854448246-1854448246-1854448246-1854448246-1854448246-1854448246-1854448246-1854448246-1854448246-1854448246-1854448246-1854448246
[2026-05-23 18:10:29.578] [debug] [New state 6]   x20      ∞     ∞     ∞     ∞     ∞     ∞     ∞     ∞     ∞     ∞     ∞     ∞     ∞     ∞     ∞     ∞     ∞     ∞     ∞     ∞       0     ∞     ∞     ∞     ∞     ∞     ∞     ∞     ∞     ∞     ∞     ∞     ∞     ∞
[2026-05-23 18:10:29.578] [debug] [New state 6]   x21      ∞     ∞     ∞     ∞     ∞     ∞     ∞     ∞     ∞     ∞     ∞     ∞     ∞     ∞     ∞     ∞     ∞     ∞     ∞     ∞     ∞       0     ∞     ∞     ∞     ∞     ∞     ∞     ∞     ∞     ∞     ∞     ∞     ∞
[2026-05-23 18:10:29.578] [debug] [New state 6]   x22      ∞     ∞     ∞     ∞     ∞     ∞     ∞     ∞     ∞     ∞     ∞     ∞     ∞     ∞     ∞     ∞     ∞     ∞     ∞     ∞     ∞     ∞       0     ∞     ∞     ∞     ∞     ∞     ∞     ∞     ∞     ∞     ∞     ∞
[2026-05-23 18:10:29.578] [debug] [New state 6]   x23      ∞     ∞     ∞     ∞     ∞     ∞     ∞     ∞     ∞     ∞     ∞     ∞     ∞     ∞     ∞     ∞     ∞     ∞     ∞     ∞     ∞     ∞     ∞       0     ∞     ∞     ∞     ∞     ∞     ∞     ∞     ∞     ∞     ∞
[2026-05-23 18:10:29.578] [debug] [New state 6]   x24      ∞     ∞     ∞     ∞     ∞     ∞     ∞     ∞     ∞     ∞     ∞     ∞     ∞     ∞     ∞     ∞     ∞     ∞     ∞     ∞     ∞     ∞     ∞     ∞       0     ∞     ∞     ∞     ∞     ∞     ∞     ∞     ∞     ∞
[2026-05-23 18:10:29.578] [debug] [New state 6]   x25      ∞     ∞     ∞     ∞     ∞     ∞     ∞     ∞     ∞     ∞     ∞     ∞     ∞     ∞     ∞     ∞     ∞     ∞     ∞     ∞     ∞     ∞     ∞     ∞     ∞       0     ∞     ∞     ∞     ∞     ∞     ∞     ∞     ∞
[2026-05-23 18:10:29.578] [debug] [New state 6]   x26      ∞     ∞     ∞     ∞     ∞     ∞     ∞     ∞     ∞     ∞     ∞     ∞     ∞     ∞     ∞     ∞     ∞     ∞     ∞     ∞     ∞     ∞     ∞     ∞     ∞     ∞       0     ∞     ∞     ∞     ∞     ∞     ∞     ∞
[2026-05-23 18:10:29.578] [debug] [New state 6]   x27      ∞     ∞     ∞     ∞     ∞     ∞     ∞     ∞     ∞     ∞     ∞     ∞     ∞     ∞     ∞     ∞     ∞     ∞     ∞     ∞     ∞     ∞     ∞     ∞     ∞     ∞     ∞       0     ∞     ∞     ∞     ∞     ∞     ∞
[2026-05-23 18:10:29.578] [debug] [New state 6]   x28      ∞     ∞     ∞     ∞     ∞     ∞     ∞     ∞     ∞     ∞     ∞     ∞     ∞     ∞     ∞     ∞     ∞     ∞     ∞     ∞     ∞     ∞     ∞     ∞     ∞     ∞     ∞     ∞       0     ∞     ∞     ∞     ∞     ∞
[2026-05-23 18:10:29.578] [debug] [New state 6]   x29      ∞     ∞     ∞     ∞     ∞     ∞     ∞     ∞     ∞     ∞     ∞     ∞     ∞     ∞     ∞     ∞     ∞     ∞     ∞     ∞     ∞     ∞     ∞     ∞     ∞     ∞     ∞     ∞     ∞       0     ∞     ∞     ∞     ∞
[2026-05-23 18:10:29.578] [debug] [New state 6]   x30      ∞     ∞     ∞     ∞     ∞     ∞     ∞     ∞     ∞     ∞     ∞     ∞     ∞     ∞     ∞     ∞     ∞     ∞     ∞     ∞     ∞     ∞     ∞     ∞     ∞     ∞     ∞     ∞     ∞     ∞       0     ∞     ∞     ∞
[2026-05-23 18:10:29.578] [debug] [New state 6]   x31      ∞     ∞     ∞     ∞     ∞     ∞     ∞     ∞     ∞     ∞     ∞     ∞     ∞     ∞     ∞     ∞     ∞     ∞     ∞     ∞     ∞     ∞     ∞     ∞     ∞     ∞     ∞     ∞     ∞     ∞     ∞       0     ∞     ∞
[2026-05-23 18:10:29.578] [debug] [New state 6]   x32      ∞     ∞     ∞     ∞     ∞     ∞     ∞     ∞     ∞     ∞     ∞     ∞     ∞     ∞     ∞     ∞     ∞     ∞     ∞     ∞     ∞     ∞     ∞     ∞     ∞     ∞     ∞     ∞     ∞     ∞     ∞     ∞       0     ∞
[2026-05-23 18:10:29.578] [debug] [New state 6]   x33      ∞     ∞     ∞     ∞     ∞     ∞     ∞     ∞     ∞     ∞     ∞     ∞     ∞     ∞     ∞     ∞     ∞     ∞     ∞     ∞     ∞     ∞     ∞     ∞     ∞     ∞     ∞     ∞     ∞     ∞     ∞     ∞     ∞       0
[2026-05-23 18:10:29.578] [debug] [New state 6] Z2 (suspendable):
[2026-05-23 18:10:29.578] [debug] [New state 6]   DBM(size=34):
[2026-05-23 18:10:29.578] [debug] [New state 6]             x0       x1       x2       x3       x4       x5       x6       x7       x8       x9       x10       x11       x12       x13       x14       x15       x16       x17       x18       x19       x20       x21       x22       x23       x24       x25       x26       x27       x28       x29       x30       x31       x32       x33
[2026-05-23 18:10:29.578] [debug] [New state 6]   x0        0       0       0       0       0       0       0       0       0       0       0       0       0       0       0       0       0       0       0       0       0       0       0       0       0       0       0       0       0       0       0       0       0       0
[2026-05-23 18:10:29.578] [debug] [New state 6]   x1      ∞       0     ∞     ∞     ∞     ∞     ∞     ∞     ∞     ∞     ∞     ∞     ∞     ∞     ∞     ∞     ∞     ∞     ∞     ∞     ∞     ∞     ∞     ∞     ∞     ∞     ∞     ∞     ∞     ∞     ∞     ∞     ∞     ∞
[2026-05-23 18:10:29.578] [debug] [New state 6]   x2      ∞     ∞       0     ∞     ∞     ∞     ∞     ∞     ∞     ∞     ∞     ∞     ∞     ∞     ∞     ∞     ∞     ∞     ∞     ∞     ∞     ∞     ∞     ∞     ∞     ∞     ∞     ∞     ∞     ∞     ∞     ∞     ∞     ∞
[2026-05-23 18:10:29.578] [debug] [New state 6]   x3      ∞     ∞     ∞       0     ∞     ∞     ∞     ∞     ∞     ∞     ∞     ∞     ∞     ∞     ∞     ∞     ∞     ∞     ∞     ∞     ∞     ∞     ∞     ∞     ∞     ∞     ∞     ∞     ∞     ∞     ∞     ∞     ∞     ∞
[2026-05-23 18:10:29.578] [debug] [New state 6]   x4      ∞     ∞     ∞     ∞       0     ∞     ∞     ∞     ∞     ∞     ∞     ∞     ∞     ∞     ∞     ∞     ∞     ∞     ∞     ∞     ∞     ∞     ∞     ∞     ∞     ∞     ∞     ∞     ∞     ∞     ∞     ∞     ∞     ∞
[2026-05-23 18:10:29.578] [debug] [New state 6]   x5      ∞     ∞     ∞     ∞     ∞       0     ∞     ∞     ∞     ∞     ∞     ∞     ∞     ∞     ∞     ∞     ∞     ∞     ∞     ∞     ∞     ∞     ∞     ∞     ∞     ∞     ∞     ∞     ∞     ∞     ∞     ∞     ∞     ∞
[2026-05-23 18:10:29.578] [debug] [New state 6]   x6      ∞     ∞     ∞     ∞     ∞     ∞       0     ∞     ∞     ∞     ∞     ∞     ∞     ∞     ∞     ∞     ∞     ∞     ∞     ∞     ∞     ∞     ∞     ∞     ∞     ∞     ∞     ∞     ∞     ∞     ∞     ∞     ∞     ∞
[2026-05-23 18:10:29.578] [debug] [New state 6]   x7      ∞     ∞     ∞     ∞     ∞     ∞     ∞       0     ∞     ∞     ∞     ∞     ∞     ∞     ∞     ∞     ∞     ∞     ∞     ∞     ∞     ∞     ∞     ∞     ∞     ∞     ∞     ∞     ∞     ∞     ∞     ∞     ∞     ∞
[2026-05-23 18:10:29.578] [debug] [New state 6]   x8      ∞     ∞     ∞     ∞     ∞     ∞     ∞     ∞       0     ∞     ∞     ∞     ∞     ∞     ∞     ∞     ∞     ∞     ∞     ∞     ∞     ∞     ∞     ∞     ∞     ∞     ∞     ∞     ∞     ∞     ∞     ∞     ∞     ∞
[2026-05-23 18:10:29.578] [debug] [New state 6]   x9      ∞     ∞     ∞     ∞     ∞     ∞     ∞     ∞     ∞       0     ∞     ∞     ∞     ∞     ∞     ∞     ∞     ∞     ∞     ∞     ∞     ∞     ∞     ∞     ∞     ∞     ∞     ∞     ∞     ∞     ∞     ∞     ∞     ∞
[2026-05-23 18:10:29.578] [debug] [New state 6]   x10      ∞     ∞     ∞     ∞     ∞     ∞     ∞     ∞     ∞     ∞       0     ∞     ∞     ∞     ∞     ∞     ∞     ∞     ∞     ∞     ∞     ∞     ∞     ∞     ∞     ∞     ∞     ∞     ∞     ∞     ∞     ∞     ∞     ∞
[2026-05-23 18:10:29.578] [debug] [New state 6]   x11      ∞     ∞     ∞     ∞     ∞     ∞     ∞     ∞     ∞     ∞     ∞       0     ∞     ∞     ∞     ∞     ∞     ∞     ∞     ∞     ∞     ∞     ∞     ∞     ∞     ∞     ∞     ∞     ∞     ∞     ∞     ∞     ∞     ∞
[2026-05-23 18:10:29.578] [debug] [New state 6]   x12      ∞     ∞     ∞     ∞     ∞     ∞     ∞     ∞     ∞     ∞     ∞     ∞       0     ∞     ∞     ∞     ∞     ∞     ∞     ∞     ∞     ∞     ∞     ∞     ∞     ∞     ∞     ∞     ∞     ∞     ∞     ∞     ∞     ∞
[2026-05-23 18:10:29.578] [debug] [New state 6]   x13      ∞     ∞     ∞     ∞     ∞     ∞     ∞     ∞     ∞     ∞     ∞     ∞     ∞       0     ∞     ∞     ∞     ∞     ∞     ∞     ∞     ∞     ∞     ∞     ∞     ∞     ∞     ∞     ∞     ∞     ∞     ∞     ∞     ∞
[2026-05-23 18:10:29.578] [debug] [New state 6]   x14      ∞     ∞     ∞     ∞     ∞     ∞     ∞     ∞     ∞     ∞     ∞     ∞     ∞     ∞       0     ∞     ∞     ∞     ∞     ∞     ∞     ∞     ∞     ∞     ∞     ∞     ∞     ∞     ∞     ∞     ∞     ∞     ∞     ∞
[2026-05-23 18:10:29.578] [debug] [New state 6]   x15      ∞     ∞     ∞     ∞     ∞     ∞     ∞     ∞     ∞     ∞     ∞     ∞     ∞     ∞     ∞       0     ∞     ∞     ∞     ∞     ∞     ∞     ∞     ∞     ∞     ∞     ∞     ∞     ∞     ∞     ∞     ∞     ∞     ∞
[2026-05-23 18:10:29.578] [debug] [New state 6]   x16      ∞     ∞     ∞     ∞     ∞     ∞     ∞     ∞     ∞     ∞     ∞     ∞     ∞     ∞     ∞     ∞       0     ∞     ∞     ∞     ∞     ∞     ∞     ∞     ∞     ∞     ∞     ∞     ∞     ∞     ∞     ∞     ∞     ∞
[2026-05-23 18:10:29.578] [debug] [New state 6]   x17      ∞     ∞     ∞     ∞     ∞     ∞     ∞     ∞     ∞     ∞     ∞     ∞     ∞     ∞     ∞     ∞     ∞       0     ∞     ∞     ∞     ∞     ∞     ∞     ∞     ∞     ∞     ∞     ∞     ∞     ∞     ∞     ∞     ∞
[2026-05-23 18:10:29.578] [debug] [New state 6]   x18      ∞     ∞     ∞     ∞     ∞     ∞     ∞     ∞     ∞     ∞     ∞     ∞     ∞     ∞     ∞     ∞     ∞     ∞       0     ∞     ∞     ∞     ∞     ∞     ∞     ∞     ∞     ∞     ∞     ∞     ∞     ∞     ∞     ∞
[2026-05-23 18:10:29.578] [debug] [New state 6]   x19      ∞     ∞     ∞     ∞     ∞     ∞     ∞     ∞     ∞     ∞     ∞     ∞     ∞     ∞     ∞     ∞     ∞     ∞     ∞       0     ∞     ∞     ∞     ∞     ∞     ∞     ∞     ∞     ∞     ∞     ∞     ∞     ∞     ∞
[2026-05-23 18:10:29.578] [debug] [New state 6]   x20      ∞     ∞     ∞     ∞     ∞     ∞     ∞     ∞     ∞     ∞     ∞     ∞     ∞     ∞     ∞     ∞     ∞     ∞     ∞     ∞       0     ∞     ∞     ∞     ∞     ∞     ∞     ∞     ∞     ∞     ∞     ∞     ∞     ∞
[2026-05-23 18:10:29.578] [debug] [New state 6]   x21      ∞     ∞     ∞     ∞     ∞     ∞     ∞     ∞     ∞     ∞     ∞     ∞     ∞     ∞     ∞     ∞     ∞     ∞     ∞     ∞     ∞       0     ∞     ∞     ∞     ∞     ∞     ∞     ∞     ∞     ∞     ∞     ∞     ∞
[2026-05-23 18:10:29.578] [debug] [New state 6]   x22      ∞     ∞     ∞     ∞     ∞     ∞     ∞     ∞     ∞     ∞     ∞     ∞     ∞     ∞     ∞     ∞     ∞     ∞     ∞     ∞     ∞     ∞       0     ∞     ∞     ∞     ∞     ∞     ∞     ∞     ∞     ∞     ∞     ∞
[2026-05-23 18:10:29.578] [debug] [New state 6]   x23      ∞     ∞     ∞     ∞     ∞     ∞     ∞     ∞     ∞     ∞     ∞     ∞     ∞     ∞     ∞     ∞     ∞     ∞     ∞     ∞     ∞     ∞     ∞       0     ∞     ∞     ∞     ∞     ∞     ∞     ∞     ∞     ∞     ∞
[2026-05-23 18:10:29.578] [debug] [New state 6]   x24      ∞     ∞     ∞     ∞     ∞     ∞     ∞     ∞     ∞     ∞     ∞     ∞     ∞     ∞     ∞     ∞     ∞     ∞     ∞     ∞     ∞     ∞     ∞     ∞       0     ∞     ∞     ∞     ∞     ∞     ∞     ∞     ∞     ∞
[2026-05-23 18:10:29.578] [debug] [New state 6]   x25      ∞     ∞     ∞     ∞     ∞     ∞     ∞     ∞     ∞     ∞     ∞     ∞     ∞     ∞     ∞     ∞     ∞     ∞     ∞     ∞     ∞     ∞     ∞     ∞     ∞       0     ∞     ∞     ∞     ∞     ∞     ∞     ∞     ∞
[2026-05-23 18:10:29.578] [debug] [New state 6]   x26      ∞     ∞     ∞     ∞     ∞     ∞     ∞     ∞     ∞     ∞     ∞     ∞     ∞     ∞     ∞     ∞     ∞     ∞     ∞     ∞     ∞     ∞     ∞     ∞     ∞     ∞       0     ∞     ∞     ∞     ∞     ∞     ∞     ∞
[2026-05-23 18:10:29.578] [debug] [New state 6]   x27      ∞     ∞     ∞     ∞     ∞     ∞     ∞     ∞     ∞     ∞     ∞     ∞     ∞     ∞     ∞     ∞     ∞     ∞     ∞     ∞     ∞     ∞     ∞     ∞     ∞     ∞     ∞       0     ∞     ∞     ∞     ∞     ∞     ∞
[2026-05-23 18:10:29.578] [debug] [New state 6]   x28      ∞     ∞     ∞     ∞     ∞     ∞     ∞     ∞     ∞     ∞     ∞     ∞     ∞     ∞     ∞     ∞     ∞     ∞     ∞     ∞     ∞     ∞     ∞     ∞     ∞     ∞     ∞     ∞       0     ∞     ∞     ∞     ∞     ∞
[2026-05-23 18:10:29.578] [debug] [New state 6]   x29      ∞     ∞     ∞     ∞     ∞     ∞     ∞     ∞     ∞     ∞     ∞     ∞     ∞     ∞     ∞     ∞     ∞     ∞     ∞     ∞     ∞     ∞     ∞     ∞     ∞     ∞     ∞     ∞     ∞       0     ∞     ∞     ∞     ∞
[2026-05-23 18:10:29.578] [debug] [New state 6]   x30      ∞     ∞     ∞     ∞     ∞     ∞     ∞     ∞     ∞     ∞     ∞     ∞     ∞     ∞     ∞     ∞     ∞     ∞     ∞     ∞     ∞     ∞     ∞     ∞     ∞     ∞     ∞     ∞     ∞     ∞       0     ∞     ∞     ∞
[2026-05-23 18:10:29.578] [debug] [New state 6]   x31      ∞     ∞     ∞     ∞     ∞     ∞     ∞     ∞     ∞     ∞     ∞     ∞     ∞     ∞     ∞     ∞     ∞     ∞     ∞     ∞     ∞     ∞     ∞     ∞     ∞     ∞     ∞     ∞     ∞     ∞     ∞       0     ∞     ∞
[2026-05-23 18:10:29.578] [debug] [New state 6]   x32      ∞     ∞     ∞     ∞     ∞     ∞     ∞     ∞     ∞     ∞     ∞     ∞     ∞     ∞     ∞     ∞     ∞     ∞     ∞     ∞     ∞     ∞     ∞     ∞     ∞     ∞     ∞     ∞     ∞     ∞     ∞     ∞       0     ∞
[2026-05-23 18:10:29.578] [debug] [New state 6]   x33      ∞     ∞     ∞     ∞     ∞     ∞     ∞     ∞     ∞     ∞     ∞     ∞     ∞     ∞     ∞     ∞     ∞     ∞     ∞     ∞     ∞     ∞     ∞     ∞     ∞     ∞     ∞     ∞     ∞     ∞     ∞     ∞     ∞       0
[2026-05-23 18:10:29.578] [debug] [New state 6] ==========================================
[2026-05-23 18:10:29.578] [debug] [STATE] State 2 --T6@0--> candidate
[2026-05-23 18:10:29.578] [debug] [STATE]   [New] Add state 7 to graph and frontier
[2026-05-23 18:10:29.578] [debug] [New state 7] ========== State Class Details: ID=7 ==========
[2026-05-23 18:10:29.578] [debug] [New state 7] Places: [P0(Fentry)=0, P1(Fready)=0, P2(Fexit)=0, P3(Eentry)=0, P4(Eready)=0, P5(Eexit)=0, P6(Aentry)=0, P7(Aready)=1, P8(Aexit)=0, P9(Dentry)=0, P10(Dready)=1, P11(Dexit)=0, P12(Centry)=0, P13(Cready)=0, P14(Cexit)=0, P15(Bentry)=0, P16(Bready)=0, P17(Bexit)=0, P18(A_cfg_random)=1, P19(D_cfg_random)=1, P20(E_suspended_C_0)=0, P21(D_suspended_C_1)=0, P22(D_suspended_E_2)=0, P23(A_suspended_B_3)=0, P24(F_suspended_B_4)=0, P25(F_suspended_A_5)=0, P26(core0)=0, P27(core1)=0]
[2026-05-23 18:10:29.578] [debug] [New state 7] Enabled: T5(Aexec, priority=97, core=0, suspendable), T7(Dexec, priority=97, core=1, suspendable), T17(A_cfg_fire, priority=2147483647, core=-1), T18(D_cfg_fire, priority=2147483647, core=-1)
[2026-05-23 18:10:29.578] [debug] [New state 7] Cumulative time: 0
[2026-05-23 18:10:29.578] [debug] [New state 7] Z1 (non-suspendable):
[2026-05-23 18:10:29.578] [debug] [New state 7]   DBM(size=34):
[2026-05-23 18:10:29.578] [debug] [New state 7]             x0       x1       x2       x3       x4       x5       x6       x7       x8       x9       x10       x11       x12       x13       x14       x15       x16       x17       x18       x19       x20       x21       x22       x23       x24       x25       x26       x27       x28       x29       x30       x31       x32       x33
[2026-05-23 18:10:29.578] [debug] [New state 7]   x0        0       0       0       0       0       0       0       0       0       0       0       0       0       0       0       0       0       0    -100     -50       0       0       0       0       0       0       0       0       0       0       0       0       0       0
[2026-05-23 18:10:29.579] [debug] [New state 7]   x1      ∞       0     ∞     ∞     ∞     ∞     ∞     ∞     ∞     ∞     ∞     ∞     ∞     ∞     ∞     ∞     ∞     ∞     ∞     ∞     ∞     ∞     ∞     ∞     ∞     ∞     ∞     ∞     ∞     ∞     ∞     ∞     ∞     ∞
[2026-05-23 18:10:29.579] [debug] [New state 7]   x2      ∞     ∞       0     ∞     ∞     ∞     ∞     ∞     ∞     ∞     ∞     ∞     ∞     ∞     ∞     ∞     ∞     ∞     ∞     ∞     ∞     ∞     ∞     ∞     ∞     ∞     ∞     ∞     ∞     ∞     ∞     ∞     ∞     ∞
[2026-05-23 18:10:29.579] [debug] [New state 7]   x3      ∞     ∞     ∞       0     ∞     ∞     ∞     ∞     ∞     ∞     ∞     ∞     ∞     ∞     ∞     ∞     ∞     ∞     ∞     ∞     ∞     ∞     ∞     ∞     ∞     ∞     ∞     ∞     ∞     ∞     ∞     ∞     ∞     ∞
[2026-05-23 18:10:29.579] [debug] [New state 7]   x4      ∞     ∞     ∞     ∞       0     ∞     ∞     ∞     ∞     ∞     ∞     ∞     ∞     ∞     ∞     ∞     ∞     ∞     ∞     ∞     ∞     ∞     ∞     ∞     ∞     ∞     ∞     ∞     ∞     ∞     ∞     ∞     ∞     ∞
[2026-05-23 18:10:29.579] [debug] [New state 7]   x5      ∞     ∞     ∞     ∞     ∞       0     ∞     ∞     ∞     ∞     ∞     ∞     ∞     ∞     ∞     ∞     ∞     ∞     ∞     ∞     ∞     ∞     ∞     ∞     ∞     ∞     ∞     ∞     ∞     ∞     ∞     ∞     ∞     ∞
[2026-05-23 18:10:29.579] [debug] [New state 7]   x6      ∞     ∞     ∞     ∞     ∞     ∞       0     ∞     ∞     ∞     ∞     ∞     ∞     ∞     ∞     ∞     ∞     ∞     ∞     ∞     ∞     ∞     ∞     ∞     ∞     ∞     ∞     ∞     ∞     ∞     ∞     ∞     ∞     ∞
[2026-05-23 18:10:29.579] [debug] [New state 7]   x7      ∞     ∞     ∞     ∞     ∞     ∞     ∞       0     ∞     ∞     ∞     ∞     ∞     ∞     ∞     ∞     ∞     ∞     ∞     ∞     ∞     ∞     ∞     ∞     ∞     ∞     ∞     ∞     ∞     ∞     ∞     ∞     ∞     ∞
[2026-05-23 18:10:29.579] [debug] [New state 7]   x8      ∞     ∞     ∞     ∞     ∞     ∞     ∞     ∞       0     ∞     ∞     ∞     ∞     ∞     ∞     ∞     ∞     ∞     ∞     ∞     ∞     ∞     ∞     ∞     ∞     ∞     ∞     ∞     ∞     ∞     ∞     ∞     ∞     ∞
[2026-05-23 18:10:29.579] [debug] [New state 7]   x9      ∞     ∞     ∞     ∞     ∞     ∞     ∞     ∞     ∞       0     ∞     ∞     ∞     ∞     ∞     ∞     ∞     ∞     ∞     ∞     ∞     ∞     ∞     ∞     ∞     ∞     ∞     ∞     ∞     ∞     ∞     ∞     ∞     ∞
[2026-05-23 18:10:29.579] [debug] [New state 7]   x10      ∞     ∞     ∞     ∞     ∞     ∞     ∞     ∞     ∞     ∞       0     ∞     ∞     ∞     ∞     ∞     ∞     ∞     ∞     ∞     ∞     ∞     ∞     ∞     ∞     ∞     ∞     ∞     ∞     ∞     ∞     ∞     ∞     ∞
[2026-05-23 18:10:29.579] [debug] [New state 7]   x11      ∞     ∞     ∞     ∞     ∞     ∞     ∞     ∞     ∞     ∞     ∞       0     ∞     ∞     ∞     ∞     ∞     ∞     ∞     ∞     ∞     ∞     ∞     ∞     ∞     ∞     ∞     ∞     ∞     ∞     ∞     ∞     ∞     ∞
[2026-05-23 18:10:29.579] [debug] [New state 7]   x12      ∞     ∞     ∞     ∞     ∞     ∞     ∞     ∞     ∞     ∞     ∞     ∞       0     ∞     ∞     ∞     ∞     ∞     ∞     ∞     ∞     ∞     ∞     ∞     ∞     ∞     ∞     ∞     ∞     ∞     ∞     ∞     ∞     ∞
[2026-05-23 18:10:29.579] [debug] [New state 7]   x13      ∞     ∞     ∞     ∞     ∞     ∞     ∞     ∞     ∞     ∞     ∞     ∞     ∞       0     ∞     ∞     ∞     ∞     ∞     ∞     ∞     ∞     ∞     ∞     ∞     ∞     ∞     ∞     ∞     ∞     ∞     ∞     ∞     ∞
[2026-05-23 18:10:29.579] [debug] [New state 7]   x14      ∞     ∞     ∞     ∞     ∞     ∞     ∞     ∞     ∞     ∞     ∞     ∞     ∞     ∞       0     ∞     ∞     ∞     ∞     ∞     ∞     ∞     ∞     ∞     ∞     ∞     ∞     ∞     ∞     ∞     ∞     ∞     ∞     ∞
[2026-05-23 18:10:29.579] [debug] [New state 7]   x15      ∞     ∞     ∞     ∞     ∞     ∞     ∞     ∞     ∞     ∞     ∞     ∞     ∞     ∞     ∞       0     ∞     ∞     ∞     ∞     ∞     ∞     ∞     ∞     ∞     ∞     ∞     ∞     ∞     ∞     ∞     ∞     ∞     ∞
[2026-05-23 18:10:29.579] [debug] [New state 7]   x16      ∞     ∞     ∞     ∞     ∞     ∞     ∞     ∞     ∞     ∞     ∞     ∞     ∞     ∞     ∞     ∞       0     ∞     ∞     ∞     ∞     ∞     ∞     ∞     ∞     ∞     ∞     ∞     ∞     ∞     ∞     ∞     ∞     ∞
[2026-05-23 18:10:29.579] [debug] [New state 7]   x17      ∞     ∞     ∞     ∞     ∞     ∞     ∞     ∞     ∞     ∞     ∞     ∞     ∞     ∞     ∞     ∞     ∞       0     ∞     ∞     ∞     ∞     ∞     ∞     ∞     ∞     ∞     ∞     ∞     ∞     ∞     ∞     ∞     ∞
[2026-05-23 18:10:29.579] [debug] [New state 7]   x18      100     100     100     100     100     100     100     100     100     100     100     100     100     100     100     100     100     100       0      50     100     100     100     100     100     100     100     100     100     100     100     100     100     100
[2026-05-23 18:10:29.579] [debug] [New state 7]   x19       50      50      50      50      50      50      50      50      50      50      50      50      50      50      50      50      50      50     -50       0      50      50      50      50      50      50      50      50      50      50      50      50      50      50
[2026-05-23 18:10:29.579] [debug] [New state 7]   x20      ∞     ∞     ∞     ∞     ∞     ∞     ∞     ∞     ∞     ∞     ∞     ∞     ∞     ∞     ∞     ∞     ∞     ∞     ∞     ∞       0     ∞     ∞     ∞     ∞     ∞     ∞     ∞     ∞     ∞     ∞     ∞     ∞     ∞
[2026-05-23 18:10:29.579] [debug] [New state 7]   x21      ∞     ∞     ∞     ∞     ∞     ∞     ∞     ∞     ∞     ∞     ∞     ∞     ∞     ∞     ∞     ∞     ∞     ∞     ∞     ∞     ∞       0     ∞     ∞     ∞     ∞     ∞     ∞     ∞     ∞     ∞     ∞     ∞     ∞
[2026-05-23 18:10:29.579] [debug] [New state 7]   x22      ∞     ∞     ∞     ∞     ∞     ∞     ∞     ∞     ∞     ∞     ∞     ∞     ∞     ∞     ∞     ∞     ∞     ∞     ∞     ∞     ∞     ∞       0     ∞     ∞     ∞     ∞     ∞     ∞     ∞     ∞     ∞     ∞     ∞
[2026-05-23 18:10:29.579] [debug] [New state 7]   x23      ∞     ∞     ∞     ∞     ∞     ∞     ∞     ∞     ∞     ∞     ∞     ∞     ∞     ∞     ∞     ∞     ∞     ∞     ∞     ∞     ∞     ∞     ∞       0     ∞     ∞     ∞     ∞     ∞     ∞     ∞     ∞     ∞     ∞
[2026-05-23 18:10:29.579] [debug] [New state 7]   x24      ∞     ∞     ∞     ∞     ∞     ∞     ∞     ∞     ∞     ∞     ∞     ∞     ∞     ∞     ∞     ∞     ∞     ∞     ∞     ∞     ∞     ∞     ∞     ∞       0     ∞     ∞     ∞     ∞     ∞     ∞     ∞     ∞     ∞
[2026-05-23 18:10:29.579] [debug] [New state 7]   x25      ∞     ∞     ∞     ∞     ∞     ∞     ∞     ∞     ∞     ∞     ∞     ∞     ∞     ∞     ∞     ∞     ∞     ∞     ∞     ∞     ∞     ∞     ∞     ∞     ∞       0     ∞     ∞     ∞     ∞     ∞     ∞     ∞     ∞
[2026-05-23 18:10:29.579] [debug] [New state 7]   x26      ∞     ∞     ∞     ∞     ∞     ∞     ∞     ∞     ∞     ∞     ∞     ∞     ∞     ∞     ∞     ∞     ∞     ∞     ∞     ∞     ∞     ∞     ∞     ∞     ∞     ∞       0     ∞     ∞     ∞     ∞     ∞     ∞     ∞
[2026-05-23 18:10:29.579] [debug] [New state 7]   x27      ∞     ∞     ∞     ∞     ∞     ∞     ∞     ∞     ∞     ∞     ∞     ∞     ∞     ∞     ∞     ∞     ∞     ∞     ∞     ∞     ∞     ∞     ∞     ∞     ∞     ∞     ∞       0     ∞     ∞     ∞     ∞     ∞     ∞
[2026-05-23 18:10:29.579] [debug] [New state 7]   x28      ∞     ∞     ∞     ∞     ∞     ∞     ∞     ∞     ∞     ∞     ∞     ∞     ∞     ∞     ∞     ∞     ∞     ∞     ∞     ∞     ∞     ∞     ∞     ∞     ∞     ∞     ∞     ∞       0     ∞     ∞     ∞     ∞     ∞
[2026-05-23 18:10:29.579] [debug] [New state 7]   x29      ∞     ∞     ∞     ∞     ∞     ∞     ∞     ∞     ∞     ∞     ∞     ∞     ∞     ∞     ∞     ∞     ∞     ∞     ∞     ∞     ∞     ∞     ∞     ∞     ∞     ∞     ∞     ∞     ∞       0     ∞     ∞     ∞     ∞
[2026-05-23 18:10:29.579] [debug] [New state 7]   x30      ∞     ∞     ∞     ∞     ∞     ∞     ∞     ∞     ∞     ∞     ∞     ∞     ∞     ∞     ∞     ∞     ∞     ∞     ∞     ∞     ∞     ∞     ∞     ∞     ∞     ∞     ∞     ∞     ∞     ∞       0     ∞     ∞     ∞
[2026-05-23 18:10:29.579] [debug] [New state 7]   x31      ∞     ∞     ∞     ∞     ∞     ∞     ∞     ∞     ∞     ∞     ∞     ∞     ∞     ∞     ∞     ∞     ∞     ∞     ∞     ∞     ∞     ∞     ∞     ∞     ∞     ∞     ∞     ∞     ∞     ∞     ∞       0     ∞     ∞
[2026-05-23 18:10:29.579] [debug] [New state 7]   x32      ∞     ∞     ∞     ∞     ∞     ∞     ∞     ∞     ∞     ∞     ∞     ∞     ∞     ∞     ∞     ∞     ∞     ∞     ∞     ∞     ∞     ∞     ∞     ∞     ∞     ∞     ∞     ∞     ∞     ∞     ∞     ∞       0     ∞
[2026-05-23 18:10:29.579] [debug] [New state 7]   x33      ∞     ∞     ∞     ∞     ∞     ∞     ∞     ∞     ∞     ∞     ∞     ∞     ∞     ∞     ∞     ∞     ∞     ∞     ∞     ∞     ∞     ∞     ∞     ∞     ∞     ∞     ∞     ∞     ∞     ∞     ∞     ∞     ∞       0
[2026-05-23 18:10:29.579] [debug] [New state 7] Z2 (suspendable):
[2026-05-23 18:10:29.579] [debug] [New state 7]   DBM(size=34):
[2026-05-23 18:10:29.579] [debug] [New state 7]             x0       x1       x2       x3       x4       x5       x6       x7       x8       x9       x10       x11       x12       x13       x14       x15       x16       x17       x18       x19       x20       x21       x22       x23       x24       x25       x26       x27       x28       x29       x30       x31       x32       x33
[2026-05-23 18:10:29.579] [debug] [New state 7]   x0        0       0       0       0       0       0      -8       0      -8       0       0       0       0       0       0       0       0       0       0       0       0       0       0       0       0       0       0       0       0       0       0       0       0       0
[2026-05-23 18:10:29.579] [debug] [New state 7]   x1      ∞       0     ∞     ∞     ∞     ∞     ∞     ∞     ∞     ∞     ∞     ∞     ∞     ∞     ∞     ∞     ∞     ∞     ∞     ∞     ∞     ∞     ∞     ∞     ∞     ∞     ∞     ∞     ∞     ∞     ∞     ∞     ∞     ∞
[2026-05-23 18:10:29.579] [debug] [New state 7]   x2      ∞     ∞       0     ∞     ∞     ∞     ∞     ∞     ∞     ∞     ∞     ∞     ∞     ∞     ∞     ∞     ∞     ∞     ∞     ∞     ∞     ∞     ∞     ∞     ∞     ∞     ∞     ∞     ∞     ∞     ∞     ∞     ∞     ∞
[2026-05-23 18:10:29.579] [debug] [New state 7]   x3      ∞     ∞     ∞       0     ∞     ∞     ∞     ∞     ∞     ∞     ∞     ∞     ∞     ∞     ∞     ∞     ∞     ∞     ∞     ∞     ∞     ∞     ∞     ∞     ∞     ∞     ∞     ∞     ∞     ∞     ∞     ∞     ∞     ∞
[2026-05-23 18:10:29.579] [debug] [New state 7]   x4      ∞     ∞     ∞     ∞       0     ∞     ∞     ∞     ∞     ∞     ∞     ∞     ∞     ∞     ∞     ∞     ∞     ∞     ∞     ∞     ∞     ∞     ∞     ∞     ∞     ∞     ∞     ∞     ∞     ∞     ∞     ∞     ∞     ∞
[2026-05-23 18:10:29.579] [debug] [New state 7]   x5      ∞     ∞     ∞     ∞     ∞       0     ∞     ∞     ∞     ∞     ∞     ∞     ∞     ∞     ∞     ∞     ∞     ∞     ∞     ∞     ∞     ∞     ∞     ∞     ∞     ∞     ∞     ∞     ∞     ∞     ∞     ∞     ∞     ∞
[2026-05-23 18:10:29.579] [debug] [New state 7]   x6        8       8       8       8       8       8       0       8       0       8       8       8       8       8       8       8       8       8       8       8       8       8       8       8       8       8       8       8       8       8       8       8       8       8
[2026-05-23 18:10:29.579] [debug] [New state 7]   x7      ∞     ∞     ∞     ∞     ∞     ∞     ∞       0     ∞     ∞     ∞     ∞     ∞     ∞     ∞     ∞     ∞     ∞     ∞     ∞     ∞     ∞     ∞     ∞     ∞     ∞     ∞     ∞     ∞     ∞     ∞     ∞     ∞     ∞
[2026-05-23 18:10:29.579] [debug] [New state 7]   x8        8       8       8       8       8       8       0       8       0       8       8       8       8       8       8       8       8       8       8       8       8       8       8       8       8       8       8       8       8       8       8       8       8       8
[2026-05-23 18:10:29.579] [debug] [New state 7]   x9      ∞     ∞     ∞     ∞     ∞     ∞     ∞     ∞     ∞       0     ∞     ∞     ∞     ∞     ∞     ∞     ∞     ∞     ∞     ∞     ∞     ∞     ∞     ∞     ∞     ∞     ∞     ∞     ∞     ∞     ∞     ∞     ∞     ∞
[2026-05-23 18:10:29.579] [debug] [New state 7]   x10      ∞     ∞     ∞     ∞     ∞     ∞     ∞     ∞     ∞     ∞       0     ∞     ∞     ∞     ∞     ∞     ∞     ∞     ∞     ∞     ∞     ∞     ∞     ∞     ∞     ∞     ∞     ∞     ∞     ∞     ∞     ∞     ∞     ∞
[2026-05-23 18:10:29.579] [debug] [New state 7]   x11      ∞     ∞     ∞     ∞     ∞     ∞     ∞     ∞     ∞     ∞     ∞       0     ∞     ∞     ∞     ∞     ∞     ∞     ∞     ∞     ∞     ∞     ∞     ∞     ∞     ∞     ∞     ∞     ∞     ∞     ∞     ∞     ∞     ∞
[2026-05-23 18:10:29.579] [debug] [New state 7]   x12      ∞     ∞     ∞     ∞     ∞     ∞     ∞     ∞     ∞     ∞     ∞     ∞       0     ∞     ∞     ∞     ∞     ∞     ∞     ∞     ∞     ∞     ∞     ∞     ∞     ∞     ∞     ∞     ∞     ∞     ∞     ∞     ∞     ∞
[2026-05-23 18:10:29.579] [debug] [New state 7]   x13      ∞     ∞     ∞     ∞     ∞     ∞     ∞     ∞     ∞     ∞     ∞     ∞     ∞       0     ∞     ∞     ∞     ∞     ∞     ∞     ∞     ∞     ∞     ∞     ∞     ∞     ∞     ∞     ∞     ∞     ∞     ∞     ∞     ∞
[2026-05-23 18:10:29.579] [debug] [New state 7]   x14      ∞     ∞     ∞     ∞     ∞     ∞     ∞     ∞     ∞     ∞     ∞     ∞     ∞     ∞       0     ∞     ∞     ∞     ∞     ∞     ∞     ∞     ∞     ∞     ∞     ∞     ∞     ∞     ∞     ∞     ∞     ∞     ∞     ∞
[2026-05-23 18:10:29.579] [debug] [New state 7]   x15      ∞     ∞     ∞     ∞     ∞     ∞     ∞     ∞     ∞     ∞     ∞     ∞     ∞     ∞     ∞       0     ∞     ∞     ∞     ∞     ∞     ∞     ∞     ∞     ∞     ∞     ∞     ∞     ∞     ∞     ∞     ∞     ∞     ∞
[2026-05-23 18:10:29.579] [debug] [New state 7]   x16      ∞     ∞     ∞     ∞     ∞     ∞     ∞     ∞     ∞     ∞     ∞     ∞     ∞     ∞     ∞     ∞       0     ∞     ∞     ∞     ∞     ∞     ∞     ∞     ∞     ∞     ∞     ∞     ∞     ∞     ∞     ∞     ∞     ∞
[2026-05-23 18:10:29.579] [debug] [New state 7]   x17      ∞     ∞     ∞     ∞     ∞     ∞     ∞     ∞     ∞     ∞     ∞     ∞     ∞     ∞     ∞     ∞     ∞       0     ∞     ∞     ∞     ∞     ∞     ∞     ∞     ∞     ∞     ∞     ∞     ∞     ∞     ∞     ∞     ∞
[2026-05-23 18:10:29.579] [debug] [New state 7]   x18      ∞     ∞     ∞     ∞     ∞     ∞     ∞     ∞     ∞     ∞     ∞     ∞     ∞     ∞     ∞     ∞     ∞     ∞       0     ∞     ∞     ∞     ∞     ∞     ∞     ∞     ∞     ∞     ∞     ∞     ∞     ∞     ∞     ∞
[2026-05-23 18:10:29.579] [debug] [New state 7]   x19      ∞     ∞     ∞     ∞     ∞     ∞     ∞     ∞     ∞     ∞     ∞     ∞     ∞     ∞     ∞     ∞     ∞     ∞     ∞       0     ∞     ∞     ∞     ∞     ∞     ∞     ∞     ∞     ∞     ∞     ∞     ∞     ∞     ∞
[2026-05-23 18:10:29.579] [debug] [New state 7]   x20      ∞     ∞     ∞     ∞     ∞     ∞     ∞     ∞     ∞     ∞     ∞     ∞     ∞     ∞     ∞     ∞     ∞     ∞     ∞     ∞       0     ∞     ∞     ∞     ∞     ∞     ∞     ∞     ∞     ∞     ∞     ∞     ∞     ∞
[2026-05-23 18:10:29.579] [debug] [New state 7]   x21      ∞     ∞     ∞     ∞     ∞     ∞     ∞     ∞     ∞     ∞     ∞     ∞     ∞     ∞     ∞     ∞     ∞     ∞     ∞     ∞     ∞       0     ∞     ∞     ∞     ∞     ∞     ∞     ∞     ∞     ∞     ∞     ∞     ∞
[2026-05-23 18:10:29.579] [debug] [New state 7]   x22      ∞     ∞     ∞     ∞     ∞     ∞     ∞     ∞     ∞     ∞     ∞     ∞     ∞     ∞     ∞     ∞     ∞     ∞     ∞     ∞     ∞     ∞       0     ∞     ∞     ∞     ∞     ∞     ∞     ∞     ∞     ∞     ∞     ∞
[2026-05-23 18:10:29.579] [debug] [New state 7]   x23      ∞     ∞     ∞     ∞     ∞     ∞     ∞     ∞     ∞     ∞     ∞     ∞     ∞     ∞     ∞     ∞     ∞     ∞     ∞     ∞     ∞     ∞     ∞       0     ∞     ∞     ∞     ∞     ∞     ∞     ∞     ∞     ∞     ∞
[2026-05-23 18:10:29.579] [debug] [New state 7]   x24      ∞     ∞     ∞     ∞     ∞     ∞     ∞     ∞     ∞     ∞     ∞     ∞     ∞     ∞     ∞     ∞     ∞     ∞     ∞     ∞     ∞     ∞     ∞     ∞       0     ∞     ∞     ∞     ∞     ∞     ∞     ∞     ∞     ∞
[2026-05-23 18:10:29.579] [debug] [New state 7]   x25      ∞     ∞     ∞     ∞     ∞     ∞     ∞     ∞     ∞     ∞     ∞     ∞     ∞     ∞     ∞     ∞     ∞     ∞     ∞     ∞     ∞     ∞     ∞     ∞     ∞       0     ∞     ∞     ∞     ∞     ∞     ∞     ∞     ∞
[2026-05-23 18:10:29.579] [debug] [New state 7]   x26      ∞     ∞     ∞     ∞     ∞     ∞     ∞     ∞     ∞     ∞     ∞     ∞     ∞     ∞     ∞     ∞     ∞     ∞     ∞     ∞     ∞     ∞     ∞     ∞     ∞     ∞       0     ∞     ∞     ∞     ∞     ∞     ∞     ∞
[2026-05-23 18:10:29.579] [debug] [New state 7]   x27      ∞     ∞     ∞     ∞     ∞     ∞     ∞     ∞     ∞     ∞     ∞     ∞     ∞     ∞     ∞     ∞     ∞     ∞     ∞     ∞     ∞     ∞     ∞     ∞     ∞     ∞     ∞       0     ∞     ∞     ∞     ∞     ∞     ∞
[2026-05-23 18:10:29.579] [debug] [New state 7]   x28      ∞     ∞     ∞     ∞     ∞     ∞     ∞     ∞     ∞     ∞     ∞     ∞     ∞     ∞     ∞     ∞     ∞     ∞     ∞     ∞     ∞     ∞     ∞     ∞     ∞     ∞     ∞     ∞       0     ∞     ∞     ∞     ∞     ∞
[2026-05-23 18:10:29.579] [debug] [New state 7]   x29      ∞     ∞     ∞     ∞     ∞     ∞     ∞     ∞     ∞     ∞     ∞     ∞     ∞     ∞     ∞     ∞     ∞     ∞     ∞     ∞     ∞     ∞     ∞     ∞     ∞     ∞     ∞     ∞     ∞       0     ∞     ∞     ∞     ∞
[2026-05-23 18:10:29.579] [debug] [New state 7]   x30      ∞     ∞     ∞     ∞     ∞     ∞     ∞     ∞     ∞     ∞     ∞     ∞     ∞     ∞     ∞     ∞     ∞     ∞     ∞     ∞     ∞     ∞     ∞     ∞     ∞     ∞     ∞     ∞     ∞     ∞       0     ∞     ∞     ∞
[2026-05-23 18:10:29.579] [debug] [New state 7]   x31      ∞     ∞     ∞     ∞     ∞     ∞     ∞     ∞     ∞     ∞     ∞     ∞     ∞     ∞     ∞     ∞     ∞     ∞     ∞     ∞     ∞     ∞     ∞     ∞     ∞     ∞     ∞     ∞     ∞     ∞     ∞       0     ∞     ∞
[2026-05-23 18:10:29.579] [debug] [New state 7]   x32      ∞     ∞     ∞     ∞     ∞     ∞     ∞     ∞     ∞     ∞     ∞     ∞     ∞     ∞     ∞     ∞     ∞     ∞     ∞     ∞     ∞     ∞     ∞     ∞     ∞     ∞     ∞     ∞     ∞     ∞     ∞     ∞       0     ∞
[2026-05-23 18:10:29.579] [debug] [New state 7]   x33      ∞     ∞     ∞     ∞     ∞     ∞     ∞     ∞     ∞     ∞     ∞     ∞     ∞     ∞     ∞     ∞     ∞     ∞     ∞     ∞     ∞     ∞     ∞     ∞     ∞     ∞     ∞     ∞     ∞     ∞     ∞     ∞     ∞       0
[2026-05-23 18:10:29.579] [debug] [New state 7] ==========================================
[2026-05-23 18:10:29.579] [debug] [STATE] State 2 --T17@100--> candidate
[2026-05-23 18:10:29.579] [debug] [STATE]   [New] Add state 8 to graph and frontier
[2026-05-23 18:10:29.579] [debug] [New state 8] ========== State Class Details: ID=8 ==========
[2026-05-23 18:10:29.579] [debug] [New state 8] Places: [P0(Fentry)=0, P1(Fready)=0, P2(Fexit)=0, P3(Eentry)=0, P4(Eready)=0, P5(Eexit)=0, P6(Aentry)=1, P7(Aready)=1, P8(Aexit)=0, P9(Dentry)=1, P10(Dready)=0, P11(Dexit)=0, P12(Centry)=0, P13(Cready)=0, P14(Cexit)=0, P15(Bentry)=0, P16(Bready)=0, P17(Bexit)=0, P18(A_cfg_random)=1, P19(D_cfg_random)=1, P20(E_suspended_C_0)=0, P21(D_suspended_C_1)=0, P22(D_suspended_E_2)=0, P23(A_suspended_B_3)=0, P24(F_suspended_B_4)=0, P25(F_suspended_A_5)=0, P26(core0)=0, P27(core1)=1]
[2026-05-23 18:10:29.579] [debug] [New state 8] Enabled: T5(Aexec, priority=97, core=0, suspendable), T6(Dget_core, priority=97, core=1), T17(A_cfg_fire, priority=2147483647, core=-1), T18(D_cfg_fire, priority=2147483647, core=-1)
[2026-05-23 18:10:29.579] [debug] [New state 8] Cumulative time: 100
[2026-05-23 18:10:29.579] [debug] [New state 8] Z1 (non-suspendable):
[2026-05-23 18:10:29.579] [debug] [New state 8]   DBM(size=34):
[2026-05-23 18:10:29.579] [debug] [New state 8]             x0       x1       x2       x3       x4       x5       x6       x7       x8       x9       x10       x11       x12       x13       x14       x15       x16       x17       x18       x19       x20       x21       x22       x23       x24       x25       x26       x27       x28       x29       x30       x31       x32       x33
[2026-05-23 18:10:29.579] [debug] [New state 8]   x0        0       0       0       0       0       0       0    -100       0       0       0       0       0       0       0       0       0       0       0    -150       0       0       0       0       0       0       0       0       0       0       0       0       0       0
[2026-05-23 18:10:29.579] [debug] [New state 8]   x1      ∞       0     ∞     ∞     ∞     ∞     ∞     ∞     ∞     ∞     ∞     ∞     ∞     ∞     ∞     ∞     ∞     ∞     ∞     ∞     ∞     ∞     ∞     ∞     ∞     ∞     ∞     ∞     ∞     ∞     ∞     ∞     ∞     ∞
[2026-05-23 18:10:29.579] [debug] [New state 8]   x2      ∞     ∞       0     ∞     ∞     ∞     ∞     ∞     ∞     ∞     ∞     ∞     ∞     ∞     ∞     ∞     ∞     ∞     ∞     ∞     ∞     ∞     ∞     ∞     ∞     ∞     ∞     ∞     ∞     ∞     ∞     ∞     ∞     ∞
[2026-05-23 18:10:29.579] [debug] [New state 8]   x3      ∞     ∞     ∞       0     ∞     ∞     ∞     ∞     ∞     ∞     ∞     ∞     ∞     ∞     ∞     ∞     ∞     ∞     ∞     ∞     ∞     ∞     ∞     ∞     ∞     ∞     ∞     ∞     ∞     ∞     ∞     ∞     ∞     ∞
[2026-05-23 18:10:29.579] [debug] [New state 8]   x4      ∞     ∞     ∞     ∞       0     ∞     ∞     ∞     ∞     ∞     ∞     ∞     ∞     ∞     ∞     ∞     ∞     ∞     ∞     ∞     ∞     ∞     ∞     ∞     ∞     ∞     ∞     ∞     ∞     ∞     ∞     ∞     ∞     ∞
[2026-05-23 18:10:29.579] [debug] [New state 8]   x5      ∞     ∞     ∞     ∞     ∞       0     ∞     ∞     ∞     ∞     ∞     ∞     ∞     ∞     ∞     ∞     ∞     ∞     ∞     ∞     ∞     ∞     ∞     ∞     ∞     ∞     ∞     ∞     ∞     ∞     ∞     ∞     ∞     ∞
[2026-05-23 18:10:29.579] [debug] [New state 8]   x6      ∞     ∞     ∞     ∞     ∞     ∞       0     ∞     ∞     ∞     ∞     ∞     ∞     ∞     ∞     ∞     ∞     ∞     ∞     ∞     ∞     ∞     ∞     ∞     ∞     ∞     ∞     ∞     ∞     ∞     ∞     ∞     ∞     ∞
[2026-05-23 18:10:29.579] [debug] [New state 8]   x7      100     100     100     100     100     100     100       0     100     100     100     100     100     100     100     100     100     100     100     -50     100     100     100     100     100     100     100     100     100     100     100     100     100     100
[2026-05-23 18:10:29.579] [debug] [New state 8]   x8      ∞     ∞     ∞     ∞     ∞     ∞     ∞     ∞       0     ∞     ∞     ∞     ∞     ∞     ∞     ∞     ∞     ∞     ∞     ∞     ∞     ∞     ∞     ∞     ∞     ∞     ∞     ∞     ∞     ∞     ∞     ∞     ∞     ∞
[2026-05-23 18:10:29.579] [debug] [New state 8]   x9      ∞     ∞     ∞     ∞     ∞     ∞     ∞     ∞     ∞       0     ∞     ∞     ∞     ∞     ∞     ∞     ∞     ∞     ∞     ∞     ∞     ∞     ∞     ∞     ∞     ∞     ∞     ∞     ∞     ∞     ∞     ∞     ∞     ∞
[2026-05-23 18:10:29.579] [debug] [New state 8]   x10      ∞     ∞     ∞     ∞     ∞     ∞     ∞     ∞     ∞     ∞       0     ∞     ∞     ∞     ∞     ∞     ∞     ∞     ∞     ∞     ∞     ∞     ∞     ∞     ∞     ∞     ∞     ∞     ∞     ∞     ∞     ∞     ∞     ∞
[2026-05-23 18:10:29.579] [debug] [New state 8]   x11      ∞     ∞     ∞     ∞     ∞     ∞     ∞     ∞     ∞     ∞     ∞       0     ∞     ∞     ∞     ∞     ∞     ∞     ∞     ∞     ∞     ∞     ∞     ∞     ∞     ∞     ∞     ∞     ∞     ∞     ∞     ∞     ∞     ∞
[2026-05-23 18:10:29.579] [debug] [New state 8]   x12      ∞     ∞     ∞     ∞     ∞     ∞     ∞     ∞     ∞     ∞     ∞     ∞       0     ∞     ∞     ∞     ∞     ∞     ∞     ∞     ∞     ∞     ∞     ∞     ∞     ∞     ∞     ∞     ∞     ∞     ∞     ∞     ∞     ∞
[2026-05-23 18:10:29.579] [debug] [New state 8]   x13      ∞     ∞     ∞     ∞     ∞     ∞     ∞     ∞     ∞     ∞     ∞     ∞     ∞       0     ∞     ∞     ∞     ∞     ∞     ∞     ∞     ∞     ∞     ∞     ∞     ∞     ∞     ∞     ∞     ∞     ∞     ∞     ∞     ∞
[2026-05-23 18:10:29.579] [debug] [New state 8]   x14      ∞     ∞     ∞     ∞     ∞     ∞     ∞     ∞     ∞     ∞     ∞     ∞     ∞     ∞       0     ∞     ∞     ∞     ∞     ∞     ∞     ∞     ∞     ∞     ∞     ∞     ∞     ∞     ∞     ∞     ∞     ∞     ∞     ∞
[2026-05-23 18:10:29.579] [debug] [New state 8]   x15      ∞     ∞     ∞     ∞     ∞     ∞     ∞     ∞     ∞     ∞     ∞     ∞     ∞     ∞     ∞       0     ∞     ∞     ∞     ∞     ∞     ∞     ∞     ∞     ∞     ∞     ∞     ∞     ∞     ∞     ∞     ∞     ∞     ∞
[2026-05-23 18:10:29.579] [debug] [New state 8]   x16      ∞     ∞     ∞     ∞     ∞     ∞     ∞     ∞     ∞     ∞     ∞     ∞     ∞     ∞     ∞     ∞       0     ∞     ∞     ∞     ∞     ∞     ∞     ∞     ∞     ∞     ∞     ∞     ∞     ∞     ∞     ∞     ∞     ∞
[2026-05-23 18:10:29.579] [debug] [New state 8]   x17      ∞     ∞     ∞     ∞     ∞     ∞     ∞     ∞     ∞     ∞     ∞     ∞     ∞     ∞     ∞     ∞     ∞       0     ∞     ∞     ∞     ∞     ∞     ∞     ∞     ∞     ∞     ∞     ∞     ∞     ∞     ∞     ∞     ∞
[2026-05-23 18:10:29.579] [debug] [New state 8]   x18        0       0       0       0       0       0       0    -100       0       0       0       0       0       0       0       0       0       0       0    -150       0       0       0       0       0       0       0       0       0       0       0       0       0       0
[2026-05-23 18:10:29.579] [debug] [New state 8]   x19      150     150     150     150     150     150     150      50     150     150     150     150     150     150     150     150     150     150     150       0     150     150     150     150     150     150     150     150     150     150     150     150     150     150
[2026-05-23 18:10:29.579] [debug] [New state 8]   x20      ∞     ∞     ∞     ∞     ∞     ∞     ∞     ∞     ∞     ∞     ∞     ∞     ∞     ∞     ∞     ∞     ∞     ∞     ∞     ∞       0     ∞     ∞     ∞     ∞     ∞     ∞     ∞     ∞     ∞     ∞     ∞     ∞     ∞
[2026-05-23 18:10:29.579] [debug] [New state 8]   x21      ∞     ∞     ∞     ∞     ∞     ∞     ∞     ∞     ∞     ∞     ∞     ∞     ∞     ∞     ∞     ∞     ∞     ∞     ∞     ∞     ∞       0     ∞     ∞     ∞     ∞     ∞     ∞     ∞     ∞     ∞     ∞     ∞     ∞
[2026-05-23 18:10:29.579] [debug] [New state 8]   x22      ∞     ∞     ∞     ∞     ∞     ∞     ∞     ∞     ∞     ∞     ∞     ∞     ∞     ∞     ∞     ∞     ∞     ∞     ∞     ∞     ∞     ∞       0     ∞     ∞     ∞     ∞     ∞     ∞     ∞     ∞     ∞     ∞     ∞
[2026-05-23 18:10:29.579] [debug] [New state 8]   x23      ∞     ∞     ∞     ∞     ∞     ∞     ∞     ∞     ∞     ∞     ∞     ∞     ∞     ∞     ∞     ∞     ∞     ∞     ∞     ∞     ∞     ∞     ∞       0     ∞     ∞     ∞     ∞     ∞     ∞     ∞     ∞     ∞     ∞
[2026-05-23 18:10:29.579] [debug] [New state 8]   x24      ∞     ∞     ∞     ∞     ∞     ∞     ∞     ∞     ∞     ∞     ∞     ∞     ∞     ∞     ∞     ∞     ∞     ∞     ∞     ∞     ∞     ∞     ∞     ∞       0     ∞     ∞     ∞     ∞     ∞     ∞     ∞     ∞     ∞
[2026-05-23 18:10:29.579] [debug] [New state 8]   x25      ∞     ∞     ∞     ∞     ∞     ∞     ∞     ∞     ∞     ∞     ∞     ∞     ∞     ∞     ∞     ∞     ∞     ∞     ∞     ∞     ∞     ∞     ∞     ∞     ∞       0     ∞     ∞     ∞     ∞     ∞     ∞     ∞     ∞
[2026-05-23 18:10:29.579] [debug] [New state 8]   x26      ∞     ∞     ∞     ∞     ∞     ∞     ∞     ∞     ∞     ∞     ∞     ∞     ∞     ∞     ∞     ∞     ∞     ∞     ∞     ∞     ∞     ∞     ∞     ∞     ∞     ∞       0     ∞     ∞     ∞     ∞     ∞     ∞     ∞
[2026-05-23 18:10:29.579] [debug] [New state 8]   x27      ∞     ∞     ∞     ∞     ∞     ∞     ∞     ∞     ∞     ∞     ∞     ∞     ∞     ∞     ∞     ∞     ∞     ∞     ∞     ∞     ∞     ∞     ∞     ∞     ∞     ∞     ∞       0     ∞     ∞     ∞     ∞     ∞     ∞
[2026-05-23 18:10:29.579] [debug] [New state 8]   x28      ∞     ∞     ∞     ∞     ∞     ∞     ∞     ∞     ∞     ∞     ∞     ∞     ∞     ∞     ∞     ∞     ∞     ∞     ∞     ∞     ∞     ∞     ∞     ∞     ∞     ∞     ∞     ∞       0     ∞     ∞     ∞     ∞     ∞
[2026-05-23 18:10:29.579] [debug] [New state 8]   x29      ∞     ∞     ∞     ∞     ∞     ∞     ∞     ∞     ∞     ∞     ∞     ∞     ∞     ∞     ∞     ∞     ∞     ∞     ∞     ∞     ∞     ∞     ∞     ∞     ∞     ∞     ∞     ∞     ∞       0     ∞     ∞     ∞     ∞
[2026-05-23 18:10:29.579] [debug] [New state 8]   x30      ∞     ∞     ∞     ∞     ∞     ∞     ∞     ∞     ∞     ∞     ∞     ∞     ∞     ∞     ∞     ∞     ∞     ∞     ∞     ∞     ∞     ∞     ∞     ∞     ∞     ∞     ∞     ∞     ∞     ∞       0     ∞     ∞     ∞
[2026-05-23 18:10:29.579] [debug] [New state 8]   x31      ∞     ∞     ∞     ∞     ∞     ∞     ∞     ∞     ∞     ∞     ∞     ∞     ∞     ∞     ∞     ∞     ∞     ∞     ∞     ∞     ∞     ∞     ∞     ∞     ∞     ∞     ∞     ∞     ∞     ∞     ∞       0     ∞     ∞
[2026-05-23 18:10:29.579] [debug] [New state 8]   x32      ∞     ∞     ∞     ∞     ∞     ∞     ∞     ∞     ∞     ∞     ∞     ∞     ∞     ∞     ∞     ∞     ∞     ∞     ∞     ∞     ∞     ∞     ∞     ∞     ∞     ∞     ∞     ∞     ∞     ∞     ∞     ∞       0     ∞
[2026-05-23 18:10:29.579] [debug] [New state 8]   x33      ∞     ∞     ∞     ∞     ∞     ∞     ∞     ∞     ∞     ∞     ∞     ∞     ∞     ∞     ∞     ∞     ∞     ∞     ∞     ∞     ∞     ∞     ∞     ∞     ∞     ∞     ∞     ∞     ∞     ∞     ∞     ∞     ∞       0
[2026-05-23 18:10:29.579] [debug] [New state 8] Z2 (suspendable):
[2026-05-23 18:10:29.579] [debug] [New state 8]   DBM(size=34):
[2026-05-23 18:10:29.579] [debug] [New state 8]             x0       x1       x2       x3       x4       x5       x6       x7       x8       x9       x10       x11       x12       x13       x14       x15       x16       x17       x18       x19       x20       x21       x22       x23       x24       x25       x26       x27       x28       x29       x30       x31       x32       x33
[2026-05-23 18:10:29.579] [debug] [New state 8]   x0        0       0       0       0       0       0    -108       0       0       0       0       0       0       0       0       0       0       0       0       0       0       0       0       0       0       0       0       0       0       0       0       0       0       0
[2026-05-23 18:10:29.579] [debug] [New state 8]   x1      ∞       0     ∞     ∞     ∞     ∞     ∞     ∞     ∞     ∞     ∞     ∞     ∞     ∞     ∞     ∞     ∞     ∞     ∞     ∞     ∞     ∞     ∞     ∞     ∞     ∞     ∞     ∞     ∞     ∞     ∞     ∞     ∞     ∞
[2026-05-23 18:10:29.579] [debug] [New state 8]   x2      ∞     ∞       0     ∞     ∞     ∞     ∞     ∞     ∞     ∞     ∞     ∞     ∞     ∞     ∞     ∞     ∞     ∞     ∞     ∞     ∞     ∞     ∞     ∞     ∞     ∞     ∞     ∞     ∞     ∞     ∞     ∞     ∞     ∞
[2026-05-23 18:10:29.579] [debug] [New state 8]   x3      ∞     ∞     ∞       0     ∞     ∞     ∞     ∞     ∞     ∞     ∞     ∞     ∞     ∞     ∞     ∞     ∞     ∞     ∞     ∞     ∞     ∞     ∞     ∞     ∞     ∞     ∞     ∞     ∞     ∞     ∞     ∞     ∞     ∞
[2026-05-23 18:10:29.579] [debug] [New state 8]   x4      ∞     ∞     ∞     ∞       0     ∞     ∞     ∞     ∞     ∞     ∞     ∞     ∞     ∞     ∞     ∞     ∞     ∞     ∞     ∞     ∞     ∞     ∞     ∞     ∞     ∞     ∞     ∞     ∞     ∞     ∞     ∞     ∞     ∞
[2026-05-23 18:10:29.579] [debug] [New state 8]   x5      ∞     ∞     ∞     ∞     ∞       0     ∞     ∞     ∞     ∞     ∞     ∞     ∞     ∞     ∞     ∞     ∞     ∞     ∞     ∞     ∞     ∞     ∞     ∞     ∞     ∞     ∞     ∞     ∞     ∞     ∞     ∞     ∞     ∞
[2026-05-23 18:10:29.579] [debug] [New state 8]   x6      108     108     108     108     108     108       0     108     108     108     108     108     108     108     108     108     108     108     108     108     108     108     108     108     108     108     108     108     108     108     108     108     108     108
[2026-05-23 18:10:29.579] [debug] [New state 8]   x7      ∞     ∞     ∞     ∞     ∞     ∞     ∞       0     ∞     ∞     ∞     ∞     ∞     ∞     ∞     ∞     ∞     ∞     ∞     ∞     ∞     ∞     ∞     ∞     ∞     ∞     ∞     ∞     ∞     ∞     ∞     ∞     ∞     ∞
[2026-05-23 18:10:29.579] [debug] [New state 8]   x8      ∞     ∞     ∞     ∞     ∞     ∞     ∞     ∞       0     ∞     ∞     ∞     ∞     ∞     ∞     ∞     ∞     ∞     ∞     ∞     ∞     ∞     ∞     ∞     ∞     ∞     ∞     ∞     ∞     ∞     ∞     ∞     ∞     ∞
[2026-05-23 18:10:29.579] [debug] [New state 8]   x9      ∞     ∞     ∞     ∞     ∞     ∞     ∞     ∞     ∞       0     ∞     ∞     ∞     ∞     ∞     ∞     ∞     ∞     ∞     ∞     ∞     ∞     ∞     ∞     ∞     ∞     ∞     ∞     ∞     ∞     ∞     ∞     ∞     ∞
[2026-05-23 18:10:29.579] [debug] [New state 8]   x10      ∞     ∞     ∞     ∞     ∞     ∞     ∞     ∞     ∞     ∞       0     ∞     ∞     ∞     ∞     ∞     ∞     ∞     ∞     ∞     ∞     ∞     ∞     ∞     ∞     ∞     ∞     ∞     ∞     ∞     ∞     ∞     ∞     ∞
[2026-05-23 18:10:29.579] [debug] [New state 8]   x11      ∞     ∞     ∞     ∞     ∞     ∞     ∞     ∞     ∞     ∞     ∞       0     ∞     ∞     ∞     ∞     ∞     ∞     ∞     ∞     ∞     ∞     ∞     ∞     ∞     ∞     ∞     ∞     ∞     ∞     ∞     ∞     ∞     ∞
[2026-05-23 18:10:29.579] [debug] [New state 8]   x12      ∞     ∞     ∞     ∞     ∞     ∞     ∞     ∞     ∞     ∞     ∞     ∞       0     ∞     ∞     ∞     ∞     ∞     ∞     ∞     ∞     ∞     ∞     ∞     ∞     ∞     ∞     ∞     ∞     ∞     ∞     ∞     ∞     ∞
[2026-05-23 18:10:29.579] [debug] [New state 8]   x13      ∞     ∞     ∞     ∞     ∞     ∞     ∞     ∞     ∞     ∞     ∞     ∞     ∞       0     ∞     ∞     ∞     ∞     ∞     ∞     ∞     ∞     ∞     ∞     ∞     ∞     ∞     ∞     ∞     ∞     ∞     ∞     ∞     ∞
[2026-05-23 18:10:29.579] [debug] [New state 8]   x14      ∞     ∞     ∞     ∞     ∞     ∞     ∞     ∞     ∞     ∞     ∞     ∞     ∞     ∞       0     ∞     ∞     ∞     ∞     ∞     ∞     ∞     ∞     ∞     ∞     ∞     ∞     ∞     ∞     ∞     ∞     ∞     ∞     ∞
[2026-05-23 18:10:29.579] [debug] [New state 8]   x15      ∞     ∞     ∞     ∞     ∞     ∞     ∞     ∞     ∞     ∞     ∞     ∞     ∞     ∞     ∞       0     ∞     ∞     ∞     ∞     ∞     ∞     ∞     ∞     ∞     ∞     ∞     ∞     ∞     ∞     ∞     ∞     ∞     ∞
[2026-05-23 18:10:29.579] [debug] [New state 8]   x16      ∞     ∞     ∞     ∞     ∞     ∞     ∞     ∞     ∞     ∞     ∞     ∞     ∞     ∞     ∞     ∞       0     ∞     ∞     ∞     ∞     ∞     ∞     ∞     ∞     ∞     ∞     ∞     ∞     ∞     ∞     ∞     ∞     ∞
[2026-05-23 18:10:29.579] [debug] [New state 8]   x17      ∞     ∞     ∞     ∞     ∞     ∞     ∞     ∞     ∞     ∞     ∞     ∞     ∞     ∞     ∞     ∞     ∞       0     ∞     ∞     ∞     ∞     ∞     ∞     ∞     ∞     ∞     ∞     ∞     ∞     ∞     ∞     ∞     ∞
[2026-05-23 18:10:29.579] [debug] [New state 8]   x18      ∞     ∞     ∞     ∞     ∞     ∞     ∞     ∞     ∞     ∞     ∞     ∞     ∞     ∞     ∞     ∞     ∞     ∞       0     ∞     ∞     ∞     ∞     ∞     ∞     ∞     ∞     ∞     ∞     ∞     ∞     ∞     ∞     ∞
[2026-05-23 18:10:29.579] [debug] [New state 8]   x19      ∞     ∞     ∞     ∞     ∞     ∞     ∞     ∞     ∞     ∞     ∞     ∞     ∞     ∞     ∞     ∞     ∞     ∞     ∞       0     ∞     ∞     ∞     ∞     ∞     ∞     ∞     ∞     ∞     ∞     ∞     ∞     ∞     ∞
[2026-05-23 18:10:29.579] [debug] [New state 8]   x20      ∞     ∞     ∞     ∞     ∞     ∞     ∞     ∞     ∞     ∞     ∞     ∞     ∞     ∞     ∞     ∞     ∞     ∞     ∞     ∞       0     ∞     ∞     ∞     ∞     ∞     ∞     ∞     ∞     ∞     ∞     ∞     ∞     ∞
[2026-05-23 18:10:29.579] [debug] [New state 8]   x21      ∞     ∞     ∞     ∞     ∞     ∞     ∞     ∞     ∞     ∞     ∞     ∞     ∞     ∞     ∞     ∞     ∞     ∞     ∞     ∞     ∞       0     ∞     ∞     ∞     ∞     ∞     ∞     ∞     ∞     ∞     ∞     ∞     ∞
[2026-05-23 18:10:29.579] [debug] [New state 8]   x22      ∞     ∞     ∞     ∞     ∞     ∞     ∞     ∞     ∞     ∞     ∞     ∞     ∞     ∞     ∞     ∞     ∞     ∞     ∞     ∞     ∞     ∞       0     ∞     ∞     ∞     ∞     ∞     ∞     ∞     ∞     ∞     ∞     ∞
[2026-05-23 18:10:29.579] [debug] [New state 8]   x23      ∞     ∞     ∞     ∞     ∞     ∞     ∞     ∞     ∞     ∞     ∞     ∞     ∞     ∞     ∞     ∞     ∞     ∞     ∞     ∞     ∞     ∞     ∞       0     ∞     ∞     ∞     ∞     ∞     ∞     ∞     ∞     ∞     ∞
[2026-05-23 18:10:29.579] [debug] [New state 8]   x24      ∞     ∞     ∞     ∞     ∞     ∞     ∞     ∞     ∞     ∞     ∞     ∞     ∞     ∞     ∞     ∞     ∞     ∞     ∞     ∞     ∞     ∞     ∞     ∞       0     ∞     ∞     ∞     ∞     ∞     ∞     ∞     ∞     ∞
[2026-05-23 18:10:29.579] [debug] [New state 8]   x25      ∞     ∞     ∞     ∞     ∞     ∞     ∞     ∞     ∞     ∞     ∞     ∞     ∞     ∞     ∞     ∞     ∞     ∞     ∞     ∞     ∞     ∞     ∞     ∞     ∞       0     ∞     ∞     ∞     ∞     ∞     ∞     ∞     ∞
[2026-05-23 18:10:29.579] [debug] [New state 8]   x26      ∞     ∞     ∞     ∞     ∞     ∞     ∞     ∞     ∞     ∞     ∞     ∞     ∞     ∞     ∞     ∞     ∞     ∞     ∞     ∞     ∞     ∞     ∞     ∞     ∞     ∞       0     ∞     ∞     ∞     ∞     ∞     ∞     ∞
[2026-05-23 18:10:29.579] [debug] [New state 8]   x27      ∞     ∞     ∞     ∞     ∞     ∞     ∞     ∞     ∞     ∞     ∞     ∞     ∞     ∞     ∞     ∞     ∞     ∞     ∞     ∞     ∞     ∞     ∞     ∞     ∞     ∞     ∞       0     ∞     ∞     ∞     ∞     ∞     ∞
[2026-05-23 18:10:29.579] [debug] [New state 8]   x28      ∞     ∞     ∞     ∞     ∞     ∞     ∞     ∞     ∞     ∞     ∞     ∞     ∞     ∞     ∞     ∞     ∞     ∞     ∞     ∞     ∞     ∞     ∞     ∞     ∞     ∞     ∞     ∞       0     ∞     ∞     ∞     ∞     ∞
[2026-05-23 18:10:29.579] [debug] [New state 8]   x29      ∞     ∞     ∞     ∞     ∞     ∞     ∞     ∞     ∞     ∞     ∞     ∞     ∞     ∞     ∞     ∞     ∞     ∞     ∞     ∞     ∞     ∞     ∞     ∞     ∞     ∞     ∞     ∞     ∞       0     ∞     ∞     ∞     ∞
[2026-05-23 18:10:29.579] [debug] [New state 8]   x30      ∞     ∞     ∞     ∞     ∞     ∞     ∞     ∞     ∞     ∞     ∞     ∞     ∞     ∞     ∞     ∞     ∞     ∞     ∞     ∞     ∞     ∞     ∞     ∞     ∞     ∞     ∞     ∞     ∞     ∞       0     ∞     ∞     ∞
[2026-05-23 18:10:29.579] [debug] [New state 8]   x31      ∞     ∞     ∞     ∞     ∞     ∞     ∞     ∞     ∞     ∞     ∞     ∞     ∞     ∞     ∞     ∞     ∞     ∞     ∞     ∞     ∞     ∞     ∞     ∞     ∞     ∞     ∞     ∞     ∞     ∞     ∞       0     ∞     ∞
[2026-05-23 18:10:29.579] [debug] [New state 8]   x32      ∞     ∞     ∞     ∞     ∞     ∞     ∞     ∞     ∞     ∞     ∞     ∞     ∞     ∞     ∞     ∞     ∞     ∞     ∞     ∞     ∞     ∞     ∞     ∞     ∞     ∞     ∞     ∞     ∞     ∞     ∞     ∞       0     ∞
[2026-05-23 18:10:29.579] [debug] [New state 8]   x33      ∞     ∞     ∞     ∞     ∞     ∞     ∞     ∞     ∞     ∞     ∞     ∞     ∞     ∞     ∞     ∞     ∞     ∞     ∞     ∞     ∞     ∞     ∞     ∞     ∞     ∞     ∞     ∞     ∞     ∞     ∞     ∞     ∞       0
[2026-05-23 18:10:29.579] [debug] [New state 8] ==========================================
[2026-05-23 18:10:29.579] [debug] [STATE] State 2 --T18@50--> candidate
[2026-05-23 18:10:29.580] [debug] [STATE]   [New] Add state 9 to graph and frontier
[2026-05-23 18:10:29.580] [debug] [New state 9] ========== State Class Details: ID=9 ==========
[2026-05-23 18:10:29.580] [debug] [New state 9] Places: [P0(Fentry)=0, P1(Fready)=0, P2(Fexit)=0, P3(Eentry)=0, P4(Eready)=0, P5(Eexit)=0, P6(Aentry)=0, P7(Aready)=1, P8(Aexit)=0, P9(Dentry)=1, P10(Dready)=0, P11(Dexit)=0, P12(Centry)=0, P13(Cready)=0, P14(Cexit)=0, P15(Bentry)=0, P16(Bready)=0, P17(Bexit)=0, P18(A_cfg_random)=1, P19(D_cfg_random)=1, P20(E_suspended_C_0)=0, P21(D_suspended_C_1)=0, P22(D_suspended_E_2)=0, P23(A_suspended_B_3)=0, P24(F_suspended_B_4)=0, P25(F_suspended_A_5)=0, P26(core0)=0, P27(core1)=1]
[2026-05-23 18:10:29.580] [debug] [New state 9] Enabled: T5(Aexec, priority=97, core=0, suspendable), T6(Dget_core, priority=97, core=1), T17(A_cfg_fire, priority=2147483647, core=-1), T18(D_cfg_fire, priority=2147483647, core=-1)
[2026-05-23 18:10:29.580] [debug] [New state 9] Cumulative time: 50
[2026-05-23 18:10:29.580] [debug] [New state 9] Z1 (non-suspendable):
[2026-05-23 18:10:29.580] [debug] [New state 9]   DBM(size=34):
[2026-05-23 18:10:29.580] [debug] [New state 9]             x0       x1       x2       x3       x4       x5       x6       x7       x8       x9       x10       x11       x12       x13       x14       x15       x16       x17       x18       x19       x20       x21       x22       x23       x24       x25       x26       x27       x28       x29       x30       x31       x32       x33
[2026-05-23 18:10:29.580] [debug] [New state 9]   x0        0       0       0       0       0       0       0     -50       0       0       0       0       0       0       0       0       0       0    -150       0       0       0       0       0       0       0       0       0       0       0       0       0       0       0
[2026-05-23 18:10:29.580] [debug] [New state 9]   x1      ∞       0     ∞     ∞     ∞     ∞     ∞     ∞     ∞     ∞     ∞     ∞     ∞     ∞     ∞     ∞     ∞     ∞     ∞     ∞     ∞     ∞     ∞     ∞     ∞     ∞     ∞     ∞     ∞     ∞     ∞     ∞     ∞     ∞
[2026-05-23 18:10:29.580] [debug] [New state 9]   x2      ∞     ∞       0     ∞     ∞     ∞     ∞     ∞     ∞     ∞     ∞     ∞     ∞     ∞     ∞     ∞     ∞     ∞     ∞     ∞     ∞     ∞     ∞     ∞     ∞     ∞     ∞     ∞     ∞     ∞     ∞     ∞     ∞     ∞
[2026-05-23 18:10:29.580] [debug] [New state 9]   x3      ∞     ∞     ∞       0     ∞     ∞     ∞     ∞     ∞     ∞     ∞     ∞     ∞     ∞     ∞     ∞     ∞     ∞     ∞     ∞     ∞     ∞     ∞     ∞     ∞     ∞     ∞     ∞     ∞     ∞     ∞     ∞     ∞     ∞
[2026-05-23 18:10:29.580] [debug] [New state 9]   x4      ∞     ∞     ∞     ∞       0     ∞     ∞     ∞     ∞     ∞     ∞     ∞     ∞     ∞     ∞     ∞     ∞     ∞     ∞     ∞     ∞     ∞     ∞     ∞     ∞     ∞     ∞     ∞     ∞     ∞     ∞     ∞     ∞     ∞
[2026-05-23 18:10:29.580] [debug] [New state 9]   x5      ∞     ∞     ∞     ∞     ∞       0     ∞     ∞     ∞     ∞     ∞     ∞     ∞     ∞     ∞     ∞     ∞     ∞     ∞     ∞     ∞     ∞     ∞     ∞     ∞     ∞     ∞     ∞     ∞     ∞     ∞     ∞     ∞     ∞
[2026-05-23 18:10:29.580] [debug] [New state 9]   x6      ∞     ∞     ∞     ∞     ∞     ∞       0     ∞     ∞     ∞     ∞     ∞     ∞     ∞     ∞     ∞     ∞     ∞     ∞     ∞     ∞     ∞     ∞     ∞     ∞     ∞     ∞     ∞     ∞     ∞     ∞     ∞     ∞     ∞
[2026-05-23 18:10:29.580] [debug] [New state 9]   x7       50      50      50      50      50      50      50       0      50      50      50      50      50      50      50      50      50      50    -100      50      50      50      50      50      50      50      50      50      50      50      50      50      50      50
[2026-05-23 18:10:29.580] [debug] [New state 9]   x8      ∞     ∞     ∞     ∞     ∞     ∞     ∞     ∞       0     ∞     ∞     ∞     ∞     ∞     ∞     ∞     ∞     ∞     ∞     ∞     ∞     ∞     ∞     ∞     ∞     ∞     ∞     ∞     ∞     ∞     ∞     ∞     ∞     ∞
[2026-05-23 18:10:29.580] [debug] [New state 9]   x9      ∞     ∞     ∞     ∞     ∞     ∞     ∞     ∞     ∞       0     ∞     ∞     ∞     ∞     ∞     ∞     ∞     ∞     ∞     ∞     ∞     ∞     ∞     ∞     ∞     ∞     ∞     ∞     ∞     ∞     ∞     ∞     ∞     ∞
[2026-05-23 18:10:29.580] [debug] [New state 9]   x10      ∞     ∞     ∞     ∞     ∞     ∞     ∞     ∞     ∞     ∞       0     ∞     ∞     ∞     ∞     ∞     ∞     ∞     ∞     ∞     ∞     ∞     ∞     ∞     ∞     ∞     ∞     ∞     ∞     ∞     ∞     ∞     ∞     ∞
[2026-05-23 18:10:29.580] [debug] [New state 9]   x11      ∞     ∞     ∞     ∞     ∞     ∞     ∞     ∞     ∞     ∞     ∞       0     ∞     ∞     ∞     ∞     ∞     ∞     ∞     ∞     ∞     ∞     ∞     ∞     ∞     ∞     ∞     ∞     ∞     ∞     ∞     ∞     ∞     ∞
[2026-05-23 18:10:29.580] [debug] [New state 9]   x12      ∞     ∞     ∞     ∞     ∞     ∞     ∞     ∞     ∞     ∞     ∞     ∞       0     ∞     ∞     ∞     ∞     ∞     ∞     ∞     ∞     ∞     ∞     ∞     ∞     ∞     ∞     ∞     ∞     ∞     ∞     ∞     ∞     ∞
[2026-05-23 18:10:29.580] [debug] [New state 9]   x13      ∞     ∞     ∞     ∞     ∞     ∞     ∞     ∞     ∞     ∞     ∞     ∞     ∞       0     ∞     ∞     ∞     ∞     ∞     ∞     ∞     ∞     ∞     ∞     ∞     ∞     ∞     ∞     ∞     ∞     ∞     ∞     ∞     ∞
[2026-05-23 18:10:29.580] [debug] [New state 9]   x14      ∞     ∞     ∞     ∞     ∞     ∞     ∞     ∞     ∞     ∞     ∞     ∞     ∞     ∞       0     ∞     ∞     ∞     ∞     ∞     ∞     ∞     ∞     ∞     ∞     ∞     ∞     ∞     ∞     ∞     ∞     ∞     ∞     ∞
[2026-05-23 18:10:29.580] [debug] [New state 9]   x15      ∞     ∞     ∞     ∞     ∞     ∞     ∞     ∞     ∞     ∞     ∞     ∞     ∞     ∞     ∞       0     ∞     ∞     ∞     ∞     ∞     ∞     ∞     ∞     ∞     ∞     ∞     ∞     ∞     ∞     ∞     ∞     ∞     ∞
[2026-05-23 18:10:29.580] [debug] [New state 9]   x16      ∞     ∞     ∞     ∞     ∞     ∞     ∞     ∞     ∞     ∞     ∞     ∞     ∞     ∞     ∞     ∞       0     ∞     ∞     ∞     ∞     ∞     ∞     ∞     ∞     ∞     ∞     ∞     ∞     ∞     ∞     ∞     ∞     ∞
[2026-05-23 18:10:29.580] [debug] [New state 9]   x17      ∞     ∞     ∞     ∞     ∞     ∞     ∞     ∞     ∞     ∞     ∞     ∞     ∞     ∞     ∞     ∞     ∞       0     ∞     ∞     ∞     ∞     ∞     ∞     ∞     ∞     ∞     ∞     ∞     ∞     ∞     ∞     ∞     ∞
[2026-05-23 18:10:29.580] [debug] [New state 9]   x18      150     150     150     150     150     150     150     100     150     150     150     150     150     150     150     150     150     150       0     150     150     150     150     150     150     150     150     150     150     150     150     150     150     150
[2026-05-23 18:10:29.580] [debug] [New state 9]   x19        0       0       0       0       0       0       0     -50       0       0       0       0       0       0       0       0       0       0    -150       0       0       0       0       0       0       0       0       0       0       0       0       0       0       0
[2026-05-23 18:10:29.580] [debug] [New state 9]   x20      ∞     ∞     ∞     ∞     ∞     ∞     ∞     ∞     ∞     ∞     ∞     ∞     ∞     ∞     ∞     ∞     ∞     ∞     ∞     ∞       0     ∞     ∞     ∞     ∞     ∞     ∞     ∞     ∞     ∞     ∞     ∞     ∞     ∞
[2026-05-23 18:10:29.580] [debug] [New state 9]   x21      ∞     ∞     ∞     ∞     ∞     ∞     ∞     ∞     ∞     ∞     ∞     ∞     ∞     ∞     ∞     ∞     ∞     ∞     ∞     ∞     ∞       0     ∞     ∞     ∞     ∞     ∞     ∞     ∞     ∞     ∞     ∞     ∞     ∞
[2026-05-23 18:10:29.580] [debug] [New state 9]   x22      ∞     ∞     ∞     ∞     ∞     ∞     ∞     ∞     ∞     ∞     ∞     ∞     ∞     ∞     ∞     ∞     ∞     ∞     ∞     ∞     ∞     ∞       0     ∞     ∞     ∞     ∞     ∞     ∞     ∞     ∞     ∞     ∞     ∞
[2026-05-23 18:10:29.580] [debug] [New state 9]   x23      ∞     ∞     ∞     ∞     ∞     ∞     ∞     ∞     ∞     ∞     ∞     ∞     ∞     ∞     ∞     ∞     ∞     ∞     ∞     ∞     ∞     ∞     ∞       0     ∞     ∞     ∞     ∞     ∞     ∞     ∞     ∞     ∞     ∞
[2026-05-23 18:10:29.580] [debug] [New state 9]   x24      ∞     ∞     ∞     ∞     ∞     ∞     ∞     ∞     ∞     ∞     ∞     ∞     ∞     ∞     ∞     ∞     ∞     ∞     ∞     ∞     ∞     ∞     ∞     ∞       0     ∞     ∞     ∞     ∞     ∞     ∞     ∞     ∞     ∞
[2026-05-23 18:10:29.580] [debug] [New state 9]   x25      ∞     ∞     ∞     ∞     ∞     ∞     ∞     ∞     ∞     ∞     ∞     ∞     ∞     ∞     ∞     ∞     ∞     ∞     ∞     ∞     ∞     ∞     ∞     ∞     ∞       0     ∞     ∞     ∞     ∞     ∞     ∞     ∞     ∞
[2026-05-23 18:10:29.580] [debug] [New state 9]   x26      ∞     ∞     ∞     ∞     ∞     ∞     ∞     ∞     ∞     ∞     ∞     ∞     ∞     ∞     ∞     ∞     ∞     ∞     ∞     ∞     ∞     ∞     ∞     ∞     ∞     ∞       0     ∞     ∞     ∞     ∞     ∞     ∞     ∞
[2026-05-23 18:10:29.580] [debug] [New state 9]   x27      ∞     ∞     ∞     ∞     ∞     ∞     ∞     ∞     ∞     ∞     ∞     ∞     ∞     ∞     ∞     ∞     ∞     ∞     ∞     ∞     ∞     ∞     ∞     ∞     ∞     ∞     ∞       0     ∞     ∞     ∞     ∞     ∞     ∞
[2026-05-23 18:10:29.580] [debug] [New state 9]   x28      ∞     ∞     ∞     ∞     ∞     ∞     ∞     ∞     ∞     ∞     ∞     ∞     ∞     ∞     ∞     ∞     ∞     ∞     ∞     ∞     ∞     ∞     ∞     ∞     ∞     ∞     ∞     ∞       0     ∞     ∞     ∞     ∞     ∞
[2026-05-23 18:10:29.580] [debug] [New state 9]   x29      ∞     ∞     ∞     ∞     ∞     ∞     ∞     ∞     ∞     ∞     ∞     ∞     ∞     ∞     ∞     ∞     ∞     ∞     ∞     ∞     ∞     ∞     ∞     ∞     ∞     ∞     ∞     ∞     ∞       0     ∞     ∞     ∞     ∞
[2026-05-23 18:10:29.580] [debug] [New state 9]   x30      ∞     ∞     ∞     ∞     ∞     ∞     ∞     ∞     ∞     ∞     ∞     ∞     ∞     ∞     ∞     ∞     ∞     ∞     ∞     ∞     ∞     ∞     ∞     ∞     ∞     ∞     ∞     ∞     ∞     ∞       0     ∞     ∞     ∞
[2026-05-23 18:10:29.580] [debug] [New state 9]   x31      ∞     ∞     ∞     ∞     ∞     ∞     ∞     ∞     ∞     ∞     ∞     ∞     ∞     ∞     ∞     ∞     ∞     ∞     ∞     ∞     ∞     ∞     ∞     ∞     ∞     ∞     ∞     ∞     ∞     ∞     ∞       0     ∞     ∞
[2026-05-23 18:10:29.580] [debug] [New state 9]   x32      ∞     ∞     ∞     ∞     ∞     ∞     ∞     ∞     ∞     ∞     ∞     ∞     ∞     ∞     ∞     ∞     ∞     ∞     ∞     ∞     ∞     ∞     ∞     ∞     ∞     ∞     ∞     ∞     ∞     ∞     ∞     ∞       0     ∞
[2026-05-23 18:10:29.580] [debug] [New state 9]   x33      ∞     ∞     ∞     ∞     ∞     ∞     ∞     ∞     ∞     ∞     ∞     ∞     ∞     ∞     ∞     ∞     ∞     ∞     ∞     ∞     ∞     ∞     ∞     ∞     ∞     ∞     ∞     ∞     ∞     ∞     ∞     ∞     ∞       0
[2026-05-23 18:10:29.580] [debug] [New state 9] Z2 (suspendable):
[2026-05-23 18:10:29.580] [debug] [New state 9]   DBM(size=34):
[2026-05-23 18:10:29.580] [debug] [New state 9]             x0       x1       x2       x3       x4       x5       x6       x7       x8       x9       x10       x11       x12       x13       x14       x15       x16       x17       x18       x19       x20       x21       x22       x23       x24       x25       x26       x27       x28       x29       x30       x31       x32       x33
[2026-05-23 18:10:29.580] [debug] [New state 9]   x0        0       0       0       0       0       0     -58       0       0       0       0       0       0       0       0       0       0       0       0       0       0       0       0       0       0       0       0       0       0       0       0       0       0       0
[2026-05-23 18:10:29.580] [debug] [New state 9]   x1      ∞       0     ∞     ∞     ∞     ∞     ∞     ∞     ∞     ∞     ∞     ∞     ∞     ∞     ∞     ∞     ∞     ∞     ∞     ∞     ∞     ∞     ∞     ∞     ∞     ∞     ∞     ∞     ∞     ∞     ∞     ∞     ∞     ∞
[2026-05-23 18:10:29.580] [debug] [New state 9]   x2      ∞     ∞       0     ∞     ∞     ∞     ∞     ∞     ∞     ∞     ∞     ∞     ∞     ∞     ∞     ∞     ∞     ∞     ∞     ∞     ∞     ∞     ∞     ∞     ∞     ∞     ∞     ∞     ∞     ∞     ∞     ∞     ∞     ∞
[2026-05-23 18:10:29.580] [debug] [New state 9]   x3      ∞     ∞     ∞       0     ∞     ∞     ∞     ∞     ∞     ∞     ∞     ∞     ∞     ∞     ∞     ∞     ∞     ∞     ∞     ∞     ∞     ∞     ∞     ∞     ∞     ∞     ∞     ∞     ∞     ∞     ∞     ∞     ∞     ∞
[2026-05-23 18:10:29.580] [debug] [New state 9]   x4      ∞     ∞     ∞     ∞       0     ∞     ∞     ∞     ∞     ∞     ∞     ∞     ∞     ∞     ∞     ∞     ∞     ∞     ∞     ∞     ∞     ∞     ∞     ∞     ∞     ∞     ∞     ∞     ∞     ∞     ∞     ∞     ∞     ∞
[2026-05-23 18:10:29.580] [debug] [New state 9]   x5      ∞     ∞     ∞     ∞     ∞       0     ∞     ∞     ∞     ∞     ∞     ∞     ∞     ∞     ∞     ∞     ∞     ∞     ∞     ∞     ∞     ∞     ∞     ∞     ∞     ∞     ∞     ∞     ∞     ∞     ∞     ∞     ∞     ∞
[2026-05-23 18:10:29.580] [debug] [New state 9]   x6       58      58      58      58      58      58       0      58      58      58      58      58      58      58      58      58      58      58      58      58      58      58      58      58      58      58      58      58      58      58      58      58      58      58
[2026-05-23 18:10:29.580] [debug] [New state 9]   x7      ∞     ∞     ∞     ∞     ∞     ∞     ∞       0     ∞     ∞     ∞     ∞     ∞     ∞     ∞     ∞     ∞     ∞     ∞     ∞     ∞     ∞     ∞     ∞     ∞     ∞     ∞     ∞     ∞     ∞     ∞     ∞     ∞     ∞
[2026-05-23 18:10:29.580] [debug] [New state 9]   x8      ∞     ∞     ∞     ∞     ∞     ∞     ∞     ∞       0     ∞     ∞     ∞     ∞     ∞     ∞     ∞     ∞     ∞     ∞     ∞     ∞     ∞     ∞     ∞     ∞     ∞     ∞     ∞     ∞     ∞     ∞     ∞     ∞     ∞
[2026-05-23 18:10:29.580] [debug] [New state 9]   x9      ∞     ∞     ∞     ∞     ∞     ∞     ∞     ∞     ∞       0     ∞     ∞     ∞     ∞     ∞     ∞     ∞     ∞     ∞     ∞     ∞     ∞     ∞     ∞     ∞     ∞     ∞     ∞     ∞     ∞     ∞     ∞     ∞     ∞
[2026-05-23 18:10:29.580] [debug] [New state 9]   x10      ∞     ∞     ∞     ∞     ∞     ∞     ∞     ∞     ∞     ∞       0     ∞     ∞     ∞     ∞     ∞     ∞     ∞     ∞     ∞     ∞     ∞     ∞     ∞     ∞     ∞     ∞     ∞     ∞     ∞     ∞     ∞     ∞     ∞
[2026-05-23 18:10:29.580] [debug] [New state 9]   x11      ∞     ∞     ∞     ∞     ∞     ∞     ∞     ∞     ∞     ∞     ∞       0     ∞     ∞     ∞     ∞     ∞     ∞     ∞     ∞     ∞     ∞     ∞     ∞     ∞     ∞     ∞     ∞     ∞     ∞     ∞     ∞     ∞     ∞
[2026-05-23 18:10:29.580] [debug] [New state 9]   x12      ∞     ∞     ∞     ∞     ∞     ∞     ∞     ∞     ∞     ∞     ∞     ∞       0     ∞     ∞     ∞     ∞     ∞     ∞     ∞     ∞     ∞     ∞     ∞     ∞     ∞     ∞     ∞     ∞     ∞     ∞     ∞     ∞     ∞
[2026-05-23 18:10:29.580] [debug] [New state 9]   x13      ∞     ∞     ∞     ∞     ∞     ∞     ∞     ∞     ∞     ∞     ∞     ∞     ∞       0     ∞     ∞     ∞     ∞     ∞     ∞     ∞     ∞     ∞     ∞     ∞     ∞     ∞     ∞     ∞     ∞     ∞     ∞     ∞     ∞
[2026-05-23 18:10:29.580] [debug] [New state 9]   x14      ∞     ∞     ∞     ∞     ∞     ∞     ∞     ∞     ∞     ∞     ∞     ∞     ∞     ∞       0     ∞     ∞     ∞     ∞     ∞     ∞     ∞     ∞     ∞     ∞     ∞     ∞     ∞     ∞     ∞     ∞     ∞     ∞     ∞
[2026-05-23 18:10:29.580] [debug] [New state 9]   x15      ∞     ∞     ∞     ∞     ∞     ∞     ∞     ∞     ∞     ∞     ∞     ∞     ∞     ∞     ∞       0     ∞     ∞     ∞     ∞     ∞     ∞     ∞     ∞     ∞     ∞     ∞     ∞     ∞     ∞     ∞     ∞     ∞     ∞
[2026-05-23 18:10:29.580] [debug] [New state 9]   x16      ∞     ∞     ∞     ∞     ∞     ∞     ∞     ∞     ∞     ∞     ∞     ∞     ∞     ∞     ∞     ∞       0     ∞     ∞     ∞     ∞     ∞     ∞     ∞     ∞     ∞     ∞     ∞     ∞     ∞     ∞     ∞     ∞     ∞
[2026-05-23 18:10:29.580] [debug] [New state 9]   x17      ∞     ∞     ∞     ∞     ∞     ∞     ∞     ∞     ∞     ∞     ∞     ∞     ∞     ∞     ∞     ∞     ∞       0     ∞     ∞     ∞     ∞     ∞     ∞     ∞     ∞     ∞     ∞     ∞     ∞     ∞     ∞     ∞     ∞
[2026-05-23 18:10:29.580] [debug] [New state 9]   x18      ∞     ∞     ∞     ∞     ∞     ∞     ∞     ∞     ∞     ∞     ∞     ∞     ∞     ∞     ∞     ∞     ∞     ∞       0     ∞     ∞     ∞     ∞     ∞     ∞     ∞     ∞     ∞     ∞     ∞     ∞     ∞     ∞     ∞
[2026-05-23 18:10:29.580] [debug] [New state 9]   x19      ∞     ∞     ∞     ∞     ∞     ∞     ∞     ∞     ∞     ∞     ∞     ∞     ∞     ∞     ∞     ∞     ∞     ∞     ∞       0     ∞     ∞     ∞     ∞     ∞     ∞     ∞     ∞     ∞     ∞     ∞     ∞     ∞     ∞
[2026-05-23 18:10:29.580] [debug] [New state 9]   x20      ∞     ∞     ∞     ∞     ∞     ∞     ∞     ∞     ∞     ∞     ∞     ∞     ∞     ∞     ∞     ∞     ∞     ∞     ∞     ∞       0     ∞     ∞     ∞     ∞     ∞     ∞     ∞     ∞     ∞     ∞     ∞     ∞     ∞
[2026-05-23 18:10:29.580] [debug] [New state 9]   x21      ∞     ∞     ∞     ∞     ∞     ∞     ∞     ∞     ∞     ∞     ∞     ∞     ∞     ∞     ∞     ∞     ∞     ∞     ∞     ∞     ∞       0     ∞     ∞     ∞     ∞     ∞     ∞     ∞     ∞     ∞     ∞     ∞     ∞
[2026-05-23 18:10:29.580] [debug] [New state 9]   x22      ∞     ∞     ∞     ∞     ∞     ∞     ∞     ∞     ∞     ∞     ∞     ∞     ∞     ∞     ∞     ∞     ∞     ∞     ∞     ∞     ∞     ∞       0     ∞     ∞     ∞     ∞     ∞     ∞     ∞     ∞     ∞     ∞     ∞
[2026-05-23 18:10:29.580] [debug] [New state 9]   x23      ∞     ∞     ∞     ∞     ∞     ∞     ∞     ∞     ∞     ∞     ∞     ∞     ∞     ∞     ∞     ∞     ∞     ∞     ∞     ∞     ∞     ∞     ∞       0     ∞     ∞     ∞     ∞     ∞     ∞     ∞     ∞     ∞     ∞
[2026-05-23 18:10:29.580] [debug] [New state 9]   x24      ∞     ∞     ∞     ∞     ∞     ∞     ∞     ∞     ∞     ∞     ∞     ∞     ∞     ∞     ∞     ∞     ∞     ∞     ∞     ∞     ∞     ∞     ∞     ∞       0     ∞     ∞     ∞     ∞     ∞     ∞     ∞     ∞     ∞
[2026-05-23 18:10:29.580] [debug] [New state 9]   x25      ∞     ∞     ∞     ∞     ∞     ∞     ∞     ∞     ∞     ∞     ∞     ∞     ∞     ∞     ∞     ∞     ∞     ∞     ∞     ∞     ∞     ∞     ∞     ∞     ∞       0     ∞     ∞     ∞     ∞     ∞     ∞     ∞     ∞
[2026-05-23 18:10:29.580] [debug] [New state 9]   x26      ∞     ∞     ∞     ∞     ∞     ∞     ∞     ∞     ∞     ∞     ∞     ∞     ∞     ∞     ∞     ∞     ∞     ∞     ∞     ∞     ∞     ∞     ∞     ∞     ∞     ∞       0     ∞     ∞     ∞     ∞     ∞     ∞     ∞
[2026-05-23 18:10:29.580] [debug] [New state 9]   x27      ∞     ∞     ∞     ∞     ∞     ∞     ∞     ∞     ∞     ∞     ∞     ∞     ∞     ∞     ∞     ∞     ∞     ∞     ∞     ∞     ∞     ∞     ∞     ∞     ∞     ∞     ∞       0     ∞     ∞     ∞     ∞     ∞     ∞
[2026-05-23 18:10:29.580] [debug] [New state 9]   x28      ∞     ∞     ∞     ∞     ∞     ∞     ∞     ∞     ∞     ∞     ∞     ∞     ∞     ∞     ∞     ∞     ∞     ∞     ∞     ∞     ∞     ∞     ∞     ∞     ∞     ∞     ∞     ∞       0     ∞     ∞     ∞     ∞     ∞
[2026-05-23 18:10:29.580] [debug] [New state 9]   x29      ∞     ∞     ∞     ∞     ∞     ∞     ∞     ∞     ∞     ∞     ∞     ∞     ∞     ∞     ∞     ∞     ∞     ∞     ∞     ∞     ∞     ∞     ∞     ∞     ∞     ∞     ∞     ∞     ∞       0     ∞     ∞     ∞     ∞
[2026-05-23 18:10:29.580] [debug] [New state 9]   x30      ∞     ∞     ∞     ∞     ∞     ∞     ∞     ∞     ∞     ∞     ∞     ∞     ∞     ∞     ∞     ∞     ∞     ∞     ∞     ∞     ∞     ∞     ∞     ∞     ∞     ∞     ∞     ∞     ∞     ∞       0     ∞     ∞     ∞
[2026-05-23 18:10:29.580] [debug] [New state 9]   x31      ∞     ∞     ∞     ∞     ∞     ∞     ∞     ∞     ∞     ∞     ∞     ∞     ∞     ∞     ∞     ∞     ∞     ∞     ∞     ∞     ∞     ∞     ∞     ∞     ∞     ∞     ∞     ∞     ∞     ∞     ∞       0     ∞     ∞
[2026-05-23 18:10:29.580] [debug] [New state 9]   x32      ∞     ∞     ∞     ∞     ∞     ∞     ∞     ∞     ∞     ∞     ∞     ∞     ∞     ∞     ∞     ∞     ∞     ∞     ∞     ∞     ∞     ∞     ∞     ∞     ∞     ∞     ∞     ∞     ∞     ∞     ∞     ∞       0     ∞
[2026-05-23 18:10:29.580] [debug] [New state 9]   x33      ∞     ∞     ∞     ∞     ∞     ∞     ∞     ∞     ∞     ∞     ∞     ∞     ∞     ∞     ∞     ∞     ∞     ∞     ∞     ∞     ∞     ∞     ∞     ∞     ∞     ∞     ∞     ∞     ∞     ∞     ∞     ∞     ∞       0
[2026-05-23 18:10:29.580] [debug] [New state 9] ==========================================
[2026-05-23 18:10:29.580] [debug] [STATE] State 2: 4 candidates, 4 fired, frontier size: 4, total states: 9
[2026-05-23 18:10:29.580] [debug] [State 3] ========== State Class Details: ID=3 ==========
[2026-05-23 18:10:29.580] [debug] [State 3] Places: [P0(Fentry)=0, P1(Fready)=0, P2(Fexit)=0, P3(Eentry)=0, P4(Eready)=0, P5(Eexit)=0, P6(Aentry)=1, P7(Aready)=0, P8(Aexit)=0, P9(Dentry)=0, P10(Dready)=1, P11(Dexit)=0, P12(Centry)=0, P13(Cready)=0, P14(Cexit)=0, P15(Bentry)=0, P16(Bready)=0, P17(Bexit)=0, P18(A_cfg_random)=1, P19(D_cfg_random)=1, P20(E_suspended_C_0)=0, P21(D_suspended_C_1)=0, P22(D_suspended_E_2)=0, P23(A_suspended_B_3)=0, P24(F_suspended_B_4)=0, P25(F_suspended_A_5)=0, P26(core0)=1, P27(core1)=0]
[2026-05-23 18:10:29.580] [debug] [State 3] Enabled: T4(Aget_core, priority=97, core=0), T7(Dexec, priority=97, core=1, suspendable), T17(A_cfg_fire, priority=2147483647, core=-1), T18(D_cfg_fire, priority=2147483647, core=-1)
[2026-05-23 18:10:29.580] [debug] [State 3] Cumulative time: 0
[2026-05-23 18:10:29.580] [debug] [State 3] Z1 (non-suspendable):
[2026-05-23 18:10:29.580] [debug] [State 3]   DBM(size=34):
[2026-05-23 18:10:29.580] [debug] [State 3]             x0       x1       x2       x3       x4       x5       x6       x7       x8       x9       x10       x11       x12       x13       x14       x15       x16       x17       x18       x19       x20       x21       x22       x23       x24       x25       x26       x27       x28       x29       x30       x31       x32       x33
[2026-05-23 18:10:29.580] [debug] [State 3]   x0        0       0       0       0       0       0       0       0       0       0       0       0       0       0       0       0       0       0    -100     -50       0       0       0       0       0       0       0       0       0       0       0       0       0       0
[2026-05-23 18:10:29.580] [debug] [State 3]   x1      ∞       0     ∞     ∞     ∞     ∞     ∞     ∞     ∞     ∞     ∞     ∞     ∞     ∞     ∞     ∞     ∞     ∞     ∞     ∞     ∞     ∞     ∞     ∞     ∞     ∞     ∞     ∞     ∞     ∞     ∞     ∞     ∞     ∞
[2026-05-23 18:10:29.580] [debug] [State 3]   x2      ∞     ∞       0     ∞     ∞     ∞     ∞     ∞     ∞     ∞     ∞     ∞     ∞     ∞     ∞     ∞     ∞     ∞     ∞     ∞     ∞     ∞     ∞     ∞     ∞     ∞     ∞     ∞     ∞     ∞     ∞     ∞     ∞     ∞
[2026-05-23 18:10:29.580] [debug] [State 3]   x3      ∞     ∞     ∞       0     ∞     ∞     ∞     ∞     ∞     ∞     ∞     ∞     ∞     ∞     ∞     ∞     ∞     ∞     ∞     ∞     ∞     ∞     ∞     ∞     ∞     ∞     ∞     ∞     ∞     ∞     ∞     ∞     ∞     ∞
[2026-05-23 18:10:29.580] [debug] [State 3]   x4      ∞     ∞     ∞     ∞       0     ∞     ∞     ∞     ∞     ∞     ∞     ∞     ∞     ∞     ∞     ∞     ∞     ∞     ∞     ∞     ∞     ∞     ∞     ∞     ∞     ∞     ∞     ∞     ∞     ∞     ∞     ∞     ∞     ∞
[2026-05-23 18:10:29.580] [debug] [State 3]   x5        0       0       0       0       0       0       0       0       0       0       0       0       0       0       0       0       0       0    -100     -50       0       0       0       0       0       0       0       0       0       0       0       0       0       0
[2026-05-23 18:10:29.580] [debug] [State 3]   x6      ∞     ∞     ∞     ∞     ∞     ∞       0     ∞     ∞     ∞     ∞     ∞     ∞     ∞     ∞     ∞     ∞     ∞     ∞     ∞     ∞     ∞     ∞     ∞     ∞     ∞     ∞     ∞     ∞     ∞     ∞     ∞     ∞     ∞
[2026-05-23 18:10:29.580] [debug] [State 3]   x7      ∞     ∞     ∞     ∞     ∞     ∞     ∞       0     ∞     ∞     ∞     ∞     ∞     ∞     ∞     ∞     ∞     ∞     ∞     ∞     ∞     ∞     ∞     ∞     ∞     ∞     ∞     ∞     ∞     ∞     ∞     ∞     ∞     ∞
[2026-05-23 18:10:29.580] [debug] [State 3]   x8      ∞     ∞     ∞     ∞     ∞     ∞     ∞     ∞       0     ∞     ∞     ∞     ∞     ∞     ∞     ∞     ∞     ∞     ∞     ∞     ∞     ∞     ∞     ∞     ∞     ∞     ∞     ∞     ∞     ∞     ∞     ∞     ∞     ∞
[2026-05-23 18:10:29.580] [debug] [State 3]   x9      ∞     ∞     ∞     ∞     ∞     ∞     ∞     ∞     ∞       0     ∞     ∞     ∞     ∞     ∞     ∞     ∞     ∞     ∞     ∞     ∞     ∞     ∞     ∞     ∞     ∞     ∞     ∞     ∞     ∞     ∞     ∞     ∞     ∞
[2026-05-23 18:10:29.580] [debug] [State 3]   x10      ∞     ∞     ∞     ∞     ∞     ∞     ∞     ∞     ∞     ∞       0     ∞     ∞     ∞     ∞     ∞     ∞     ∞     ∞     ∞     ∞     ∞     ∞     ∞     ∞     ∞     ∞     ∞     ∞     ∞     ∞     ∞     ∞     ∞
[2026-05-23 18:10:29.580] [debug] [State 3]   x11      ∞     ∞     ∞     ∞     ∞     ∞     ∞     ∞     ∞     ∞     ∞       0     ∞     ∞     ∞     ∞     ∞     ∞     ∞     ∞     ∞     ∞     ∞     ∞     ∞     ∞     ∞     ∞     ∞     ∞     ∞     ∞     ∞     ∞
[2026-05-23 18:10:29.580] [debug] [State 3]   x12      ∞     ∞     ∞     ∞     ∞     ∞     ∞     ∞     ∞     ∞     ∞     ∞       0     ∞     ∞     ∞     ∞     ∞     ∞     ∞     ∞     ∞     ∞     ∞     ∞     ∞     ∞     ∞     ∞     ∞     ∞     ∞     ∞     ∞
[2026-05-23 18:10:29.580] [debug] [State 3]   x13      ∞     ∞     ∞     ∞     ∞     ∞     ∞     ∞     ∞     ∞     ∞     ∞     ∞       0     ∞     ∞     ∞     ∞     ∞     ∞     ∞     ∞     ∞     ∞     ∞     ∞     ∞     ∞     ∞     ∞     ∞     ∞     ∞     ∞
[2026-05-23 18:10:29.580] [debug] [State 3]   x14      ∞     ∞     ∞     ∞     ∞     ∞     ∞     ∞     ∞     ∞     ∞     ∞     ∞     ∞       0     ∞     ∞     ∞     ∞     ∞     ∞     ∞     ∞     ∞     ∞     ∞     ∞     ∞     ∞     ∞     ∞     ∞     ∞     ∞
[2026-05-23 18:10:29.580] [debug] [State 3]   x15      ∞     ∞     ∞     ∞     ∞     ∞     ∞     ∞     ∞     ∞     ∞     ∞     ∞     ∞     ∞       0     ∞     ∞     ∞     ∞     ∞     ∞     ∞     ∞     ∞     ∞     ∞     ∞     ∞     ∞     ∞     ∞     ∞     ∞
[2026-05-23 18:10:29.580] [debug] [State 3]   x16      ∞     ∞     ∞     ∞     ∞     ∞     ∞     ∞     ∞     ∞     ∞     ∞     ∞     ∞     ∞     ∞       0     ∞     ∞     ∞     ∞     ∞     ∞     ∞     ∞     ∞     ∞     ∞     ∞     ∞     ∞     ∞     ∞     ∞
[2026-05-23 18:10:29.580] [debug] [State 3]   x17      ∞     ∞     ∞     ∞     ∞     ∞     ∞     ∞     ∞     ∞     ∞     ∞     ∞     ∞     ∞     ∞     ∞       0     ∞     ∞     ∞     ∞     ∞     ∞     ∞     ∞     ∞     ∞     ∞     ∞     ∞     ∞     ∞     ∞
[2026-05-23 18:10:29.580] [debug] [State 3]   x18      100     100     100     100     100     100     100     100     100     100     100     100     100     100     100     100     100     100       0      50     100     100     100     100     100     100     100     100     100     100     100     100     100     100
[2026-05-23 18:10:29.580] [debug] [State 3]   x19       50      50      50      50      50      50      50      50      50      50      50      50      50      50      50      50      50      50     -50       0      50      50      50      50      50      50      50      50      50      50      50      50      50      50
[2026-05-23 18:10:29.580] [debug] [State 3]   x20      ∞     ∞     ∞     ∞     ∞     ∞     ∞     ∞     ∞     ∞     ∞     ∞     ∞     ∞     ∞     ∞     ∞     ∞     ∞     ∞       0     ∞     ∞     ∞     ∞     ∞     ∞     ∞     ∞     ∞     ∞     ∞     ∞     ∞
[2026-05-23 18:10:29.580] [debug] [State 3]   x21      ∞     ∞     ∞     ∞     ∞     ∞     ∞     ∞     ∞     ∞     ∞     ∞     ∞     ∞     ∞     ∞     ∞     ∞     ∞     ∞     ∞       0     ∞     ∞     ∞     ∞     ∞     ∞     ∞     ∞     ∞     ∞     ∞     ∞
[2026-05-23 18:10:29.580] [debug] [State 3]   x22      ∞     ∞     ∞     ∞     ∞     ∞     ∞     ∞     ∞     ∞     ∞     ∞     ∞     ∞     ∞     ∞     ∞     ∞     ∞     ∞     ∞     ∞       0     ∞     ∞     ∞     ∞     ∞     ∞     ∞     ∞     ∞     ∞     ∞
[2026-05-23 18:10:29.580] [debug] [State 3]   x23      ∞     ∞     ∞     ∞     ∞     ∞     ∞     ∞     ∞     ∞     ∞     ∞     ∞     ∞     ∞     ∞     ∞     ∞     ∞     ∞     ∞     ∞     ∞       0     ∞     ∞     ∞     ∞     ∞     ∞     ∞     ∞     ∞     ∞
[2026-05-23 18:10:29.580] [debug] [State 3]   x24      ∞     ∞     ∞     ∞     ∞     ∞     ∞     ∞     ∞     ∞     ∞     ∞     ∞     ∞     ∞     ∞     ∞     ∞     ∞     ∞     ∞     ∞     ∞     ∞       0     ∞     ∞     ∞     ∞     ∞     ∞     ∞     ∞     ∞
[2026-05-23 18:10:29.580] [debug] [State 3]   x25      ∞     ∞     ∞     ∞     ∞     ∞     ∞     ∞     ∞     ∞     ∞     ∞     ∞     ∞     ∞     ∞     ∞     ∞     ∞     ∞     ∞     ∞     ∞     ∞     ∞       0     ∞     ∞     ∞     ∞     ∞     ∞     ∞     ∞
[2026-05-23 18:10:29.580] [debug] [State 3]   x26      ∞     ∞     ∞     ∞     ∞     ∞     ∞     ∞     ∞     ∞     ∞     ∞     ∞     ∞     ∞     ∞     ∞     ∞     ∞     ∞     ∞     ∞     ∞     ∞     ∞     ∞       0     ∞     ∞     ∞     ∞     ∞     ∞     ∞
[2026-05-23 18:10:29.580] [debug] [State 3]   x27      ∞     ∞     ∞     ∞     ∞     ∞     ∞     ∞     ∞     ∞     ∞     ∞     ∞     ∞     ∞     ∞     ∞     ∞     ∞     ∞     ∞     ∞     ∞     ∞     ∞     ∞     ∞       0     ∞     ∞     ∞     ∞     ∞     ∞
[2026-05-23 18:10:29.580] [debug] [State 3]   x28      ∞     ∞     ∞     ∞     ∞     ∞     ∞     ∞     ∞     ∞     ∞     ∞     ∞     ∞     ∞     ∞     ∞     ∞     ∞     ∞     ∞     ∞     ∞     ∞     ∞     ∞     ∞     ∞       0     ∞     ∞     ∞     ∞     ∞
[2026-05-23 18:10:29.580] [debug] [State 3]   x29      ∞     ∞     ∞     ∞     ∞     ∞     ∞     ∞     ∞     ∞     ∞     ∞     ∞     ∞     ∞     ∞     ∞     ∞     ∞     ∞     ∞     ∞     ∞     ∞     ∞     ∞     ∞     ∞     ∞       0     ∞     ∞     ∞     ∞
[2026-05-23 18:10:29.580] [debug] [State 3]   x30      ∞     ∞     ∞     ∞     ∞     ∞     ∞     ∞     ∞     ∞     ∞     ∞     ∞     ∞     ∞     ∞     ∞     ∞     ∞     ∞     ∞     ∞     ∞     ∞     ∞     ∞     ∞     ∞     ∞     ∞       0     ∞     ∞     ∞
[2026-05-23 18:10:29.580] [debug] [State 3]   x31      ∞     ∞     ∞     ∞     ∞     ∞     ∞     ∞     ∞     ∞     ∞     ∞     ∞     ∞     ∞     ∞     ∞     ∞     ∞     ∞     ∞     ∞     ∞     ∞     ∞     ∞     ∞     ∞     ∞     ∞     ∞       0     ∞     ∞
[2026-05-23 18:10:29.580] [debug] [State 3]   x32      ∞     ∞     ∞     ∞     ∞     ∞     ∞     ∞     ∞     ∞     ∞     ∞     ∞     ∞     ∞     ∞     ∞     ∞     ∞     ∞     ∞     ∞     ∞     ∞     ∞     ∞     ∞     ∞     ∞     ∞     ∞     ∞       0     ∞
[2026-05-23 18:10:29.580] [debug] [State 3]   x33      ∞     ∞     ∞     ∞     ∞     ∞     ∞     ∞     ∞     ∞     ∞     ∞     ∞     ∞     ∞     ∞     ∞     ∞     ∞     ∞     ∞     ∞     ∞     ∞     ∞     ∞     ∞     ∞     ∞     ∞     ∞     ∞     ∞       0
[2026-05-23 18:10:29.580] [debug] [State 3] Z2 (suspendable):
[2026-05-23 18:10:29.580] [debug] [State 3]   DBM(size=34):
[2026-05-23 18:10:29.580] [debug] [State 3]             x0       x1       x2       x3       x4       x5       x6       x7       x8       x9       x10       x11       x12       x13       x14       x15       x16       x17       x18       x19       x20       x21       x22       x23       x24       x25       x26       x27       x28       x29       x30       x31       x32       x33
[2026-05-23 18:10:29.580] [debug] [State 3]   x0        0       0       0       0       0       0       0       0      -8       0       0       0       0       0       0       0       0       0       0       0       0       0       0       0       0       0       0       0       0       0       0       0       0       0
[2026-05-23 18:10:29.580] [debug] [State 3]   x1      ∞       0     ∞     ∞     ∞     ∞     ∞     ∞     ∞     ∞     ∞     ∞     ∞     ∞     ∞     ∞     ∞     ∞     ∞     ∞     ∞     ∞     ∞     ∞     ∞     ∞     ∞     ∞     ∞     ∞     ∞     ∞     ∞     ∞
[2026-05-23 18:10:29.580] [debug] [State 3]   x2      ∞     ∞       0     ∞     ∞     ∞     ∞     ∞     ∞     ∞     ∞     ∞     ∞     ∞     ∞     ∞     ∞     ∞     ∞     ∞     ∞     ∞     ∞     ∞     ∞     ∞     ∞     ∞     ∞     ∞     ∞     ∞     ∞     ∞
[2026-05-23 18:10:29.580] [debug] [State 3]   x3      ∞     ∞     ∞       0     ∞     ∞     ∞     ∞     ∞     ∞     ∞     ∞     ∞     ∞     ∞     ∞     ∞     ∞     ∞     ∞     ∞     ∞     ∞     ∞     ∞     ∞     ∞     ∞     ∞     ∞     ∞     ∞     ∞     ∞
[2026-05-23 18:10:29.580] [debug] [State 3]   x4      ∞     ∞     ∞     ∞       0     ∞     ∞     ∞     ∞     ∞     ∞     ∞     ∞     ∞     ∞     ∞     ∞     ∞     ∞     ∞     ∞     ∞     ∞     ∞     ∞     ∞     ∞     ∞     ∞     ∞     ∞     ∞     ∞     ∞
[2026-05-23 18:10:29.580] [debug] [State 3]   x5      ∞     ∞     ∞     ∞     ∞       0     ∞     ∞     ∞     ∞     ∞     ∞     ∞     ∞     ∞     ∞     ∞     ∞     ∞     ∞     ∞     ∞     ∞     ∞     ∞     ∞     ∞     ∞     ∞     ∞     ∞     ∞     ∞     ∞
[2026-05-23 18:10:29.580] [debug] [State 3]   x6      ∞     ∞     ∞     ∞     ∞     ∞       0     ∞     ∞     ∞     ∞     ∞     ∞     ∞     ∞     ∞     ∞     ∞     ∞     ∞     ∞     ∞     ∞     ∞     ∞     ∞     ∞     ∞     ∞     ∞     ∞     ∞     ∞     ∞
[2026-05-23 18:10:29.580] [debug] [State 3]   x7      ∞     ∞     ∞     ∞     ∞     ∞     ∞       0     ∞     ∞     ∞     ∞     ∞     ∞     ∞     ∞     ∞     ∞     ∞     ∞     ∞     ∞     ∞     ∞     ∞     ∞     ∞     ∞     ∞     ∞     ∞     ∞     ∞     ∞
[2026-05-23 18:10:29.580] [debug] [State 3]   x8        8       8       8       8       8       8       8       8       0       8       8       8       8       8       8       8       8       8       8       8       8       8       8       8       8       8       8       8       8       8       8       8       8       8
[2026-05-23 18:10:29.580] [debug] [State 3]   x9      ∞     ∞     ∞     ∞     ∞     ∞     ∞     ∞     ∞       0     ∞     ∞     ∞     ∞     ∞     ∞     ∞     ∞     ∞     ∞     ∞     ∞     ∞     ∞     ∞     ∞     ∞     ∞     ∞     ∞     ∞     ∞     ∞     ∞
[2026-05-23 18:10:29.580] [debug] [State 3]   x10      ∞     ∞     ∞     ∞     ∞     ∞     ∞     ∞     ∞     ∞       0     ∞     ∞     ∞     ∞     ∞     ∞     ∞     ∞     ∞     ∞     ∞     ∞     ∞     ∞     ∞     ∞     ∞     ∞     ∞     ∞     ∞     ∞     ∞
[2026-05-23 18:10:29.580] [debug] [State 3]   x11      ∞     ∞     ∞     ∞     ∞     ∞     ∞     ∞     ∞     ∞     ∞       0     ∞     ∞     ∞     ∞     ∞     ∞     ∞     ∞     ∞     ∞     ∞     ∞     ∞     ∞     ∞     ∞     ∞     ∞     ∞     ∞     ∞     ∞
[2026-05-23 18:10:29.580] [debug] [State 3]   x12      ∞     ∞     ∞     ∞     ∞     ∞     ∞     ∞     ∞     ∞     ∞     ∞       0     ∞     ∞     ∞     ∞     ∞     ∞     ∞     ∞     ∞     ∞     ∞     ∞     ∞     ∞     ∞     ∞     ∞     ∞     ∞     ∞     ∞
[2026-05-23 18:10:29.580] [debug] [State 3]   x13      ∞     ∞     ∞     ∞     ∞     ∞     ∞     ∞     ∞     ∞     ∞     ∞     ∞       0     ∞     ∞     ∞     ∞     ∞     ∞     ∞     ∞     ∞     ∞     ∞     ∞     ∞     ∞     ∞     ∞     ∞     ∞     ∞     ∞
[2026-05-23 18:10:29.580] [debug] [State 3]   x14      ∞     ∞     ∞     ∞     ∞     ∞     ∞     ∞     ∞     ∞     ∞     ∞     ∞     ∞       0     ∞     ∞     ∞     ∞     ∞     ∞     ∞     ∞     ∞     ∞     ∞     ∞     ∞     ∞     ∞     ∞     ∞     ∞     ∞
[2026-05-23 18:10:29.580] [debug] [State 3]   x15      ∞     ∞     ∞     ∞     ∞     ∞     ∞     ∞     ∞     ∞     ∞     ∞     ∞     ∞     ∞       0     ∞     ∞     ∞     ∞     ∞     ∞     ∞     ∞     ∞     ∞     ∞     ∞     ∞     ∞     ∞     ∞     ∞     ∞
[2026-05-23 18:10:29.580] [debug] [State 3]   x16      ∞     ∞     ∞     ∞     ∞     ∞     ∞     ∞     ∞     ∞     ∞     ∞     ∞     ∞     ∞     ∞       0     ∞     ∞     ∞     ∞     ∞     ∞     ∞     ∞     ∞     ∞     ∞     ∞     ∞     ∞     ∞     ∞     ∞
[2026-05-23 18:10:29.580] [debug] [State 3]   x17      ∞     ∞     ∞     ∞     ∞     ∞     ∞     ∞     ∞     ∞     ∞     ∞     ∞     ∞     ∞     ∞     ∞       0     ∞     ∞     ∞     ∞     ∞     ∞     ∞     ∞     ∞     ∞     ∞     ∞     ∞     ∞     ∞     ∞
[2026-05-23 18:10:29.580] [debug] [State 3]   x18      ∞     ∞     ∞     ∞     ∞     ∞     ∞     ∞     ∞     ∞     ∞     ∞     ∞     ∞     ∞     ∞     ∞     ∞       0     ∞     ∞     ∞     ∞     ∞     ∞     ∞     ∞     ∞     ∞     ∞     ∞     ∞     ∞     ∞
[2026-05-23 18:10:29.580] [debug] [State 3]   x19      ∞     ∞     ∞     ∞     ∞     ∞     ∞     ∞     ∞     ∞     ∞     ∞     ∞     ∞     ∞     ∞     ∞     ∞     ∞       0     ∞     ∞     ∞     ∞     ∞     ∞     ∞     ∞     ∞     ∞     ∞     ∞     ∞     ∞
[2026-05-23 18:10:29.580] [debug] [State 3]   x20      ∞     ∞     ∞     ∞     ∞     ∞     ∞     ∞     ∞     ∞     ∞     ∞     ∞     ∞     ∞     ∞     ∞     ∞     ∞     ∞       0     ∞     ∞     ∞     ∞     ∞     ∞     ∞     ∞     ∞     ∞     ∞     ∞     ∞
[2026-05-23 18:10:29.580] [debug] [State 3]   x21      ∞     ∞     ∞     ∞     ∞     ∞     ∞     ∞     ∞     ∞     ∞     ∞     ∞     ∞     ∞     ∞     ∞     ∞     ∞     ∞     ∞       0     ∞     ∞     ∞     ∞     ∞     ∞     ∞     ∞     ∞     ∞     ∞     ∞
[2026-05-23 18:10:29.580] [debug] [State 3]   x22      ∞     ∞     ∞     ∞     ∞     ∞     ∞     ∞     ∞     ∞     ∞     ∞     ∞     ∞     ∞     ∞     ∞     ∞     ∞     ∞     ∞     ∞       0     ∞     ∞     ∞     ∞     ∞     ∞     ∞     ∞     ∞     ∞     ∞
[2026-05-23 18:10:29.580] [debug] [State 3]   x23      ∞     ∞     ∞     ∞     ∞     ∞     ∞     ∞     ∞     ∞     ∞     ∞     ∞     ∞     ∞     ∞     ∞     ∞     ∞     ∞     ∞     ∞     ∞       0     ∞     ∞     ∞     ∞     ∞     ∞     ∞     ∞     ∞     ∞
[2026-05-23 18:10:29.580] [debug] [State 3]   x24      ∞     ∞     ∞     ∞     ∞     ∞     ∞     ∞     ∞     ∞     ∞     ∞     ∞     ∞     ∞     ∞     ∞     ∞     ∞     ∞     ∞     ∞     ∞     ∞       0     ∞     ∞     ∞     ∞     ∞     ∞     ∞     ∞     ∞
[2026-05-23 18:10:29.580] [debug] [State 3]   x25      ∞     ∞     ∞     ∞     ∞     ∞     ∞     ∞     ∞     ∞     ∞     ∞     ∞     ∞     ∞     ∞     ∞     ∞     ∞     ∞     ∞     ∞     ∞     ∞     ∞       0     ∞     ∞     ∞     ∞     ∞     ∞     ∞     ∞
[2026-05-23 18:10:29.580] [debug] [State 3]   x26      ∞     ∞     ∞     ∞     ∞     ∞     ∞     ∞     ∞     ∞     ∞     ∞     ∞     ∞     ∞     ∞     ∞     ∞     ∞     ∞     ∞     ∞     ∞     ∞     ∞     ∞       0     ∞     ∞     ∞     ∞     ∞     ∞     ∞
[2026-05-23 18:10:29.580] [debug] [State 3]   x27      ∞     ∞     ∞     ∞     ∞     ∞     ∞     ∞     ∞     ∞     ∞     ∞     ∞     ∞     ∞     ∞     ∞     ∞     ∞     ∞     ∞     ∞     ∞     ∞     ∞     ∞     ∞       0     ∞     ∞     ∞     ∞     ∞     ∞
[2026-05-23 18:10:29.580] [debug] [State 3]   x28      ∞     ∞     ∞     ∞     ∞     ∞     ∞     ∞     ∞     ∞     ∞     ∞     ∞     ∞     ∞     ∞     ∞     ∞     ∞     ∞     ∞     ∞     ∞     ∞     ∞     ∞     ∞     ∞       0     ∞     ∞     ∞     ∞     ∞
[2026-05-23 18:10:29.580] [debug] [State 3]   x29      ∞     ∞     ∞     ∞     ∞     ∞     ∞     ∞     ∞     ∞     ∞     ∞     ∞     ∞     ∞     ∞     ∞     ∞     ∞     ∞     ∞     ∞     ∞     ∞     ∞     ∞     ∞     ∞     ∞       0     ∞     ∞     ∞     ∞
[2026-05-23 18:10:29.580] [debug] [State 3]   x30      ∞     ∞     ∞     ∞     ∞     ∞     ∞     ∞     ∞     ∞     ∞     ∞     ∞     ∞     ∞     ∞     ∞     ∞     ∞     ∞     ∞     ∞     ∞     ∞     ∞     ∞     ∞     ∞     ∞     ∞       0     ∞     ∞     ∞
[2026-05-23 18:10:29.580] [debug] [State 3]   x31      ∞     ∞     ∞     ∞     ∞     ∞     ∞     ∞     ∞     ∞     ∞     ∞     ∞     ∞     ∞     ∞     ∞     ∞     ∞     ∞     ∞     ∞     ∞     ∞     ∞     ∞     ∞     ∞     ∞     ∞     ∞       0     ∞     ∞
[2026-05-23 18:10:29.580] [debug] [State 3]   x32      ∞     ∞     ∞     ∞     ∞     ∞     ∞     ∞     ∞     ∞     ∞     ∞     ∞     ∞     ∞     ∞     ∞     ∞     ∞     ∞     ∞     ∞     ∞     ∞     ∞     ∞     ∞     ∞     ∞     ∞     ∞     ∞       0     ∞
[2026-05-23 18:10:29.580] [debug] [State 3]   x33      ∞     ∞     ∞     ∞     ∞     ∞     ∞     ∞     ∞     ∞     ∞     ∞     ∞     ∞     ∞     ∞     ∞     ∞     ∞     ∞     ∞     ∞     ∞     ∞     ∞     ∞     ∞     ∞     ∞     ∞     ∞     ∞     ∞       0
[2026-05-23 18:10:29.580] [debug] [State 3] ==========================================
[2026-05-23 18:10:29.580] [debug] [STATE] State 3 --T4@0--> candidate
[2026-05-23 18:10:29.580] [debug] [STATE]   [Existing] candidate merged into state 7
[2026-05-23 18:10:29.580] [debug] [Existing state 7] ========== State Class Details: ID=7 ==========
[2026-05-23 18:10:29.580] [debug] [Existing state 7] Places: [P0(Fentry)=0, P1(Fready)=0, P2(Fexit)=0, P3(Eentry)=0, P4(Eready)=0, P5(Eexit)=0, P6(Aentry)=0, P7(Aready)=1, P8(Aexit)=0, P9(Dentry)=0, P10(Dready)=1, P11(Dexit)=0, P12(Centry)=0, P13(Cready)=0, P14(Cexit)=0, P15(Bentry)=0, P16(Bready)=0, P17(Bexit)=0, P18(A_cfg_random)=1, P19(D_cfg_random)=1, P20(E_suspended_C_0)=0, P21(D_suspended_C_1)=0, P22(D_suspended_E_2)=0, P23(A_suspended_B_3)=0, P24(F_suspended_B_4)=0, P25(F_suspended_A_5)=0, P26(core0)=0, P27(core1)=0]
[2026-05-23 18:10:29.580] [debug] [Existing state 7] Enabled: T5(Aexec, priority=97, core=0, suspendable), T7(Dexec, priority=97, core=1, suspendable), T17(A_cfg_fire, priority=2147483647, core=-1), T18(D_cfg_fire, priority=2147483647, core=-1)
[2026-05-23 18:10:29.580] [debug] [Existing state 7] Cumulative time: 0
[2026-05-23 18:10:29.580] [debug] [Existing state 7] Z1 (non-suspendable):
[2026-05-23 18:10:29.581] [debug] [Existing state 7]   DBM(size=34):
[2026-05-23 18:10:29.581] [debug] [Existing state 7]             x0       x1       x2       x3       x4       x5       x6       x7       x8       x9       x10       x11       x12       x13       x14       x15       x16       x17       x18       x19       x20       x21       x22       x23       x24       x25       x26       x27       x28       x29       x30       x31       x32       x33
[2026-05-23 18:10:29.581] [debug] [Existing state 7]   x0        0       0       0       0       0       0       0       0       0       0       0       0       0       0       0       0       0       0    -100     -50       0       0       0       0       0       0       0       0       0       0       0       0       0       0
[2026-05-23 18:10:29.581] [debug] [Existing state 7]   x1      ∞       0     ∞     ∞     ∞     ∞     ∞     ∞     ∞     ∞     ∞     ∞     ∞     ∞     ∞     ∞     ∞     ∞     ∞     ∞     ∞     ∞     ∞     ∞     ∞     ∞     ∞     ∞     ∞     ∞     ∞     ∞     ∞     ∞
[2026-05-23 18:10:29.581] [debug] [Existing state 7]   x2      ∞     ∞       0     ∞     ∞     ∞     ∞     ∞     ∞     ∞     ∞     ∞     ∞     ∞     ∞     ∞     ∞     ∞     ∞     ∞     ∞     ∞     ∞     ∞     ∞     ∞     ∞     ∞     ∞     ∞     ∞     ∞     ∞     ∞
[2026-05-23 18:10:29.581] [debug] [Existing state 7]   x3      ∞     ∞     ∞       0     ∞     ∞     ∞     ∞     ∞     ∞     ∞     ∞     ∞     ∞     ∞     ∞     ∞     ∞     ∞     ∞     ∞     ∞     ∞     ∞     ∞     ∞     ∞     ∞     ∞     ∞     ∞     ∞     ∞     ∞
[2026-05-23 18:10:29.581] [debug] [Existing state 7]   x4      ∞     ∞     ∞     ∞       0     ∞     ∞     ∞     ∞     ∞     ∞     ∞     ∞     ∞     ∞     ∞     ∞     ∞     ∞     ∞     ∞     ∞     ∞     ∞     ∞     ∞     ∞     ∞     ∞     ∞     ∞     ∞     ∞     ∞
[2026-05-23 18:10:29.581] [debug] [Existing state 7]   x5      ∞     ∞     ∞     ∞     ∞       0     ∞     ∞     ∞     ∞     ∞     ∞     ∞     ∞     ∞     ∞     ∞     ∞     ∞     ∞     ∞     ∞     ∞     ∞     ∞     ∞     ∞     ∞     ∞     ∞     ∞     ∞     ∞     ∞
[2026-05-23 18:10:29.581] [debug] [Existing state 7]   x6      ∞     ∞     ∞     ∞     ∞     ∞       0     ∞     ∞     ∞     ∞     ∞     ∞     ∞     ∞     ∞     ∞     ∞     ∞     ∞     ∞     ∞     ∞     ∞     ∞     ∞     ∞     ∞     ∞     ∞     ∞     ∞     ∞     ∞
[2026-05-23 18:10:29.581] [debug] [Existing state 7]   x7      ∞     ∞     ∞     ∞     ∞     ∞     ∞       0     ∞     ∞     ∞     ∞     ∞     ∞     ∞     ∞     ∞     ∞     ∞     ∞     ∞     ∞     ∞     ∞     ∞     ∞     ∞     ∞     ∞     ∞     ∞     ∞     ∞     ∞
[2026-05-23 18:10:29.581] [debug] [Existing state 7]   x8      ∞     ∞     ∞     ∞     ∞     ∞     ∞     ∞       0     ∞     ∞     ∞     ∞     ∞     ∞     ∞     ∞     ∞     ∞     ∞     ∞     ∞     ∞     ∞     ∞     ∞     ∞     ∞     ∞     ∞     ∞     ∞     ∞     ∞
[2026-05-23 18:10:29.581] [debug] [Existing state 7]   x9      ∞     ∞     ∞     ∞     ∞     ∞     ∞     ∞     ∞       0     ∞     ∞     ∞     ∞     ∞     ∞     ∞     ∞     ∞     ∞     ∞     ∞     ∞     ∞     ∞     ∞     ∞     ∞     ∞     ∞     ∞     ∞     ∞     ∞
[2026-05-23 18:10:29.581] [debug] [Existing state 7]   x10      ∞     ∞     ∞     ∞     ∞     ∞     ∞     ∞     ∞     ∞       0     ∞     ∞     ∞     ∞     ∞     ∞     ∞     ∞     ∞     ∞     ∞     ∞     ∞     ∞     ∞     ∞     ∞     ∞     ∞     ∞     ∞     ∞     ∞
[2026-05-23 18:10:29.581] [debug] [Existing state 7]   x11      ∞     ∞     ∞     ∞     ∞     ∞     ∞     ∞     ∞     ∞     ∞       0     ∞     ∞     ∞     ∞     ∞     ∞     ∞     ∞     ∞     ∞     ∞     ∞     ∞     ∞     ∞     ∞     ∞     ∞     ∞     ∞     ∞     ∞
[2026-05-23 18:10:29.581] [debug] [Existing state 7]   x12      ∞     ∞     ∞     ∞     ∞     ∞     ∞     ∞     ∞     ∞     ∞     ∞       0     ∞     ∞     ∞     ∞     ∞     ∞     ∞     ∞     ∞     ∞     ∞     ∞     ∞     ∞     ∞     ∞     ∞     ∞     ∞     ∞     ∞
[2026-05-23 18:10:29.581] [debug] [Existing state 7]   x13      ∞     ∞     ∞     ∞     ∞     ∞     ∞     ∞     ∞     ∞     ∞     ∞     ∞       0     ∞     ∞     ∞     ∞     ∞     ∞     ∞     ∞     ∞     ∞     ∞     ∞     ∞     ∞     ∞     ∞     ∞     ∞     ∞     ∞
[2026-05-23 18:10:29.581] [debug] [Existing state 7]   x14      ∞     ∞     ∞     ∞     ∞     ∞     ∞     ∞     ∞     ∞     ∞     ∞     ∞     ∞       0     ∞     ∞     ∞     ∞     ∞     ∞     ∞     ∞     ∞     ∞     ∞     ∞     ∞     ∞     ∞     ∞     ∞     ∞     ∞
[2026-05-23 18:10:29.581] [debug] [Existing state 7]   x15      ∞     ∞     ∞     ∞     ∞     ∞     ∞     ∞     ∞     ∞     ∞     ∞     ∞     ∞     ∞       0     ∞     ∞     ∞     ∞     ∞     ∞     ∞     ∞     ∞     ∞     ∞     ∞     ∞     ∞     ∞     ∞     ∞     ∞
[2026-05-23 18:10:29.581] [debug] [Existing state 7]   x16      ∞     ∞     ∞     ∞     ∞     ∞     ∞     ∞     ∞     ∞     ∞     ∞     ∞     ∞     ∞     ∞       0     ∞     ∞     ∞     ∞     ∞     ∞     ∞     ∞     ∞     ∞     ∞     ∞     ∞     ∞     ∞     ∞     ∞
[2026-05-23 18:10:29.581] [debug] [Existing state 7]   x17      ∞     ∞     ∞     ∞     ∞     ∞     ∞     ∞     ∞     ∞     ∞     ∞     ∞     ∞     ∞     ∞     ∞       0     ∞     ∞     ∞     ∞     ∞     ∞     ∞     ∞     ∞     ∞     ∞     ∞     ∞     ∞     ∞     ∞
[2026-05-23 18:10:29.581] [debug] [Existing state 7]   x18      100     100     100     100     100     100     100     100     100     100     100     100     100     100     100     100     100     100       0      50     100     100     100     100     100     100     100     100     100     100     100     100     100     100
[2026-05-23 18:10:29.581] [debug] [Existing state 7]   x19       50      50      50      50      50      50      50      50      50      50      50      50      50      50      50      50      50      50     -50       0      50      50      50      50      50      50      50      50      50      50      50      50      50      50
[2026-05-23 18:10:29.581] [debug] [Existing state 7]   x20      ∞     ∞     ∞     ∞     ∞     ∞     ∞     ∞     ∞     ∞     ∞     ∞     ∞     ∞     ∞     ∞     ∞     ∞     ∞     ∞       0     ∞     ∞     ∞     ∞     ∞     ∞     ∞     ∞     ∞     ∞     ∞     ∞     ∞
[2026-05-23 18:10:29.581] [debug] [Existing state 7]   x21      ∞     ∞     ∞     ∞     ∞     ∞     ∞     ∞     ∞     ∞     ∞     ∞     ∞     ∞     ∞     ∞     ∞     ∞     ∞     ∞     ∞       0     ∞     ∞     ∞     ∞     ∞     ∞     ∞     ∞     ∞     ∞     ∞     ∞
[2026-05-23 18:10:29.581] [debug] [Existing state 7]   x22      ∞     ∞     ∞     ∞     ∞     ∞     ∞     ∞     ∞     ∞     ∞     ∞     ∞     ∞     ∞     ∞     ∞     ∞     ∞     ∞     ∞     ∞       0     ∞     ∞     ∞     ∞     ∞     ∞     ∞     ∞     ∞     ∞     ∞
[2026-05-23 18:10:29.581] [debug] [Existing state 7]   x23      ∞     ∞     ∞     ∞     ∞     ∞     ∞     ∞     ∞     ∞     ∞     ∞     ∞     ∞     ∞     ∞     ∞     ∞     ∞     ∞     ∞     ∞     ∞       0     ∞     ∞     ∞     ∞     ∞     ∞     ∞     ∞     ∞     ∞
[2026-05-23 18:10:29.581] [debug] [Existing state 7]   x24      ∞     ∞     ∞     ∞     ∞     ∞     ∞     ∞     ∞     ∞     ∞     ∞     ∞     ∞     ∞     ∞     ∞     ∞     ∞     ∞     ∞     ∞     ∞     ∞       0     ∞     ∞     ∞     ∞     ∞     ∞     ∞     ∞     ∞
[2026-05-23 18:10:29.581] [debug] [Existing state 7]   x25      ∞     ∞     ∞     ∞     ∞     ∞     ∞     ∞     ∞     ∞     ∞     ∞     ∞     ∞     ∞     ∞     ∞     ∞     ∞     ∞     ∞     ∞     ∞     ∞     ∞       0     ∞     ∞     ∞     ∞     ∞     ∞     ∞     ∞
[2026-05-23 18:10:29.581] [debug] [Existing state 7]   x26      ∞     ∞     ∞     ∞     ∞     ∞     ∞     ∞     ∞     ∞     ∞     ∞     ∞     ∞     ∞     ∞     ∞     ∞     ∞     ∞     ∞     ∞     ∞     ∞     ∞     ∞       0     ∞     ∞     ∞     ∞     ∞     ∞     ∞
[2026-05-23 18:10:29.581] [debug] [Existing state 7]   x27      ∞     ∞     ∞     ∞     ∞     ∞     ∞     ∞     ∞     ∞     ∞     ∞     ∞     ∞     ∞     ∞     ∞     ∞     ∞     ∞     ∞     ∞     ∞     ∞     ∞     ∞     ∞       0     ∞     ∞     ∞     ∞     ∞     ∞
[2026-05-23 18:10:29.581] [debug] [Existing state 7]   x28      ∞     ∞     ∞     ∞     ∞     ∞     ∞     ∞     ∞     ∞     ∞     ∞     ∞     ∞     ∞     ∞     ∞     ∞     ∞     ∞     ∞     ∞     ∞     ∞     ∞     ∞     ∞     ∞       0     ∞     ∞     ∞     ∞     ∞
[2026-05-23 18:10:29.581] [debug] [Existing state 7]   x29      ∞     ∞     ∞     ∞     ∞     ∞     ∞     ∞     ∞     ∞     ∞     ∞     ∞     ∞     ∞     ∞     ∞     ∞     ∞     ∞     ∞     ∞     ∞     ∞     ∞     ∞     ∞     ∞     ∞       0     ∞     ∞     ∞     ∞
[2026-05-23 18:10:29.581] [debug] [Existing state 7]   x30      ∞     ∞     ∞     ∞     ∞     ∞     ∞     ∞     ∞     ∞     ∞     ∞     ∞     ∞     ∞     ∞     ∞     ∞     ∞     ∞     ∞     ∞     ∞     ∞     ∞     ∞     ∞     ∞     ∞     ∞       0     ∞     ∞     ∞
[2026-05-23 18:10:29.581] [debug] [Existing state 7]   x31      ∞     ∞     ∞     ∞     ∞     ∞     ∞     ∞     ∞     ∞     ∞     ∞     ∞     ∞     ∞     ∞     ∞     ∞     ∞     ∞     ∞     ∞     ∞     ∞     ∞     ∞     ∞     ∞     ∞     ∞     ∞       0     ∞     ∞
[2026-05-23 18:10:29.581] [debug] [Existing state 7]   x32      ∞     ∞     ∞     ∞     ∞     ∞     ∞     ∞     ∞     ∞     ∞     ∞     ∞     ∞     ∞     ∞     ∞     ∞     ∞     ∞     ∞     ∞     ∞     ∞     ∞     ∞     ∞     ∞     ∞     ∞     ∞     ∞       0     ∞
[2026-05-23 18:10:29.581] [debug] [Existing state 7]   x33      ∞     ∞     ∞     ∞     ∞     ∞     ∞     ∞     ∞     ∞     ∞     ∞     ∞     ∞     ∞     ∞     ∞     ∞     ∞     ∞     ∞     ∞     ∞     ∞     ∞     ∞     ∞     ∞     ∞     ∞     ∞     ∞     ∞       0
[2026-05-23 18:10:29.581] [debug] [Existing state 7] Z2 (suspendable):
[2026-05-23 18:10:29.581] [debug] [Existing state 7]   DBM(size=34):
[2026-05-23 18:10:29.581] [debug] [Existing state 7]             x0       x1       x2       x3       x4       x5       x6       x7       x8       x9       x10       x11       x12       x13       x14       x15       x16       x17       x18       x19       x20       x21       x22       x23       x24       x25       x26       x27       x28       x29       x30       x31       x32       x33
[2026-05-23 18:10:29.581] [debug] [Existing state 7]   x0        0       0       0       0       0       0      -8       0      -8       0       0       0       0       0       0       0       0       0       0       0       0       0       0       0       0       0       0       0       0       0       0       0       0       0
[2026-05-23 18:10:29.581] [debug] [Existing state 7]   x1      ∞       0     ∞     ∞     ∞     ∞     ∞     ∞     ∞     ∞     ∞     ∞     ∞     ∞     ∞     ∞     ∞     ∞     ∞     ∞     ∞     ∞     ∞     ∞     ∞     ∞     ∞     ∞     ∞     ∞     ∞     ∞     ∞     ∞
[2026-05-23 18:10:29.581] [debug] [Existing state 7]   x2      ∞     ∞       0     ∞     ∞     ∞     ∞     ∞     ∞     ∞     ∞     ∞     ∞     ∞     ∞     ∞     ∞     ∞     ∞     ∞     ∞     ∞     ∞     ∞     ∞     ∞     ∞     ∞     ∞     ∞     ∞     ∞     ∞     ∞
[2026-05-23 18:10:29.581] [debug] [Existing state 7]   x3      ∞     ∞     ∞       0     ∞     ∞     ∞     ∞     ∞     ∞     ∞     ∞     ∞     ∞     ∞     ∞     ∞     ∞     ∞     ∞     ∞     ∞     ∞     ∞     ∞     ∞     ∞     ∞     ∞     ∞     ∞     ∞     ∞     ∞
[2026-05-23 18:10:29.581] [debug] [Existing state 7]   x4      ∞     ∞     ∞     ∞       0     ∞     ∞     ∞     ∞     ∞     ∞     ∞     ∞     ∞     ∞     ∞     ∞     ∞     ∞     ∞     ∞     ∞     ∞     ∞     ∞     ∞     ∞     ∞     ∞     ∞     ∞     ∞     ∞     ∞
[2026-05-23 18:10:29.581] [debug] [Existing state 7]   x5      ∞     ∞     ∞     ∞     ∞       0     ∞     ∞     ∞     ∞     ∞     ∞     ∞     ∞     ∞     ∞     ∞     ∞     ∞     ∞     ∞     ∞     ∞     ∞     ∞     ∞     ∞     ∞     ∞     ∞     ∞     ∞     ∞     ∞
[2026-05-23 18:10:29.581] [debug] [Existing state 7]   x6        8       8       8       8       8       8       0       8       0       8       8       8       8       8       8       8       8       8       8       8       8       8       8       8       8       8       8       8       8       8       8       8       8       8
[2026-05-23 18:10:29.581] [debug] [Existing state 7]   x7      ∞     ∞     ∞     ∞     ∞     ∞     ∞       0     ∞     ∞     ∞     ∞     ∞     ∞     ∞     ∞     ∞     ∞     ∞     ∞     ∞     ∞     ∞     ∞     ∞     ∞     ∞     ∞     ∞     ∞     ∞     ∞     ∞     ∞
[2026-05-23 18:10:29.581] [debug] [Existing state 7]   x8        8       8       8       8       8       8       0       8       0       8       8       8       8       8       8       8       8       8       8       8       8       8       8       8       8       8       8       8       8       8       8       8       8       8
[2026-05-23 18:10:29.581] [debug] [Existing state 7]   x9      ∞     ∞     ∞     ∞     ∞     ∞     ∞     ∞     ∞       0     ∞     ∞     ∞     ∞     ∞     ∞     ∞     ∞     ∞     ∞     ∞     ∞     ∞     ∞     ∞     ∞     ∞     ∞     ∞     ∞     ∞     ∞     ∞     ∞
[2026-05-23 18:10:29.581] [debug] [Existing state 7]   x10      ∞     ∞     ∞     ∞     ∞     ∞     ∞     ∞     ∞     ∞       0     ∞     ∞     ∞     ∞     ∞     ∞     ∞     ∞     ∞     ∞     ∞     ∞     ∞     ∞     ∞     ∞     ∞     ∞     ∞     ∞     ∞     ∞     ∞
[2026-05-23 18:10:29.581] [debug] [Existing state 7]   x11      ∞     ∞     ∞     ∞     ∞     ∞     ∞     ∞     ∞     ∞     ∞       0     ∞     ∞     ∞     ∞     ∞     ∞     ∞     ∞     ∞     ∞     ∞     ∞     ∞     ∞     ∞     ∞     ∞     ∞     ∞     ∞     ∞     ∞
[2026-05-23 18:10:29.581] [debug] [Existing state 7]   x12      ∞     ∞     ∞     ∞     ∞     ∞     ∞     ∞     ∞     ∞     ∞     ∞       0     ∞     ∞     ∞     ∞     ∞     ∞     ∞     ∞     ∞     ∞     ∞     ∞     ∞     ∞     ∞     ∞     ∞     ∞     ∞     ∞     ∞
[2026-05-23 18:10:29.581] [debug] [Existing state 7]   x13      ∞     ∞     ∞     ∞     ∞     ∞     ∞     ∞     ∞     ∞     ∞     ∞     ∞       0     ∞     ∞     ∞     ∞     ∞     ∞     ∞     ∞     ∞     ∞     ∞     ∞     ∞     ∞     ∞     ∞     ∞     ∞     ∞     ∞
[2026-05-23 18:10:29.581] [debug] [Existing state 7]   x14      ∞     ∞     ∞     ∞     ∞     ∞     ∞     ∞     ∞     ∞     ∞     ∞     ∞     ∞       0     ∞     ∞     ∞     ∞     ∞     ∞     ∞     ∞     ∞     ∞     ∞     ∞     ∞     ∞     ∞     ∞     ∞     ∞     ∞
[2026-05-23 18:10:29.581] [debug] [Existing state 7]   x15      ∞     ∞     ∞     ∞     ∞     ∞     ∞     ∞     ∞     ∞     ∞     ∞     ∞     ∞     ∞       0     ∞     ∞     ∞     ∞     ∞     ∞     ∞     ∞     ∞     ∞     ∞     ∞     ∞     ∞     ∞     ∞     ∞     ∞
[2026-05-23 18:10:29.581] [debug] [Existing state 7]   x16      ∞     ∞     ∞     ∞     ∞     ∞     ∞     ∞     ∞     ∞     ∞     ∞     ∞     ∞     ∞     ∞       0     ∞     ∞     ∞     ∞     ∞     ∞     ∞     ∞     ∞     ∞     ∞     ∞     ∞     ∞     ∞     ∞     ∞
[2026-05-23 18:10:29.581] [debug] [Existing state 7]   x17      ∞     ∞     ∞     ∞     ∞     ∞     ∞     ∞     ∞     ∞     ∞     ∞     ∞     ∞     ∞     ∞     ∞       0     ∞     ∞     ∞     ∞     ∞     ∞     ∞     ∞     ∞     ∞     ∞     ∞     ∞     ∞     ∞     ∞
[2026-05-23 18:10:29.581] [debug] [Existing state 7]   x18      ∞     ∞     ∞     ∞     ∞     ∞     ∞     ∞     ∞     ∞     ∞     ∞     ∞     ∞     ∞     ∞     ∞     ∞       0     ∞     ∞     ∞     ∞     ∞     ∞     ∞     ∞     ∞     ∞     ∞     ∞     ∞     ∞     ∞
[2026-05-23 18:10:29.581] [debug] [Existing state 7]   x19      ∞     ∞     ∞     ∞     ∞     ∞     ∞     ∞     ∞     ∞     ∞     ∞     ∞     ∞     ∞     ∞     ∞     ∞     ∞       0     ∞     ∞     ∞     ∞     ∞     ∞     ∞     ∞     ∞     ∞     ∞     ∞     ∞     ∞
[2026-05-23 18:10:29.581] [debug] [Existing state 7]   x20      ∞     ∞     ∞     ∞     ∞     ∞     ∞     ∞     ∞     ∞     ∞     ∞     ∞     ∞     ∞     ∞     ∞     ∞     ∞     ∞       0     ∞     ∞     ∞     ∞     ∞     ∞     ∞     ∞     ∞     ∞     ∞     ∞     ∞
[2026-05-23 18:10:29.581] [debug] [Existing state 7]   x21      ∞     ∞     ∞     ∞     ∞     ∞     ∞     ∞     ∞     ∞     ∞     ∞     ∞     ∞     ∞     ∞     ∞     ∞     ∞     ∞     ∞       0     ∞     ∞     ∞     ∞     ∞     ∞     ∞     ∞     ∞     ∞     ∞     ∞
[2026-05-23 18:10:29.581] [debug] [Existing state 7]   x22      ∞     ∞     ∞     ∞     ∞     ∞     ∞     ∞     ∞     ∞     ∞     ∞     ∞     ∞     ∞     ∞     ∞     ∞     ∞     ∞     ∞     ∞       0     ∞     ∞     ∞     ∞     ∞     ∞     ∞     ∞     ∞     ∞     ∞
[2026-05-23 18:10:29.581] [debug] [Existing state 7]   x23      ∞     ∞     ∞     ∞     ∞     ∞     ∞     ∞     ∞     ∞     ∞     ∞     ∞     ∞     ∞     ∞     ∞     ∞     ∞     ∞     ∞     ∞     ∞       0     ∞     ∞     ∞     ∞     ∞     ∞     ∞     ∞     ∞     ∞
[2026-05-23 18:10:29.581] [debug] [Existing state 7]   x24      ∞     ∞     ∞     ∞     ∞     ∞     ∞     ∞     ∞     ∞     ∞     ∞     ∞     ∞     ∞     ∞     ∞     ∞     ∞     ∞     ∞     ∞     ∞     ∞       0     ∞     ∞     ∞     ∞     ∞     ∞     ∞     ∞     ∞
[2026-05-23 18:10:29.581] [debug] [Existing state 7]   x25      ∞     ∞     ∞     ∞     ∞     ∞     ∞     ∞     ∞     ∞     ∞     ∞     ∞     ∞     ∞     ∞     ∞     ∞     ∞     ∞     ∞     ∞     ∞     ∞     ∞       0     ∞     ∞     ∞     ∞     ∞     ∞     ∞     ∞
[2026-05-23 18:10:29.581] [debug] [Existing state 7]   x26      ∞     ∞     ∞     ∞     ∞     ∞     ∞     ∞     ∞     ∞     ∞     ∞     ∞     ∞     ∞     ∞     ∞     ∞     ∞     ∞     ∞     ∞     ∞     ∞     ∞     ∞       0     ∞     ∞     ∞     ∞     ∞     ∞     ∞
[2026-05-23 18:10:29.581] [debug] [Existing state 7]   x27      ∞     ∞     ∞     ∞     ∞     ∞     ∞     ∞     ∞     ∞     ∞     ∞     ∞     ∞     ∞     ∞     ∞     ∞     ∞     ∞     ∞     ∞     ∞     ∞     ∞     ∞     ∞       0     ∞     ∞     ∞     ∞     ∞     ∞
[2026-05-23 18:10:29.581] [debug] [Existing state 7]   x28      ∞     ∞     ∞     ∞     ∞     ∞     ∞     ∞     ∞     ∞     ∞     ∞     ∞     ∞     ∞     ∞     ∞     ∞     ∞     ∞     ∞     ∞     ∞     ∞     ∞     ∞     ∞     ∞       0     ∞     ∞     ∞     ∞     ∞
[2026-05-23 18:10:29.581] [debug] [Existing state 7]   x29      ∞     ∞     ∞     ∞     ∞     ∞     ∞     ∞     ∞     ∞     ∞     ∞     ∞     ∞     ∞     ∞     ∞     ∞     ∞     ∞     ∞     ∞     ∞     ∞     ∞     ∞     ∞     ∞     ∞       0     ∞     ∞     ∞     ∞
[2026-05-23 18:10:29.581] [debug] [Existing state 7]   x30      ∞     ∞     ∞     ∞     ∞     ∞     ∞     ∞     ∞     ∞     ∞     ∞     ∞     ∞     ∞     ∞     ∞     ∞     ∞     ∞     ∞     ∞     ∞     ∞     ∞     ∞     ∞     ∞     ∞     ∞       0     ∞     ∞     ∞
[2026-05-23 18:10:29.581] [debug] [Existing state 7]   x31      ∞     ∞     ∞     ∞     ∞     ∞     ∞     ∞     ∞     ∞     ∞     ∞     ∞     ∞     ∞     ∞     ∞     ∞     ∞     ∞     ∞     ∞     ∞     ∞     ∞     ∞     ∞     ∞     ∞     ∞     ∞       0     ∞     ∞
[2026-05-23 18:10:29.581] [debug] [Existing state 7]   x32      ∞     ∞     ∞     ∞     ∞     ∞     ∞     ∞     ∞     ∞     ∞     ∞     ∞     ∞     ∞     ∞     ∞     ∞     ∞     ∞     ∞     ∞     ∞     ∞     ∞     ∞     ∞     ∞     ∞     ∞     ∞     ∞       0     ∞
[2026-05-23 18:10:29.581] [debug] [Existing state 7]   x33      ∞     ∞     ∞     ∞     ∞     ∞     ∞     ∞     ∞     ∞     ∞     ∞     ∞     ∞     ∞     ∞     ∞     ∞     ∞     ∞     ∞     ∞     ∞     ∞     ∞     ∞     ∞     ∞     ∞     ∞     ∞     ∞     ∞       0
[2026-05-23 18:10:29.581] [debug] [Existing state 7] ==========================================
[2026-05-23 18:10:29.581] [debug] [STATE] State 3 --T7@8--> candidate
[2026-05-23 18:10:29.581] [debug] [STATE]   [New] Add state 10 to graph and frontier
[2026-05-23 18:10:29.581] [debug] [New state 10] ========== State Class Details: ID=10 ==========
[2026-05-23 18:10:29.581] [debug] [New state 10] Places: [P0(Fentry)=0, P1(Fready)=0, P2(Fexit)=0, P3(Eentry)=0, P4(Eready)=0, P5(Eexit)=0, P6(Aentry)=1, P7(Aready)=0, P8(Aexit)=0, P9(Dentry)=0, P10(Dready)=0, P11(Dexit)=1, P12(Centry)=0, P13(Cready)=0, P14(Cexit)=0, P15(Bentry)=0, P16(Bready)=0, P17(Bexit)=0, P18(A_cfg_random)=1, P19(D_cfg_random)=1, P20(E_suspended_C_0)=0, P21(D_suspended_C_1)=0, P22(D_suspended_E_2)=0, P23(A_suspended_B_3)=0, P24(F_suspended_B_4)=0, P25(F_suspended_A_5)=0, P26(core0)=1, P27(core1)=1]
[2026-05-23 18:10:29.581] [debug] [New state 10] Enabled: T4(Aget_core, priority=97, core=0), T14(D_to_E, priority=2147483647, core=-1), T16(D_to_F, priority=2147483647, core=-1), T17(A_cfg_fire, priority=2147483647, core=-1), T18(D_cfg_fire, priority=2147483647, core=-1)
[2026-05-23 18:10:29.581] [debug] [New state 10] Cumulative time: 8
[2026-05-23 18:10:29.581] [debug] [New state 10] Z1 (non-suspendable):
[2026-05-23 18:10:29.581] [debug] [New state 10]   DBM(size=34):
[2026-05-23 18:10:29.581] [debug] [New state 10]             x0       x1       x2       x3       x4       x5       x6       x7       x8       x9       x10       x11       x12       x13       x14       x15       x16       x17       x18       x19       x20       x21       x22       x23       x24       x25       x26       x27       x28       x29       x30       x31       x32       x33
[2026-05-23 18:10:29.581] [debug] [New state 10]   x0 -1234483776-1238045472-1238045472-1238045472-1238045472-1238045480-1259419104-1259419104-1259419104-1259419104-1259419104-1259419104-1259419104-1259419104-1259419104-1259419112-1387681704-1387681488-1900854716-1901596386-1903079432-1899519368-1941569032-1941569032-1941569032-1941569032-1941569032-1941569032-1941569032-1941569032-1941569032-1941569032-1941569032-1941569032
[2026-05-23 18:10:29.581] [debug] [New state 10]   x1      ∞       0     ∞     ∞     ∞     ∞     ∞     ∞     ∞     ∞     ∞     ∞     ∞     ∞     ∞     ∞     ∞     ∞     ∞     ∞     ∞     ∞     ∞     ∞     ∞     ∞     ∞     ∞     ∞     ∞     ∞     ∞     ∞     ∞
[2026-05-23 18:10:29.581] [debug] [New state 10]   x2      ∞     ∞       0     ∞     ∞     ∞     ∞     ∞     ∞     ∞     ∞     ∞     ∞     ∞     ∞     ∞     ∞     ∞     ∞     ∞     ∞     ∞     ∞     ∞     ∞     ∞     ∞     ∞     ∞     ∞     ∞     ∞     ∞     ∞
[2026-05-23 18:10:29.581] [debug] [New state 10]   x3      ∞     ∞     ∞       0     ∞     ∞     ∞     ∞     ∞     ∞     ∞     ∞     ∞     ∞     ∞     ∞     ∞     ∞     ∞     ∞     ∞     ∞     ∞     ∞     ∞     ∞     ∞     ∞     ∞     ∞     ∞     ∞     ∞     ∞
[2026-05-23 18:10:29.581] [debug] [New state 10]   x4      ∞     ∞     ∞     ∞       0     ∞     ∞     ∞     ∞     ∞     ∞     ∞     ∞     ∞     ∞     ∞     ∞     ∞     ∞     ∞     ∞     ∞     ∞     ∞     ∞     ∞     ∞     ∞     ∞     ∞     ∞     ∞     ∞     ∞
[2026-05-23 18:10:29.581] [debug] [New state 10]   x5 -1238045464-1241607160-1241607160-1241607160-1241607160-1241607168-1262980792-1262980792-1262980792-1262980792-1262980792-1262980792-1262980792-1262980792-1262980792-1262980800-1391243392-1391243176-1904416404-1905158074-1906641120-1903081056-1945130720-1945130720-1945130720-1945130720-1945130720-1945130720-1945130720-1945130720-1945130720-1945130720-1945130720-1945130720
[2026-05-23 18:10:29.581] [debug] [New state 10]   x6      ∞     ∞     ∞     ∞     ∞     ∞       0     ∞     ∞     ∞     ∞     ∞     ∞     ∞     ∞     ∞     ∞     ∞     ∞     ∞     ∞     ∞     ∞     ∞     ∞     ∞     ∞     ∞     ∞     ∞     ∞     ∞     ∞     ∞
[2026-05-23 18:10:29.581] [debug] [New state 10]   x7      ∞     ∞     ∞     ∞     ∞     ∞     ∞       0     ∞     ∞     ∞     ∞     ∞     ∞     ∞     ∞     ∞     ∞     ∞     ∞     ∞     ∞     ∞     ∞     ∞     ∞     ∞     ∞     ∞     ∞     ∞     ∞     ∞     ∞
[2026-05-23 18:10:29.581] [debug] [New state 10]   x8      ∞     ∞     ∞     ∞     ∞     ∞     ∞     ∞       0     ∞     ∞     ∞     ∞     ∞     ∞     ∞     ∞     ∞     ∞     ∞     ∞     ∞     ∞     ∞     ∞     ∞     ∞     ∞     ∞     ∞     ∞     ∞     ∞     ∞
[2026-05-23 18:10:29.581] [debug] [New state 10]   x9      ∞     ∞     ∞     ∞     ∞     ∞     ∞     ∞     ∞       0     ∞     ∞     ∞     ∞     ∞     ∞     ∞     ∞     ∞     ∞     ∞     ∞     ∞     ∞     ∞     ∞     ∞     ∞     ∞     ∞     ∞     ∞     ∞     ∞
[2026-05-23 18:10:29.581] [debug] [New state 10]   x10      ∞     ∞     ∞     ∞     ∞     ∞     ∞     ∞     ∞     ∞       0     ∞     ∞     ∞     ∞     ∞     ∞     ∞     ∞     ∞     ∞     ∞     ∞     ∞     ∞     ∞     ∞     ∞     ∞     ∞     ∞     ∞     ∞     ∞
[2026-05-23 18:10:29.581] [debug] [New state 10]   x11      ∞     ∞     ∞     ∞     ∞     ∞     ∞     ∞     ∞     ∞     ∞       0     ∞     ∞     ∞     ∞     ∞     ∞     ∞     ∞     ∞     ∞     ∞     ∞     ∞     ∞     ∞     ∞     ∞     ∞     ∞     ∞     ∞     ∞
[2026-05-23 18:10:29.581] [debug] [New state 10]   x12      ∞     ∞     ∞     ∞     ∞     ∞     ∞     ∞     ∞     ∞     ∞     ∞       0     ∞     ∞     ∞     ∞     ∞     ∞     ∞     ∞     ∞     ∞     ∞     ∞     ∞     ∞     ∞     ∞     ∞     ∞     ∞     ∞     ∞
[2026-05-23 18:10:29.581] [debug] [New state 10]   x13      ∞     ∞     ∞     ∞     ∞     ∞     ∞     ∞     ∞     ∞     ∞     ∞     ∞       0     ∞     ∞     ∞     ∞     ∞     ∞     ∞     ∞     ∞     ∞     ∞     ∞     ∞     ∞     ∞     ∞     ∞     ∞     ∞     ∞
[2026-05-23 18:10:29.581] [debug] [New state 10]   x14      ∞     ∞     ∞     ∞     ∞     ∞     ∞     ∞     ∞     ∞     ∞     ∞     ∞     ∞       0     ∞     ∞     ∞     ∞     ∞     ∞     ∞     ∞     ∞     ∞     ∞     ∞     ∞     ∞     ∞     ∞     ∞     ∞     ∞
[2026-05-23 18:10:29.581] [debug] [New state 10]   x15 -1259419104-1262980800-1262980800-1262980800-1262980800-1262980808-1284354432-1284354432-1284354432-1284354432-1284354432-1284354432-1284354432-1284354432-1284354432-1284354440-1412617032-1412616816-1925790044-1926531714-1928014760-1924454696-1966504360-1966504360-1966504360-1966504360-1966504360-1966504360-1966504360-1966504360-1966504360-1966504360-1966504360-1966504360
[2026-05-23 18:10:29.581] [debug] [New state 10]   x16      ∞     ∞     ∞     ∞     ∞     ∞     ∞     ∞     ∞     ∞     ∞     ∞     ∞     ∞     ∞     ∞       0     ∞     ∞     ∞     ∞     ∞     ∞     ∞     ∞     ∞     ∞     ∞     ∞     ∞     ∞     ∞     ∞     ∞
[2026-05-23 18:10:29.581] [debug] [New state 10]   x17 -1387681488-1391243184-1391243184-1391243184-1391243184-1391243192-1412616816-1412616816-1412616816-1412616816-1412616816-1412616816-1412616816-1412616816-1412616816-1412616824-1540879416-1540879200-769697988-770439658-771922704-768362640-810412304-810412304-810412304-810412304-810412304-810412304-810412304-810412304-810412304-810412304-810412304-810412304
[2026-05-23 18:10:29.581] [debug] [New state 10]   x18 -1900854500-1904416196-1904416196-1904416196-1904416196-1904416204-1925789828-1925789828-1925789828-1925789828-1925789828-1925789828-1925789828-1925789828-1925789828-1925789836-769697988-769697772-1539395760-1540137430-1541620476-1538060412-1580110076-1580110076-1580110076-1580110076-1580110076-1580110076-1580110076-1580110076-1580110076-1580110076-1580110076-1580110076
[2026-05-23 18:10:29.581] [debug] [New state 10]   x19 -1901596270-1905157966-1905157966-1905157966-1905157966-1905157974-1926531598-1926531598-1926531598-1926531598-1926531598-1926531598-1926531598-1926531598-1926531598-1926531606-770439758-770439542-1540137530-1540879200-1542362246-1538802182-1580851846-1580851846-1580851846-1580851846-1580851846-1580851846-1580851846-1580851846-1580851846-1580851846-1580851846-1580851846
[2026-05-23 18:10:29.581] [debug] [New state 10]   x20      ∞     ∞     ∞     ∞     ∞     ∞     ∞     ∞     ∞     ∞     ∞     ∞     ∞     ∞     ∞     ∞     ∞     ∞     ∞     ∞       0     ∞     ∞     ∞     ∞     ∞     ∞     ∞     ∞     ∞     ∞     ∞     ∞     ∞
[2026-05-23 18:10:29.581] [debug] [New state 10]   x21      ∞     ∞     ∞     ∞     ∞     ∞     ∞     ∞     ∞     ∞     ∞     ∞     ∞     ∞     ∞     ∞     ∞     ∞     ∞     ∞     ∞       0     ∞     ∞     ∞     ∞     ∞     ∞     ∞     ∞     ∞     ∞     ∞     ∞
[2026-05-23 18:10:29.581] [debug] [New state 10]   x22      ∞     ∞     ∞     ∞     ∞     ∞     ∞     ∞     ∞     ∞     ∞     ∞     ∞     ∞     ∞     ∞     ∞     ∞     ∞     ∞     ∞     ∞       0     ∞     ∞     ∞     ∞     ∞     ∞     ∞     ∞     ∞     ∞     ∞
[2026-05-23 18:10:29.581] [debug] [New state 10]   x23      ∞     ∞     ∞     ∞     ∞     ∞     ∞     ∞     ∞     ∞     ∞     ∞     ∞     ∞     ∞     ∞     ∞     ∞     ∞     ∞     ∞     ∞     ∞       0     ∞     ∞     ∞     ∞     ∞     ∞     ∞     ∞     ∞     ∞
[2026-05-23 18:10:29.581] [debug] [New state 10]   x24      ∞     ∞     ∞     ∞     ∞     ∞     ∞     ∞     ∞     ∞     ∞     ∞     ∞     ∞     ∞     ∞     ∞     ∞     ∞     ∞     ∞     ∞     ∞     ∞       0     ∞     ∞     ∞     ∞     ∞     ∞     ∞     ∞     ∞
[2026-05-23 18:10:29.581] [debug] [New state 10]   x25      ∞     ∞     ∞     ∞     ∞     ∞     ∞     ∞     ∞     ∞     ∞     ∞     ∞     ∞     ∞     ∞     ∞     ∞     ∞     ∞     ∞     ∞     ∞     ∞     ∞       0     ∞     ∞     ∞     ∞     ∞     ∞     ∞     ∞
[2026-05-23 18:10:29.581] [debug] [New state 10]   x26      ∞     ∞     ∞     ∞     ∞     ∞     ∞     ∞     ∞     ∞     ∞     ∞     ∞     ∞     ∞     ∞     ∞     ∞     ∞     ∞     ∞     ∞     ∞     ∞     ∞     ∞       0     ∞     ∞     ∞     ∞     ∞     ∞     ∞
[2026-05-23 18:10:29.581] [debug] [New state 10]   x27      ∞     ∞     ∞     ∞     ∞     ∞     ∞     ∞     ∞     ∞     ∞     ∞     ∞     ∞     ∞     ∞     ∞     ∞     ∞     ∞     ∞     ∞     ∞     ∞     ∞     ∞     ∞       0     ∞     ∞     ∞     ∞     ∞     ∞
[2026-05-23 18:10:29.581] [debug] [New state 10]   x28      ∞     ∞     ∞     ∞     ∞     ∞     ∞     ∞     ∞     ∞     ∞     ∞     ∞     ∞     ∞     ∞     ∞     ∞     ∞     ∞     ∞     ∞     ∞     ∞     ∞     ∞     ∞     ∞       0     ∞     ∞     ∞     ∞     ∞
[2026-05-23 18:10:29.581] [debug] [New state 10]   x29      ∞     ∞     ∞     ∞     ∞     ∞     ∞     ∞     ∞     ∞     ∞     ∞     ∞     ∞     ∞     ∞     ∞     ∞     ∞     ∞     ∞     ∞     ∞     ∞     ∞     ∞     ∞     ∞     ∞       0     ∞     ∞     ∞     ∞
[2026-05-23 18:10:29.581] [debug] [New state 10]   x30      ∞     ∞     ∞     ∞     ∞     ∞     ∞     ∞     ∞     ∞     ∞     ∞     ∞     ∞     ∞     ∞     ∞     ∞     ∞     ∞     ∞     ∞     ∞     ∞     ∞     ∞     ∞     ∞     ∞     ∞       0     ∞     ∞     ∞
[2026-05-23 18:10:29.581] [debug] [New state 10]   x31      ∞     ∞     ∞     ∞     ∞     ∞     ∞     ∞     ∞     ∞     ∞     ∞     ∞     ∞     ∞     ∞     ∞     ∞     ∞     ∞     ∞     ∞     ∞     ∞     ∞     ∞     ∞     ∞     ∞     ∞     ∞       0     ∞     ∞
[2026-05-23 18:10:29.581] [debug] [New state 10]   x32      ∞     ∞     ∞     ∞     ∞     ∞     ∞     ∞     ∞     ∞     ∞     ∞     ∞     ∞     ∞     ∞     ∞     ∞     ∞     ∞     ∞     ∞     ∞     ∞     ∞     ∞     ∞     ∞     ∞     ∞     ∞     ∞       0     ∞
[2026-05-23 18:10:29.581] [debug] [New state 10]   x33      ∞     ∞     ∞     ∞     ∞     ∞     ∞     ∞     ∞     ∞     ∞     ∞     ∞     ∞     ∞     ∞     ∞     ∞     ∞     ∞     ∞     ∞     ∞     ∞     ∞     ∞     ∞     ∞     ∞     ∞     ∞     ∞     ∞       0
[2026-05-23 18:10:29.581] [debug] [New state 10] Z2 (suspendable):
[2026-05-23 18:10:29.581] [debug] [New state 10]   DBM(size=34):
[2026-05-23 18:10:29.581] [debug] [New state 10]             x0       x1       x2       x3       x4       x5       x6       x7       x8       x9       x10       x11       x12       x13       x14       x15       x16       x17       x18       x19       x20       x21       x22       x23       x24       x25       x26       x27       x28       x29       x30       x31       x32       x33
[2026-05-23 18:10:29.581] [debug] [New state 10]   x0        0       0       0       0       0       0       0       0       0       0       0       0       0       0       0       0       0       0       0       0       0       0       0       0       0       0       0       0       0       0       0       0       0       0
[2026-05-23 18:10:29.581] [debug] [New state 10]   x1      ∞       0     ∞     ∞     ∞     ∞     ∞     ∞     ∞     ∞     ∞     ∞     ∞     ∞     ∞     ∞     ∞     ∞     ∞     ∞     ∞     ∞     ∞     ∞     ∞     ∞     ∞     ∞     ∞     ∞     ∞     ∞     ∞     ∞
[2026-05-23 18:10:29.581] [debug] [New state 10]   x2      ∞     ∞       0     ∞     ∞     ∞     ∞     ∞     ∞     ∞     ∞     ∞     ∞     ∞     ∞     ∞     ∞     ∞     ∞     ∞     ∞     ∞     ∞     ∞     ∞     ∞     ∞     ∞     ∞     ∞     ∞     ∞     ∞     ∞
[2026-05-23 18:10:29.581] [debug] [New state 10]   x3      ∞     ∞     ∞       0     ∞     ∞     ∞     ∞     ∞     ∞     ∞     ∞     ∞     ∞     ∞     ∞     ∞     ∞     ∞     ∞     ∞     ∞     ∞     ∞     ∞     ∞     ∞     ∞     ∞     ∞     ∞     ∞     ∞     ∞
[2026-05-23 18:10:29.581] [debug] [New state 10]   x4      ∞     ∞     ∞     ∞       0     ∞     ∞     ∞     ∞     ∞     ∞     ∞     ∞     ∞     ∞     ∞     ∞     ∞     ∞     ∞     ∞     ∞     ∞     ∞     ∞     ∞     ∞     ∞     ∞     ∞     ∞     ∞     ∞     ∞
[2026-05-23 18:10:29.581] [debug] [New state 10]   x5      ∞     ∞     ∞     ∞     ∞       0     ∞     ∞     ∞     ∞     ∞     ∞     ∞     ∞     ∞     ∞     ∞     ∞     ∞     ∞     ∞     ∞     ∞     ∞     ∞     ∞     ∞     ∞     ∞     ∞     ∞     ∞     ∞     ∞
[2026-05-23 18:10:29.581] [debug] [New state 10]   x6      ∞     ∞     ∞     ∞     ∞     ∞       0     ∞     ∞     ∞     ∞     ∞     ∞     ∞     ∞     ∞     ∞     ∞     ∞     ∞     ∞     ∞     ∞     ∞     ∞     ∞     ∞     ∞     ∞     ∞     ∞     ∞     ∞     ∞
[2026-05-23 18:10:29.581] [debug] [New state 10]   x7      ∞     ∞     ∞     ∞     ∞     ∞     ∞       0     ∞     ∞     ∞     ∞     ∞     ∞     ∞     ∞     ∞     ∞     ∞     ∞     ∞     ∞     ∞     ∞     ∞     ∞     ∞     ∞     ∞     ∞     ∞     ∞     ∞     ∞
[2026-05-23 18:10:29.581] [debug] [New state 10]   x8      ∞     ∞     ∞     ∞     ∞     ∞     ∞     ∞       0     ∞     ∞     ∞     ∞     ∞     ∞     ∞     ∞     ∞     ∞     ∞     ∞     ∞     ∞     ∞     ∞     ∞     ∞     ∞     ∞     ∞     ∞     ∞     ∞     ∞
[2026-05-23 18:10:29.581] [debug] [New state 10]   x9      ∞     ∞     ∞     ∞     ∞     ∞     ∞     ∞     ∞       0     ∞     ∞     ∞     ∞     ∞     ∞     ∞     ∞     ∞     ∞     ∞     ∞     ∞     ∞     ∞     ∞     ∞     ∞     ∞     ∞     ∞     ∞     ∞     ∞
[2026-05-23 18:10:29.581] [debug] [New state 10]   x10      ∞     ∞     ∞     ∞     ∞     ∞     ∞     ∞     ∞     ∞       0     ∞     ∞     ∞     ∞     ∞     ∞     ∞     ∞     ∞     ∞     ∞     ∞     ∞     ∞     ∞     ∞     ∞     ∞     ∞     ∞     ∞     ∞     ∞
[2026-05-23 18:10:29.581] [debug] [New state 10]   x11      ∞     ∞     ∞     ∞     ∞     ∞     ∞     ∞     ∞     ∞     ∞       0     ∞     ∞     ∞     ∞     ∞     ∞     ∞     ∞     ∞     ∞     ∞     ∞     ∞     ∞     ∞     ∞     ∞     ∞     ∞     ∞     ∞     ∞
[2026-05-23 18:10:29.581] [debug] [New state 10]   x12      ∞     ∞     ∞     ∞     ∞     ∞     ∞     ∞     ∞     ∞     ∞     ∞       0     ∞     ∞     ∞     ∞     ∞     ∞     ∞     ∞     ∞     ∞     ∞     ∞     ∞     ∞     ∞     ∞     ∞     ∞     ∞     ∞     ∞
[2026-05-23 18:10:29.581] [debug] [New state 10]   x13      ∞     ∞     ∞     ∞     ∞     ∞     ∞     ∞     ∞     ∞     ∞     ∞     ∞       0     ∞     ∞     ∞     ∞     ∞     ∞     ∞     ∞     ∞     ∞     ∞     ∞     ∞     ∞     ∞     ∞     ∞     ∞     ∞     ∞
[2026-05-23 18:10:29.582] [debug] [New state 10]   x14      ∞     ∞     ∞     ∞     ∞     ∞     ∞     ∞     ∞     ∞     ∞     ∞     ∞     ∞       0     ∞     ∞     ∞     ∞     ∞     ∞     ∞     ∞     ∞     ∞     ∞     ∞     ∞     ∞     ∞     ∞     ∞     ∞     ∞
[2026-05-23 18:10:29.582] [debug] [New state 10]   x15      ∞     ∞     ∞     ∞     ∞     ∞     ∞     ∞     ∞     ∞     ∞     ∞     ∞     ∞     ∞       0     ∞     ∞     ∞     ∞     ∞     ∞     ∞     ∞     ∞     ∞     ∞     ∞     ∞     ∞     ∞     ∞     ∞     ∞
[2026-05-23 18:10:29.582] [debug] [New state 10]   x16      ∞     ∞     ∞     ∞     ∞     ∞     ∞     ∞     ∞     ∞     ∞     ∞     ∞     ∞     ∞     ∞       0     ∞     ∞     ∞     ∞     ∞     ∞     ∞     ∞     ∞     ∞     ∞     ∞     ∞     ∞     ∞     ∞     ∞
[2026-05-23 18:10:29.582] [debug] [New state 10]   x17      ∞     ∞     ∞     ∞     ∞     ∞     ∞     ∞     ∞     ∞     ∞     ∞     ∞     ∞     ∞     ∞     ∞       0     ∞     ∞     ∞     ∞     ∞     ∞     ∞     ∞     ∞     ∞     ∞     ∞     ∞     ∞     ∞     ∞
[2026-05-23 18:10:29.582] [debug] [New state 10]   x18      ∞     ∞     ∞     ∞     ∞     ∞     ∞     ∞     ∞     ∞     ∞     ∞     ∞     ∞     ∞     ∞     ∞     ∞       0     ∞     ∞     ∞     ∞     ∞     ∞     ∞     ∞     ∞     ∞     ∞     ∞     ∞     ∞     ∞
[2026-05-23 18:10:29.582] [debug] [New state 10]   x19      ∞     ∞     ∞     ∞     ∞     ∞     ∞     ∞     ∞     ∞     ∞     ∞     ∞     ∞     ∞     ∞     ∞     ∞     ∞       0     ∞     ∞     ∞     ∞     ∞     ∞     ∞     ∞     ∞     ∞     ∞     ∞     ∞     ∞
[2026-05-23 18:10:29.582] [debug] [New state 10]   x20      ∞     ∞     ∞     ∞     ∞     ∞     ∞     ∞     ∞     ∞     ∞     ∞     ∞     ∞     ∞     ∞     ∞     ∞     ∞     ∞       0     ∞     ∞     ∞     ∞     ∞     ∞     ∞     ∞     ∞     ∞     ∞     ∞     ∞
[2026-05-23 18:10:29.582] [debug] [New state 10]   x21      ∞     ∞     ∞     ∞     ∞     ∞     ∞     ∞     ∞     ∞     ∞     ∞     ∞     ∞     ∞     ∞     ∞     ∞     ∞     ∞     ∞       0     ∞     ∞     ∞     ∞     ∞     ∞     ∞     ∞     ∞     ∞     ∞     ∞
[2026-05-23 18:10:29.582] [debug] [New state 10]   x22      ∞     ∞     ∞     ∞     ∞     ∞     ∞     ∞     ∞     ∞     ∞     ∞     ∞     ∞     ∞     ∞     ∞     ∞     ∞     ∞     ∞     ∞       0     ∞     ∞     ∞     ∞     ∞     ∞     ∞     ∞     ∞     ∞     ∞
[2026-05-23 18:10:29.582] [debug] [New state 10]   x23      ∞     ∞     ∞     ∞     ∞     ∞     ∞     ∞     ∞     ∞     ∞     ∞     ∞     ∞     ∞     ∞     ∞     ∞     ∞     ∞     ∞     ∞     ∞       0     ∞     ∞     ∞     ∞     ∞     ∞     ∞     ∞     ∞     ∞
[2026-05-23 18:10:29.582] [debug] [New state 10]   x24      ∞     ∞     ∞     ∞     ∞     ∞     ∞     ∞     ∞     ∞     ∞     ∞     ∞     ∞     ∞     ∞     ∞     ∞     ∞     ∞     ∞     ∞     ∞     ∞       0     ∞     ∞     ∞     ∞     ∞     ∞     ∞     ∞     ∞
[2026-05-23 18:10:29.582] [debug] [New state 10]   x25      ∞     ∞     ∞     ∞     ∞     ∞     ∞     ∞     ∞     ∞     ∞     ∞     ∞     ∞     ∞     ∞     ∞     ∞     ∞     ∞     ∞     ∞     ∞     ∞     ∞       0     ∞     ∞     ∞     ∞     ∞     ∞     ∞     ∞
[2026-05-23 18:10:29.582] [debug] [New state 10]   x26      ∞     ∞     ∞     ∞     ∞     ∞     ∞     ∞     ∞     ∞     ∞     ∞     ∞     ∞     ∞     ∞     ∞     ∞     ∞     ∞     ∞     ∞     ∞     ∞     ∞     ∞       0     ∞     ∞     ∞     ∞     ∞     ∞     ∞
[2026-05-23 18:10:29.582] [debug] [New state 10]   x27      ∞     ∞     ∞     ∞     ∞     ∞     ∞     ∞     ∞     ∞     ∞     ∞     ∞     ∞     ∞     ∞     ∞     ∞     ∞     ∞     ∞     ∞     ∞     ∞     ∞     ∞     ∞       0     ∞     ∞     ∞     ∞     ∞     ∞
[2026-05-23 18:10:29.582] [debug] [New state 10]   x28      ∞     ∞     ∞     ∞     ∞     ∞     ∞     ∞     ∞     ∞     ∞     ∞     ∞     ∞     ∞     ∞     ∞     ∞     ∞     ∞     ∞     ∞     ∞     ∞     ∞     ∞     ∞     ∞       0     ∞     ∞     ∞     ∞     ∞
[2026-05-23 18:10:29.582] [debug] [New state 10]   x29      ∞     ∞     ∞     ∞     ∞     ∞     ∞     ∞     ∞     ∞     ∞     ∞     ∞     ∞     ∞     ∞     ∞     ∞     ∞     ∞     ∞     ∞     ∞     ∞     ∞     ∞     ∞     ∞     ∞       0     ∞     ∞     ∞     ∞
[2026-05-23 18:10:29.582] [debug] [New state 10]   x30      ∞     ∞     ∞     ∞     ∞     ∞     ∞     ∞     ∞     ∞     ∞     ∞     ∞     ∞     ∞     ∞     ∞     ∞     ∞     ∞     ∞     ∞     ∞     ∞     ∞     ∞     ∞     ∞     ∞     ∞       0     ∞     ∞     ∞
[2026-05-23 18:10:29.582] [debug] [New state 10]   x31      ∞     ∞     ∞     ∞     ∞     ∞     ∞     ∞     ∞     ∞     ∞     ∞     ∞     ∞     ∞     ∞     ∞     ∞     ∞     ∞     ∞     ∞     ∞     ∞     ∞     ∞     ∞     ∞     ∞     ∞     ∞       0     ∞     ∞
[2026-05-23 18:10:29.582] [debug] [New state 10]   x32      ∞     ∞     ∞     ∞     ∞     ∞     ∞     ∞     ∞     ∞     ∞     ∞     ∞     ∞     ∞     ∞     ∞     ∞     ∞     ∞     ∞     ∞     ∞     ∞     ∞     ∞     ∞     ∞     ∞     ∞     ∞     ∞       0     ∞
[2026-05-23 18:10:29.582] [debug] [New state 10]   x33      ∞     ∞     ∞     ∞     ∞     ∞     ∞     ∞     ∞     ∞     ∞     ∞     ∞     ∞     ∞     ∞     ∞     ∞     ∞     ∞     ∞     ∞     ∞     ∞     ∞     ∞     ∞     ∞     ∞     ∞     ∞     ∞     ∞       0
[2026-05-23 18:10:29.582] [debug] [New state 10] ==========================================
[2026-05-23 18:10:29.582] [debug] [STATE] State 3 --T17@100--> candidate
[2026-05-23 18:10:29.582] [debug] [STATE]   [New] Add state 11 to graph and frontier
[2026-05-23 18:10:29.582] [debug] [New state 11] ========== State Class Details: ID=11 ==========
[2026-05-23 18:10:29.582] [debug] [New state 11] Places: [P0(Fentry)=0, P1(Fready)=0, P2(Fexit)=0, P3(Eentry)=0, P4(Eready)=0, P5(Eexit)=0, P6(Aentry)=1, P7(Aready)=0, P8(Aexit)=0, P9(Dentry)=0, P10(Dready)=1, P11(Dexit)=0, P12(Centry)=0, P13(Cready)=0, P14(Cexit)=0, P15(Bentry)=0, P16(Bready)=0, P17(Bexit)=0, P18(A_cfg_random)=1, P19(D_cfg_random)=1, P20(E_suspended_C_0)=0, P21(D_suspended_C_1)=0, P22(D_suspended_E_2)=0, P23(A_suspended_B_3)=0, P24(F_suspended_B_4)=0, P25(F_suspended_A_5)=0, P26(core0)=1, P27(core1)=0]
[2026-05-23 18:10:29.582] [debug] [New state 11] Enabled: T4(Aget_core, priority=97, core=0), T7(Dexec, priority=97, core=1, suspendable), T17(A_cfg_fire, priority=2147483647, core=-1), T18(D_cfg_fire, priority=2147483647, core=-1)
[2026-05-23 18:10:29.582] [debug] [New state 11] Cumulative time: 100
[2026-05-23 18:10:29.582] [debug] [New state 11] Z1 (non-suspendable):
[2026-05-23 18:10:29.582] [debug] [New state 11]   DBM(size=34):
[2026-05-23 18:10:29.582] [debug] [New state 11]             x0       x1       x2       x3       x4       x5       x6       x7       x8       x9       x10       x11       x12       x13       x14       x15       x16       x17       x18       x19       x20       x21       x22       x23       x24       x25       x26       x27       x28       x29       x30       x31       x32       x33
[2026-05-23 18:10:29.582] [debug] [New state 11]   x0        0       0       0       0       0    -100       0       0       0       0       0       0       0       0       0       0       0       0       0    -150       0       0       0       0       0       0       0       0       0       0       0       0       0       0
[2026-05-23 18:10:29.582] [debug] [New state 11]   x1      ∞       0     ∞     ∞     ∞     ∞     ∞     ∞     ∞     ∞     ∞     ∞     ∞     ∞     ∞     ∞     ∞     ∞     ∞     ∞     ∞     ∞     ∞     ∞     ∞     ∞     ∞     ∞     ∞     ∞     ∞     ∞     ∞     ∞
[2026-05-23 18:10:29.582] [debug] [New state 11]   x2      ∞     ∞       0     ∞     ∞     ∞     ∞     ∞     ∞     ∞     ∞     ∞     ∞     ∞     ∞     ∞     ∞     ∞     ∞     ∞     ∞     ∞     ∞     ∞     ∞     ∞     ∞     ∞     ∞     ∞     ∞     ∞     ∞     ∞
[2026-05-23 18:10:29.582] [debug] [New state 11]   x3      ∞     ∞     ∞       0     ∞     ∞     ∞     ∞     ∞     ∞     ∞     ∞     ∞     ∞     ∞     ∞     ∞     ∞     ∞     ∞     ∞     ∞     ∞     ∞     ∞     ∞     ∞     ∞     ∞     ∞     ∞     ∞     ∞     ∞
[2026-05-23 18:10:29.582] [debug] [New state 11]   x4      ∞     ∞     ∞     ∞       0     ∞     ∞     ∞     ∞     ∞     ∞     ∞     ∞     ∞     ∞     ∞     ∞     ∞     ∞     ∞     ∞     ∞     ∞     ∞     ∞     ∞     ∞     ∞     ∞     ∞     ∞     ∞     ∞     ∞
[2026-05-23 18:10:29.582] [debug] [New state 11]   x5      100     100     100     100     100       0     100     100     100     100     100     100     100     100     100     100     100     100     100     -50     100     100     100     100     100     100     100     100     100     100     100     100     100     100
[2026-05-23 18:10:29.582] [debug] [New state 11]   x6      ∞     ∞     ∞     ∞     ∞     ∞       0     ∞     ∞     ∞     ∞     ∞     ∞     ∞     ∞     ∞     ∞     ∞     ∞     ∞     ∞     ∞     ∞     ∞     ∞     ∞     ∞     ∞     ∞     ∞     ∞     ∞     ∞     ∞
[2026-05-23 18:10:29.582] [debug] [New state 11]   x7      ∞     ∞     ∞     ∞     ∞     ∞     ∞       0     ∞     ∞     ∞     ∞     ∞     ∞     ∞     ∞     ∞     ∞     ∞     ∞     ∞     ∞     ∞     ∞     ∞     ∞     ∞     ∞     ∞     ∞     ∞     ∞     ∞     ∞
[2026-05-23 18:10:29.582] [debug] [New state 11]   x8      ∞     ∞     ∞     ∞     ∞     ∞     ∞     ∞       0     ∞     ∞     ∞     ∞     ∞     ∞     ∞     ∞     ∞     ∞     ∞     ∞     ∞     ∞     ∞     ∞     ∞     ∞     ∞     ∞     ∞     ∞     ∞     ∞     ∞
[2026-05-23 18:10:29.582] [debug] [New state 11]   x9      ∞     ∞     ∞     ∞     ∞     ∞     ∞     ∞     ∞       0     ∞     ∞     ∞     ∞     ∞     ∞     ∞     ∞     ∞     ∞     ∞     ∞     ∞     ∞     ∞     ∞     ∞     ∞     ∞     ∞     ∞     ∞     ∞     ∞
[2026-05-23 18:10:29.582] [debug] [New state 11]   x10      ∞     ∞     ∞     ∞     ∞     ∞     ∞     ∞     ∞     ∞       0     ∞     ∞     ∞     ∞     ∞     ∞     ∞     ∞     ∞     ∞     ∞     ∞     ∞     ∞     ∞     ∞     ∞     ∞     ∞     ∞     ∞     ∞     ∞
[2026-05-23 18:10:29.582] [debug] [New state 11]   x11      ∞     ∞     ∞     ∞     ∞     ∞     ∞     ∞     ∞     ∞     ∞       0     ∞     ∞     ∞     ∞     ∞     ∞     ∞     ∞     ∞     ∞     ∞     ∞     ∞     ∞     ∞     ∞     ∞     ∞     ∞     ∞     ∞     ∞
[2026-05-23 18:10:29.582] [debug] [New state 11]   x12      ∞     ∞     ∞     ∞     ∞     ∞     ∞     ∞     ∞     ∞     ∞     ∞       0     ∞     ∞     ∞     ∞     ∞     ∞     ∞     ∞     ∞     ∞     ∞     ∞     ∞     ∞     ∞     ∞     ∞     ∞     ∞     ∞     ∞
[2026-05-23 18:10:29.582] [debug] [New state 11]   x13      ∞     ∞     ∞     ∞     ∞     ∞     ∞     ∞     ∞     ∞     ∞     ∞     ∞       0     ∞     ∞     ∞     ∞     ∞     ∞     ∞     ∞     ∞     ∞     ∞     ∞     ∞     ∞     ∞     ∞     ∞     ∞     ∞     ∞
[2026-05-23 18:10:29.582] [debug] [New state 11]   x14      ∞     ∞     ∞     ∞     ∞     ∞     ∞     ∞     ∞     ∞     ∞     ∞     ∞     ∞       0     ∞     ∞     ∞     ∞     ∞     ∞     ∞     ∞     ∞     ∞     ∞     ∞     ∞     ∞     ∞     ∞     ∞     ∞     ∞
[2026-05-23 18:10:29.582] [debug] [New state 11]   x15      ∞     ∞     ∞     ∞     ∞     ∞     ∞     ∞     ∞     ∞     ∞     ∞     ∞     ∞     ∞       0     ∞     ∞     ∞     ∞     ∞     ∞     ∞     ∞     ∞     ∞     ∞     ∞     ∞     ∞     ∞     ∞     ∞     ∞
[2026-05-23 18:10:29.582] [debug] [New state 11]   x16      ∞     ∞     ∞     ∞     ∞     ∞     ∞     ∞     ∞     ∞     ∞     ∞     ∞     ∞     ∞     ∞       0     ∞     ∞     ∞     ∞     ∞     ∞     ∞     ∞     ∞     ∞     ∞     ∞     ∞     ∞     ∞     ∞     ∞
[2026-05-23 18:10:29.582] [debug] [New state 11]   x17      ∞     ∞     ∞     ∞     ∞     ∞     ∞     ∞     ∞     ∞     ∞     ∞     ∞     ∞     ∞     ∞     ∞       0     ∞     ∞     ∞     ∞     ∞     ∞     ∞     ∞     ∞     ∞     ∞     ∞     ∞     ∞     ∞     ∞
[2026-05-23 18:10:29.582] [debug] [New state 11]   x18        0       0       0       0       0    -100       0       0       0       0       0       0       0       0       0       0       0       0       0    -150       0       0       0       0       0       0       0       0       0       0       0       0       0       0
[2026-05-23 18:10:29.582] [debug] [New state 11]   x19      150     150     150     150     150      50     150     150     150     150     150     150     150     150     150     150     150     150     150       0     150     150     150     150     150     150     150     150     150     150     150     150     150     150
[2026-05-23 18:10:29.582] [debug] [New state 11]   x20      ∞     ∞     ∞     ∞     ∞     ∞     ∞     ∞     ∞     ∞     ∞     ∞     ∞     ∞     ∞     ∞     ∞     ∞     ∞     ∞       0     ∞     ∞     ∞     ∞     ∞     ∞     ∞     ∞     ∞     ∞     ∞     ∞     ∞
[2026-05-23 18:10:29.582] [debug] [New state 11]   x21      ∞     ∞     ∞     ∞     ∞     ∞     ∞     ∞     ∞     ∞     ∞     ∞     ∞     ∞     ∞     ∞     ∞     ∞     ∞     ∞     ∞       0     ∞     ∞     ∞     ∞     ∞     ∞     ∞     ∞     ∞     ∞     ∞     ∞
[2026-05-23 18:10:29.582] [debug] [New state 11]   x22      ∞     ∞     ∞     ∞     ∞     ∞     ∞     ∞     ∞     ∞     ∞     ∞     ∞     ∞     ∞     ∞     ∞     ∞     ∞     ∞     ∞     ∞       0     ∞     ∞     ∞     ∞     ∞     ∞     ∞     ∞     ∞     ∞     ∞
[2026-05-23 18:10:29.582] [debug] [New state 11]   x23      ∞     ∞     ∞     ∞     ∞     ∞     ∞     ∞     ∞     ∞     ∞     ∞     ∞     ∞     ∞     ∞     ∞     ∞     ∞     ∞     ∞     ∞     ∞       0     ∞     ∞     ∞     ∞     ∞     ∞     ∞     ∞     ∞     ∞
[2026-05-23 18:10:29.582] [debug] [New state 11]   x24      ∞     ∞     ∞     ∞     ∞     ∞     ∞     ∞     ∞     ∞     ∞     ∞     ∞     ∞     ∞     ∞     ∞     ∞     ∞     ∞     ∞     ∞     ∞     ∞       0     ∞     ∞     ∞     ∞     ∞     ∞     ∞     ∞     ∞
[2026-05-23 18:10:29.582] [debug] [New state 11]   x25      ∞     ∞     ∞     ∞     ∞     ∞     ∞     ∞     ∞     ∞     ∞     ∞     ∞     ∞     ∞     ∞     ∞     ∞     ∞     ∞     ∞     ∞     ∞     ∞     ∞       0     ∞     ∞     ∞     ∞     ∞     ∞     ∞     ∞
[2026-05-23 18:10:29.582] [debug] [New state 11]   x26      ∞     ∞     ∞     ∞     ∞     ∞     ∞     ∞     ∞     ∞     ∞     ∞     ∞     ∞     ∞     ∞     ∞     ∞     ∞     ∞     ∞     ∞     ∞     ∞     ∞     ∞       0     ∞     ∞     ∞     ∞     ∞     ∞     ∞
[2026-05-23 18:10:29.582] [debug] [New state 11]   x27      ∞     ∞     ∞     ∞     ∞     ∞     ∞     ∞     ∞     ∞     ∞     ∞     ∞     ∞     ∞     ∞     ∞     ∞     ∞     ∞     ∞     ∞     ∞     ∞     ∞     ∞     ∞       0     ∞     ∞     ∞     ∞     ∞     ∞
[2026-05-23 18:10:29.582] [debug] [New state 11]   x28      ∞     ∞     ∞     ∞     ∞     ∞     ∞     ∞     ∞     ∞     ∞     ∞     ∞     ∞     ∞     ∞     ∞     ∞     ∞     ∞     ∞     ∞     ∞     ∞     ∞     ∞     ∞     ∞       0     ∞     ∞     ∞     ∞     ∞
[2026-05-23 18:10:29.582] [debug] [New state 11]   x29      ∞     ∞     ∞     ∞     ∞     ∞     ∞     ∞     ∞     ∞     ∞     ∞     ∞     ∞     ∞     ∞     ∞     ∞     ∞     ∞     ∞     ∞     ∞     ∞     ∞     ∞     ∞     ∞     ∞       0     ∞     ∞     ∞     ∞
[2026-05-23 18:10:29.582] [debug] [New state 11]   x30      ∞     ∞     ∞     ∞     ∞     ∞     ∞     ∞     ∞     ∞     ∞     ∞     ∞     ∞     ∞     ∞     ∞     ∞     ∞     ∞     ∞     ∞     ∞     ∞     ∞     ∞     ∞     ∞     ∞     ∞       0     ∞     ∞     ∞
[2026-05-23 18:10:29.582] [debug] [New state 11]   x31      ∞     ∞     ∞     ∞     ∞     ∞     ∞     ∞     ∞     ∞     ∞     ∞     ∞     ∞     ∞     ∞     ∞     ∞     ∞     ∞     ∞     ∞     ∞     ∞     ∞     ∞     ∞     ∞     ∞     ∞     ∞       0     ∞     ∞
[2026-05-23 18:10:29.582] [debug] [New state 11]   x32      ∞     ∞     ∞     ∞     ∞     ∞     ∞     ∞     ∞     ∞     ∞     ∞     ∞     ∞     ∞     ∞     ∞     ∞     ∞     ∞     ∞     ∞     ∞     ∞     ∞     ∞     ∞     ∞     ∞     ∞     ∞     ∞       0     ∞
[2026-05-23 18:10:29.582] [debug] [New state 11]   x33      ∞     ∞     ∞     ∞     ∞     ∞     ∞     ∞     ∞     ∞     ∞     ∞     ∞     ∞     ∞     ∞     ∞     ∞     ∞     ∞     ∞     ∞     ∞     ∞     ∞     ∞     ∞     ∞     ∞     ∞     ∞     ∞     ∞       0
[2026-05-23 18:10:29.582] [debug] [New state 11] Z2 (suspendable):
[2026-05-23 18:10:29.582] [debug] [New state 11]   DBM(size=34):
[2026-05-23 18:10:29.582] [debug] [New state 11]             x0       x1       x2       x3       x4       x5       x6       x7       x8       x9       x10       x11       x12       x13       x14       x15       x16       x17       x18       x19       x20       x21       x22       x23       x24       x25       x26       x27       x28       x29       x30       x31       x32       x33
[2026-05-23 18:10:29.582] [debug] [New state 11]   x0        0       0       0       0       0       0       0       0    -108       0       0       0       0       0       0       0       0       0       0       0       0       0       0       0       0       0       0       0       0       0       0       0       0       0
[2026-05-23 18:10:29.582] [debug] [New state 11]   x1      ∞       0     ∞     ∞     ∞     ∞     ∞     ∞     ∞     ∞     ∞     ∞     ∞     ∞     ∞     ∞     ∞     ∞     ∞     ∞     ∞     ∞     ∞     ∞     ∞     ∞     ∞     ∞     ∞     ∞     ∞     ∞     ∞     ∞
[2026-05-23 18:10:29.582] [debug] [New state 11]   x2      ∞     ∞       0     ∞     ∞     ∞     ∞     ∞     ∞     ∞     ∞     ∞     ∞     ∞     ∞     ∞     ∞     ∞     ∞     ∞     ∞     ∞     ∞     ∞     ∞     ∞     ∞     ∞     ∞     ∞     ∞     ∞     ∞     ∞
[2026-05-23 18:10:29.582] [debug] [New state 11]   x3      ∞     ∞     ∞       0     ∞     ∞     ∞     ∞     ∞     ∞     ∞     ∞     ∞     ∞     ∞     ∞     ∞     ∞     ∞     ∞     ∞     ∞     ∞     ∞     ∞     ∞     ∞     ∞     ∞     ∞     ∞     ∞     ∞     ∞
[2026-05-23 18:10:29.582] [debug] [New state 11]   x4      ∞     ∞     ∞     ∞       0     ∞     ∞     ∞     ∞     ∞     ∞     ∞     ∞     ∞     ∞     ∞     ∞     ∞     ∞     ∞     ∞     ∞     ∞     ∞     ∞     ∞     ∞     ∞     ∞     ∞     ∞     ∞     ∞     ∞
[2026-05-23 18:10:29.582] [debug] [New state 11]   x5      ∞     ∞     ∞     ∞     ∞       0     ∞     ∞     ∞     ∞     ∞     ∞     ∞     ∞     ∞     ∞     ∞     ∞     ∞     ∞     ∞     ∞     ∞     ∞     ∞     ∞     ∞     ∞     ∞     ∞     ∞     ∞     ∞     ∞
[2026-05-23 18:10:29.582] [debug] [New state 11]   x6      ∞     ∞     ∞     ∞     ∞     ∞       0     ∞     ∞     ∞     ∞     ∞     ∞     ∞     ∞     ∞     ∞     ∞     ∞     ∞     ∞     ∞     ∞     ∞     ∞     ∞     ∞     ∞     ∞     ∞     ∞     ∞     ∞     ∞
[2026-05-23 18:10:29.582] [debug] [New state 11]   x7      ∞     ∞     ∞     ∞     ∞     ∞     ∞       0     ∞     ∞     ∞     ∞     ∞     ∞     ∞     ∞     ∞     ∞     ∞     ∞     ∞     ∞     ∞     ∞     ∞     ∞     ∞     ∞     ∞     ∞     ∞     ∞     ∞     ∞
[2026-05-23 18:10:29.582] [debug] [New state 11]   x8      108     108     108     108     108     108     108     108       0     108     108     108     108     108     108     108     108     108     108     108     108     108     108     108     108     108     108     108     108     108     108     108     108     108
[2026-05-23 18:10:29.582] [debug] [New state 11]   x9      ∞     ∞     ∞     ∞     ∞     ∞     ∞     ∞     ∞       0     ∞     ∞     ∞     ∞     ∞     ∞     ∞     ∞     ∞     ∞     ∞     ∞     ∞     ∞     ∞     ∞     ∞     ∞     ∞     ∞     ∞     ∞     ∞     ∞
[2026-05-23 18:10:29.582] [debug] [New state 11]   x10      ∞     ∞     ∞     ∞     ∞     ∞     ∞     ∞     ∞     ∞       0     ∞     ∞     ∞     ∞     ∞     ∞     ∞     ∞     ∞     ∞     ∞     ∞     ∞     ∞     ∞     ∞     ∞     ∞     ∞     ∞     ∞     ∞     ∞
[2026-05-23 18:10:29.582] [debug] [New state 11]   x11      ∞     ∞     ∞     ∞     ∞     ∞     ∞     ∞     ∞     ∞     ∞       0     ∞     ∞     ∞     ∞     ∞     ∞     ∞     ∞     ∞     ∞     ∞     ∞     ∞     ∞     ∞     ∞     ∞     ∞     ∞     ∞     ∞     ∞
[2026-05-23 18:10:29.582] [debug] [New state 11]   x12      ∞     ∞     ∞     ∞     ∞     ∞     ∞     ∞     ∞     ∞     ∞     ∞       0     ∞     ∞     ∞     ∞     ∞     ∞     ∞     ∞     ∞     ∞     ∞     ∞     ∞     ∞     ∞     ∞     ∞     ∞     ∞     ∞     ∞
[2026-05-23 18:10:29.582] [debug] [New state 11]   x13      ∞     ∞     ∞     ∞     ∞     ∞     ∞     ∞     ∞     ∞     ∞     ∞     ∞       0     ∞     ∞     ∞     ∞     ∞     ∞     ∞     ∞     ∞     ∞     ∞     ∞     ∞     ∞     ∞     ∞     ∞     ∞     ∞     ∞
[2026-05-23 18:10:29.582] [debug] [New state 11]   x14      ∞     ∞     ∞     ∞     ∞     ∞     ∞     ∞     ∞     ∞     ∞     ∞     ∞     ∞       0     ∞     ∞     ∞     ∞     ∞     ∞     ∞     ∞     ∞     ∞     ∞     ∞     ∞     ∞     ∞     ∞     ∞     ∞     ∞
[2026-05-23 18:10:29.582] [debug] [New state 11]   x15      ∞     ∞     ∞     ∞     ∞     ∞     ∞     ∞     ∞     ∞     ∞     ∞     ∞     ∞     ∞       0     ∞     ∞     ∞     ∞     ∞     ∞     ∞     ∞     ∞     ∞     ∞     ∞     ∞     ∞     ∞     ∞     ∞     ∞
[2026-05-23 18:10:29.582] [debug] [New state 11]   x16      ∞     ∞     ∞     ∞     ∞     ∞     ∞     ∞     ∞     ∞     ∞     ∞     ∞     ∞     ∞     ∞       0     ∞     ∞     ∞     ∞     ∞     ∞     ∞     ∞     ∞     ∞     ∞     ∞     ∞     ∞     ∞     ∞     ∞
[2026-05-23 18:10:29.582] [debug] [New state 11]   x17      ∞     ∞     ∞     ∞     ∞     ∞     ∞     ∞     ∞     ∞     ∞     ∞     ∞     ∞     ∞     ∞     ∞       0     ∞     ∞     ∞     ∞     ∞     ∞     ∞     ∞     ∞     ∞     ∞     ∞     ∞     ∞     ∞     ∞
[2026-05-23 18:10:29.582] [debug] [New state 11]   x18      ∞     ∞     ∞     ∞     ∞     ∞     ∞     ∞     ∞     ∞     ∞     ∞     ∞     ∞     ∞     ∞     ∞     ∞       0     ∞     ∞     ∞     ∞     ∞     ∞     ∞     ∞     ∞     ∞     ∞     ∞     ∞     ∞     ∞
[2026-05-23 18:10:29.582] [debug] [New state 11]   x19      ∞     ∞     ∞     ∞     ∞     ∞     ∞     ∞     ∞     ∞     ∞     ∞     ∞     ∞     ∞     ∞     ∞     ∞     ∞       0     ∞     ∞     ∞     ∞     ∞     ∞     ∞     ∞     ∞     ∞     ∞     ∞     ∞     ∞
[2026-05-23 18:10:29.582] [debug] [New state 11]   x20      ∞     ∞     ∞     ∞     ∞     ∞     ∞     ∞     ∞     ∞     ∞     ∞     ∞     ∞     ∞     ∞     ∞     ∞     ∞     ∞       0     ∞     ∞     ∞     ∞     ∞     ∞     ∞     ∞     ∞     ∞     ∞     ∞     ∞
[2026-05-23 18:10:29.582] [debug] [New state 11]   x21      ∞     ∞     ∞     ∞     ∞     ∞     ∞     ∞     ∞     ∞     ∞     ∞     ∞     ∞     ∞     ∞     ∞     ∞     ∞     ∞     ∞       0     ∞     ∞     ∞     ∞     ∞     ∞     ∞     ∞     ∞     ∞     ∞     ∞
[2026-05-23 18:10:29.582] [debug] [New state 11]   x22      ∞     ∞     ∞     ∞     ∞     ∞     ∞     ∞     ∞     ∞     ∞     ∞     ∞     ∞     ∞     ∞     ∞     ∞     ∞     ∞     ∞     ∞       0     ∞     ∞     ∞     ∞     ∞     ∞     ∞     ∞     ∞     ∞     ∞
[2026-05-23 18:10:29.582] [debug] [New state 11]   x23      ∞     ∞     ∞     ∞     ∞     ∞     ∞     ∞     ∞     ∞     ∞     ∞     ∞     ∞     ∞     ∞     ∞     ∞     ∞     ∞     ∞     ∞     ∞       0     ∞     ∞     ∞     ∞     ∞     ∞     ∞     ∞     ∞     ∞
[2026-05-23 18:10:29.582] [debug] [New state 11]   x24      ∞     ∞     ∞     ∞     ∞     ∞     ∞     ∞     ∞     ∞     ∞     ∞     ∞     ∞     ∞     ∞     ∞     ∞     ∞     ∞     ∞     ∞     ∞     ∞       0     ∞     ∞     ∞     ∞     ∞     ∞     ∞     ∞     ∞
[2026-05-23 18:10:29.582] [debug] [New state 11]   x25      ∞     ∞     ∞     ∞     ∞     ∞     ∞     ∞     ∞     ∞     ∞     ∞     ∞     ∞     ∞     ∞     ∞     ∞     ∞     ∞     ∞     ∞     ∞     ∞     ∞       0     ∞     ∞     ∞     ∞     ∞     ∞     ∞     ∞
[2026-05-23 18:10:29.582] [debug] [New state 11]   x26      ∞     ∞     ∞     ∞     ∞     ∞     ∞     ∞     ∞     ∞     ∞     ∞     ∞     ∞     ∞     ∞     ∞     ∞     ∞     ∞     ∞     ∞     ∞     ∞     ∞     ∞       0     ∞     ∞     ∞     ∞     ∞     ∞     ∞
[2026-05-23 18:10:29.582] [debug] [New state 11]   x27      ∞     ∞     ∞     ∞     ∞     ∞     ∞     ∞     ∞     ∞     ∞     ∞     ∞     ∞     ∞     ∞     ∞     ∞     ∞     ∞     ∞     ∞     ∞     ∞     ∞     ∞     ∞       0     ∞     ∞     ∞     ∞     ∞     ∞
[2026-05-23 18:10:29.582] [debug] [New state 11]   x28      ∞     ∞     ∞     ∞     ∞     ∞     ∞     ∞     ∞     ∞     ∞     ∞     ∞     ∞     ∞     ∞     ∞     ∞     ∞     ∞     ∞     ∞     ∞     ∞     ∞     ∞     ∞     ∞       0     ∞     ∞     ∞     ∞     ∞
[2026-05-23 18:10:29.582] [debug] [New state 11]   x29      ∞     ∞     ∞     ∞     ∞     ∞     ∞     ∞     ∞     ∞     ∞     ∞     ∞     ∞     ∞     ∞     ∞     ∞     ∞     ∞     ∞     ∞     ∞     ∞     ∞     ∞     ∞     ∞     ∞       0     ∞     ∞     ∞     ∞
[2026-05-23 18:10:29.582] [debug] [New state 11]   x30      ∞     ∞     ∞     ∞     ∞     ∞     ∞     ∞     ∞     ∞     ∞     ∞     ∞     ∞     ∞     ∞     ∞     ∞     ∞     ∞     ∞     ∞     ∞     ∞     ∞     ∞     ∞     ∞     ∞     ∞       0     ∞     ∞     ∞
[2026-05-23 18:10:29.582] [debug] [New state 11]   x31      ∞     ∞     ∞     ∞     ∞     ∞     ∞     ∞     ∞     ∞     ∞     ∞     ∞     ∞     ∞     ∞     ∞     ∞     ∞     ∞     ∞     ∞     ∞     ∞     ∞     ∞     ∞     ∞     ∞     ∞     ∞       0     ∞     ∞
[2026-05-23 18:10:29.582] [debug] [New state 11]   x32      ∞     ∞     ∞     ∞     ∞     ∞     ∞     ∞     ∞     ∞     ∞     ∞     ∞     ∞     ∞     ∞     ∞     ∞     ∞     ∞     ∞     ∞     ∞     ∞     ∞     ∞     ∞     ∞     ∞     ∞     ∞     ∞       0     ∞
[2026-05-23 18:10:29.582] [debug] [New state 11]   x33      ∞     ∞     ∞     ∞     ∞     ∞     ∞     ∞     ∞     ∞     ∞     ∞     ∞     ∞     ∞     ∞     ∞     ∞     ∞     ∞     ∞     ∞     ∞     ∞     ∞     ∞     ∞     ∞     ∞     ∞     ∞     ∞     ∞       0
[2026-05-23 18:10:29.582] [debug] [New state 11] ==========================================
[2026-05-23 18:10:29.582] [debug] [STATE] State 3 --T18@50--> candidate
[2026-05-23 18:10:29.582] [debug] [STATE]   [New] Add state 12 to graph and frontier
[2026-05-23 18:10:29.582] [debug] [New state 12] ========== State Class Details: ID=12 ==========
[2026-05-23 18:10:29.582] [debug] [New state 12] Places: [P0(Fentry)=0, P1(Fready)=0, P2(Fexit)=0, P3(Eentry)=0, P4(Eready)=0, P5(Eexit)=0, P6(Aentry)=1, P7(Aready)=0, P8(Aexit)=0, P9(Dentry)=1, P10(Dready)=1, P11(Dexit)=0, P12(Centry)=0, P13(Cready)=0, P14(Cexit)=0, P15(Bentry)=0, P16(Bready)=0, P17(Bexit)=0, P18(A_cfg_random)=1, P19(D_cfg_random)=1, P20(E_suspended_C_0)=0, P21(D_suspended_C_1)=0, P22(D_suspended_E_2)=0, P23(A_suspended_B_3)=0, P24(F_suspended_B_4)=0, P25(F_suspended_A_5)=0, P26(core0)=1, P27(core1)=0]
[2026-05-23 18:10:29.582] [debug] [New state 12] Enabled: T4(Aget_core, priority=97, core=0), T7(Dexec, priority=97, core=1, suspendable), T17(A_cfg_fire, priority=2147483647, core=-1), T18(D_cfg_fire, priority=2147483647, core=-1)
[2026-05-23 18:10:29.582] [debug] [New state 12] Cumulative time: 50
[2026-05-23 18:10:29.582] [debug] [New state 12] Z1 (non-suspendable):
[2026-05-23 18:10:29.582] [debug] [New state 12]   DBM(size=34):
[2026-05-23 18:10:29.582] [debug] [New state 12]             x0       x1       x2       x3       x4       x5       x6       x7       x8       x9       x10       x11       x12       x13       x14       x15       x16       x17       x18       x19       x20       x21       x22       x23       x24       x25       x26       x27       x28       x29       x30       x31       x32       x33
[2026-05-23 18:10:29.582] [debug] [New state 12]   x0        0       0       0       0       0     -50       0       0       0       0       0       0       0       0       0       0       0       0    -150       0       0       0       0       0       0       0       0       0       0       0       0       0       0       0
[2026-05-23 18:10:29.582] [debug] [New state 12]   x1      ∞       0     ∞     ∞     ∞     ∞     ∞     ∞     ∞     ∞     ∞     ∞     ∞     ∞     ∞     ∞     ∞     ∞     ∞     ∞     ∞     ∞     ∞     ∞     ∞     ∞     ∞     ∞     ∞     ∞     ∞     ∞     ∞     ∞
[2026-05-23 18:10:29.582] [debug] [New state 12]   x2      ∞     ∞       0     ∞     ∞     ∞     ∞     ∞     ∞     ∞     ∞     ∞     ∞     ∞     ∞     ∞     ∞     ∞     ∞     ∞     ∞     ∞     ∞     ∞     ∞     ∞     ∞     ∞     ∞     ∞     ∞     ∞     ∞     ∞
[2026-05-23 18:10:29.582] [debug] [New state 12]   x3      ∞     ∞     ∞       0     ∞     ∞     ∞     ∞     ∞     ∞     ∞     ∞     ∞     ∞     ∞     ∞     ∞     ∞     ∞     ∞     ∞     ∞     ∞     ∞     ∞     ∞     ∞     ∞     ∞     ∞     ∞     ∞     ∞     ∞
[2026-05-23 18:10:29.582] [debug] [New state 12]   x4      ∞     ∞     ∞     ∞       0     ∞     ∞     ∞     ∞     ∞     ∞     ∞     ∞     ∞     ∞     ∞     ∞     ∞     ∞     ∞     ∞     ∞     ∞     ∞     ∞     ∞     ∞     ∞     ∞     ∞     ∞     ∞     ∞     ∞
[2026-05-23 18:10:29.582] [debug] [New state 12]   x5       50      50      50      50      50       0      50      50      50      50      50      50      50      50      50      50      50      50    -100      50      50      50      50      50      50      50      50      50      50      50      50      50      50      50
[2026-05-23 18:10:29.582] [debug] [New state 12]   x6      ∞     ∞     ∞     ∞     ∞     ∞       0     ∞     ∞     ∞     ∞     ∞     ∞     ∞     ∞     ∞     ∞     ∞     ∞     ∞     ∞     ∞     ∞     ∞     ∞     ∞     ∞     ∞     ∞     ∞     ∞     ∞     ∞     ∞
[2026-05-23 18:10:29.582] [debug] [New state 12]   x7      ∞     ∞     ∞     ∞     ∞     ∞     ∞       0     ∞     ∞     ∞     ∞     ∞     ∞     ∞     ∞     ∞     ∞     ∞     ∞     ∞     ∞     ∞     ∞     ∞     ∞     ∞     ∞     ∞     ∞     ∞     ∞     ∞     ∞
[2026-05-23 18:10:29.582] [debug] [New state 12]   x8      ∞     ∞     ∞     ∞     ∞     ∞     ∞     ∞       0     ∞     ∞     ∞     ∞     ∞     ∞     ∞     ∞     ∞     ∞     ∞     ∞     ∞     ∞     ∞     ∞     ∞     ∞     ∞     ∞     ∞     ∞     ∞     ∞     ∞
[2026-05-23 18:10:29.582] [debug] [New state 12]   x9      ∞     ∞     ∞     ∞     ∞     ∞     ∞     ∞     ∞       0     ∞     ∞     ∞     ∞     ∞     ∞     ∞     ∞     ∞     ∞     ∞     ∞     ∞     ∞     ∞     ∞     ∞     ∞     ∞     ∞     ∞     ∞     ∞     ∞
[2026-05-23 18:10:29.582] [debug] [New state 12]   x10      ∞     ∞     ∞     ∞     ∞     ∞     ∞     ∞     ∞     ∞       0     ∞     ∞     ∞     ∞     ∞     ∞     ∞     ∞     ∞     ∞     ∞     ∞     ∞     ∞     ∞     ∞     ∞     ∞     ∞     ∞     ∞     ∞     ∞
[2026-05-23 18:10:29.582] [debug] [New state 12]   x11      ∞     ∞     ∞     ∞     ∞     ∞     ∞     ∞     ∞     ∞     ∞       0     ∞     ∞     ∞     ∞     ∞     ∞     ∞     ∞     ∞     ∞     ∞     ∞     ∞     ∞     ∞     ∞     ∞     ∞     ∞     ∞     ∞     ∞
[2026-05-23 18:10:29.582] [debug] [New state 12]   x12      ∞     ∞     ∞     ∞     ∞     ∞     ∞     ∞     ∞     ∞     ∞     ∞       0     ∞     ∞     ∞     ∞     ∞     ∞     ∞     ∞     ∞     ∞     ∞     ∞     ∞     ∞     ∞     ∞     ∞     ∞     ∞     ∞     ∞
[2026-05-23 18:10:29.582] [debug] [New state 12]   x13      ∞     ∞     ∞     ∞     ∞     ∞     ∞     ∞     ∞     ∞     ∞     ∞     ∞       0     ∞     ∞     ∞     ∞     ∞     ∞     ∞     ∞     ∞     ∞     ∞     ∞     ∞     ∞     ∞     ∞     ∞     ∞     ∞     ∞
[2026-05-23 18:10:29.582] [debug] [New state 12]   x14      ∞     ∞     ∞     ∞     ∞     ∞     ∞     ∞     ∞     ∞     ∞     ∞     ∞     ∞       0     ∞     ∞     ∞     ∞     ∞     ∞     ∞     ∞     ∞     ∞     ∞     ∞     ∞     ∞     ∞     ∞     ∞     ∞     ∞
[2026-05-23 18:10:29.582] [debug] [New state 12]   x15      ∞     ∞     ∞     ∞     ∞     ∞     ∞     ∞     ∞     ∞     ∞     ∞     ∞     ∞     ∞       0     ∞     ∞     ∞     ∞     ∞     ∞     ∞     ∞     ∞     ∞     ∞     ∞     ∞     ∞     ∞     ∞     ∞     ∞
[2026-05-23 18:10:29.582] [debug] [New state 12]   x16      ∞     ∞     ∞     ∞     ∞     ∞     ∞     ∞     ∞     ∞     ∞     ∞     ∞     ∞     ∞     ∞       0     ∞     ∞     ∞     ∞     ∞     ∞     ∞     ∞     ∞     ∞     ∞     ∞     ∞     ∞     ∞     ∞     ∞
[2026-05-23 18:10:29.582] [debug] [New state 12]   x17      ∞     ∞     ∞     ∞     ∞     ∞     ∞     ∞     ∞     ∞     ∞     ∞     ∞     ∞     ∞     ∞     ∞       0     ∞     ∞     ∞     ∞     ∞     ∞     ∞     ∞     ∞     ∞     ∞     ∞     ∞     ∞     ∞     ∞
[2026-05-23 18:10:29.582] [debug] [New state 12]   x18      150     150     150     150     150     100     150     150     150     150     150     150     150     150     150     150     150     150       0     150     150     150     150     150     150     150     150     150     150     150     150     150     150     150
[2026-05-23 18:10:29.582] [debug] [New state 12]   x19        0       0       0       0       0     -50       0       0       0       0       0       0       0       0       0       0       0       0    -150       0       0       0       0       0       0       0       0       0       0       0       0       0       0       0
[2026-05-23 18:10:29.582] [debug] [New state 12]   x20      ∞     ∞     ∞     ∞     ∞     ∞     ∞     ∞     ∞     ∞     ∞     ∞     ∞     ∞     ∞     ∞     ∞     ∞     ∞     ∞       0     ∞     ∞     ∞     ∞     ∞     ∞     ∞     ∞     ∞     ∞     ∞     ∞     ∞
[2026-05-23 18:10:29.582] [debug] [New state 12]   x21      ∞     ∞     ∞     ∞     ∞     ∞     ∞     ∞     ∞     ∞     ∞     ∞     ∞     ∞     ∞     ∞     ∞     ∞     ∞     ∞     ∞       0     ∞     ∞     ∞     ∞     ∞     ∞     ∞     ∞     ∞     ∞     ∞     ∞
[2026-05-23 18:10:29.582] [debug] [New state 12]   x22      ∞     ∞     ∞     ∞     ∞     ∞     ∞     ∞     ∞     ∞     ∞     ∞     ∞     ∞     ∞     ∞     ∞     ∞     ∞     ∞     ∞     ∞       0     ∞     ∞     ∞     ∞     ∞     ∞     ∞     ∞     ∞     ∞     ∞
[2026-05-23 18:10:29.582] [debug] [New state 12]   x23      ∞     ∞     ∞     ∞     ∞     ∞     ∞     ∞     ∞     ∞     ∞     ∞     ∞     ∞     ∞     ∞     ∞     ∞     ∞     ∞     ∞     ∞     ∞       0     ∞     ∞     ∞     ∞     ∞     ∞     ∞     ∞     ∞     ∞
[2026-05-23 18:10:29.582] [debug] [New state 12]   x24      ∞     ∞     ∞     ∞     ∞     ∞     ∞     ∞     ∞     ∞     ∞     ∞     ∞     ∞     ∞     ∞     ∞     ∞     ∞     ∞     ∞     ∞     ∞     ∞       0     ∞     ∞     ∞     ∞     ∞     ∞     ∞     ∞     ∞
[2026-05-23 18:10:29.582] [debug] [New state 12]   x25      ∞     ∞     ∞     ∞     ∞     ∞     ∞     ∞     ∞     ∞     ∞     ∞     ∞     ∞     ∞     ∞     ∞     ∞     ∞     ∞     ∞     ∞     ∞     ∞     ∞       0     ∞     ∞     ∞     ∞     ∞     ∞     ∞     ∞
[2026-05-23 18:10:29.582] [debug] [New state 12]   x26      ∞     ∞     ∞     ∞     ∞     ∞     ∞     ∞     ∞     ∞     ∞     ∞     ∞     ∞     ∞     ∞     ∞     ∞     ∞     ∞     ∞     ∞     ∞     ∞     ∞     ∞       0     ∞     ∞     ∞     ∞     ∞     ∞     ∞
[2026-05-23 18:10:29.582] [debug] [New state 12]   x27      ∞     ∞     ∞     ∞     ∞     ∞     ∞     ∞     ∞     ∞     ∞     ∞     ∞     ∞     ∞     ∞     ∞     ∞     ∞     ∞     ∞     ∞     ∞     ∞     ∞     ∞     ∞       0     ∞     ∞     ∞     ∞     ∞     ∞
[2026-05-23 18:10:29.582] [debug] [New state 12]   x28      ∞     ∞     ∞     ∞     ∞     ∞     ∞     ∞     ∞     ∞     ∞     ∞     ∞     ∞     ∞     ∞     ∞     ∞     ∞     ∞     ∞     ∞     ∞     ∞     ∞     ∞     ∞     ∞       0     ∞     ∞     ∞     ∞     ∞
[2026-05-23 18:10:29.582] [debug] [New state 12]   x29      ∞     ∞     ∞     ∞     ∞     ∞     ∞     ∞     ∞     ∞     ∞     ∞     ∞     ∞     ∞     ∞     ∞     ∞     ∞     ∞     ∞     ∞     ∞     ∞     ∞     ∞     ∞     ∞     ∞       0     ∞     ∞     ∞     ∞
[2026-05-23 18:10:29.582] [debug] [New state 12]   x30      ∞     ∞     ∞     ∞     ∞     ∞     ∞     ∞     ∞     ∞     ∞     ∞     ∞     ∞     ∞     ∞     ∞     ∞     ∞     ∞     ∞     ∞     ∞     ∞     ∞     ∞     ∞     ∞     ∞     ∞       0     ∞     ∞     ∞
[2026-05-23 18:10:29.582] [debug] [New state 12]   x31      ∞     ∞     ∞     ∞     ∞     ∞     ∞     ∞     ∞     ∞     ∞     ∞     ∞     ∞     ∞     ∞     ∞     ∞     ∞     ∞     ∞     ∞     ∞     ∞     ∞     ∞     ∞     ∞     ∞     ∞     ∞       0     ∞     ∞
[2026-05-23 18:10:29.582] [debug] [New state 12]   x32      ∞     ∞     ∞     ∞     ∞     ∞     ∞     ∞     ∞     ∞     ∞     ∞     ∞     ∞     ∞     ∞     ∞     ∞     ∞     ∞     ∞     ∞     ∞     ∞     ∞     ∞     ∞     ∞     ∞     ∞     ∞     ∞       0     ∞
[2026-05-23 18:10:29.582] [debug] [New state 12]   x33      ∞     ∞     ∞     ∞     ∞     ∞     ∞     ∞     ∞     ∞     ∞     ∞     ∞     ∞     ∞     ∞     ∞     ∞     ∞     ∞     ∞     ∞     ∞     ∞     ∞     ∞     ∞     ∞     ∞     ∞     ∞     ∞     ∞       0
[2026-05-23 18:10:29.582] [debug] [New state 12] Z2 (suspendable):
[2026-05-23 18:10:29.583] [debug] [New state 12]   DBM(size=34):
[2026-05-23 18:10:29.583] [debug] [New state 12]             x0       x1       x2       x3       x4       x5       x6       x7       x8       x9       x10       x11       x12       x13       x14       x15       x16       x17       x18       x19       x20       x21       x22       x23       x24       x25       x26       x27       x28       x29       x30       x31       x32       x33
[2026-05-23 18:10:29.583] [debug] [New state 12]   x0        0       0       0       0       0       0       0       0     -58       0       0       0       0       0       0       0       0       0       0       0       0       0       0       0       0       0       0       0       0       0       0       0       0       0
[2026-05-23 18:10:29.583] [debug] [New state 12]   x1      ∞       0     ∞     ∞     ∞     ∞     ∞     ∞     ∞     ∞     ∞     ∞     ∞     ∞     ∞     ∞     ∞     ∞     ∞     ∞     ∞     ∞     ∞     ∞     ∞     ∞     ∞     ∞     ∞     ∞     ∞     ∞     ∞     ∞
[2026-05-23 18:10:29.583] [debug] [New state 12]   x2      ∞     ∞       0     ∞     ∞     ∞     ∞     ∞     ∞     ∞     ∞     ∞     ∞     ∞     ∞     ∞     ∞     ∞     ∞     ∞     ∞     ∞     ∞     ∞     ∞     ∞     ∞     ∞     ∞     ∞     ∞     ∞     ∞     ∞
[2026-05-23 18:10:29.583] [debug] [New state 12]   x3      ∞     ∞     ∞       0     ∞     ∞     ∞     ∞     ∞     ∞     ∞     ∞     ∞     ∞     ∞     ∞     ∞     ∞     ∞     ∞     ∞     ∞     ∞     ∞     ∞     ∞     ∞     ∞     ∞     ∞     ∞     ∞     ∞     ∞
[2026-05-23 18:10:29.583] [debug] [New state 12]   x4      ∞     ∞     ∞     ∞       0     ∞     ∞     ∞     ∞     ∞     ∞     ∞     ∞     ∞     ∞     ∞     ∞     ∞     ∞     ∞     ∞     ∞     ∞     ∞     ∞     ∞     ∞     ∞     ∞     ∞     ∞     ∞     ∞     ∞
[2026-05-23 18:10:29.583] [debug] [New state 12]   x5      ∞     ∞     ∞     ∞     ∞       0     ∞     ∞     ∞     ∞     ∞     ∞     ∞     ∞     ∞     ∞     ∞     ∞     ∞     ∞     ∞     ∞     ∞     ∞     ∞     ∞     ∞     ∞     ∞     ∞     ∞     ∞     ∞     ∞
[2026-05-23 18:10:29.583] [debug] [New state 12]   x6      ∞     ∞     ∞     ∞     ∞     ∞       0     ∞     ∞     ∞     ∞     ∞     ∞     ∞     ∞     ∞     ∞     ∞     ∞     ∞     ∞     ∞     ∞     ∞     ∞     ∞     ∞     ∞     ∞     ∞     ∞     ∞     ∞     ∞
[2026-05-23 18:10:29.583] [debug] [New state 12]   x7      ∞     ∞     ∞     ∞     ∞     ∞     ∞       0     ∞     ∞     ∞     ∞     ∞     ∞     ∞     ∞     ∞     ∞     ∞     ∞     ∞     ∞     ∞     ∞     ∞     ∞     ∞     ∞     ∞     ∞     ∞     ∞     ∞     ∞
[2026-05-23 18:10:29.583] [debug] [New state 12]   x8       58      58      58      58      58      58      58      58       0      58      58      58      58      58      58      58      58      58      58      58      58      58      58      58      58      58      58      58      58      58      58      58      58      58
[2026-05-23 18:10:29.583] [debug] [New state 12]   x9      ∞     ∞     ∞     ∞     ∞     ∞     ∞     ∞     ∞       0     ∞     ∞     ∞     ∞     ∞     ∞     ∞     ∞     ∞     ∞     ∞     ∞     ∞     ∞     ∞     ∞     ∞     ∞     ∞     ∞     ∞     ∞     ∞     ∞
[2026-05-23 18:10:29.583] [debug] [New state 12]   x10      ∞     ∞     ∞     ∞     ∞     ∞     ∞     ∞     ∞     ∞       0     ∞     ∞     ∞     ∞     ∞     ∞     ∞     ∞     ∞     ∞     ∞     ∞     ∞     ∞     ∞     ∞     ∞     ∞     ∞     ∞     ∞     ∞     ∞
[2026-05-23 18:10:29.583] [debug] [New state 12]   x11      ∞     ∞     ∞     ∞     ∞     ∞     ∞     ∞     ∞     ∞     ∞       0     ∞     ∞     ∞     ∞     ∞     ∞     ∞     ∞     ∞     ∞     ∞     ∞     ∞     ∞     ∞     ∞     ∞     ∞     ∞     ∞     ∞     ∞
[2026-05-23 18:10:29.583] [debug] [New state 12]   x12      ∞     ∞     ∞     ∞     ∞     ∞     ∞     ∞     ∞     ∞     ∞     ∞       0     ∞     ∞     ∞     ∞     ∞     ∞     ∞     ∞     ∞     ∞     ∞     ∞     ∞     ∞     ∞     ∞     ∞     ∞     ∞     ∞     ∞
[2026-05-23 18:10:29.583] [debug] [New state 12]   x13      ∞     ∞     ∞     ∞     ∞     ∞     ∞     ∞     ∞     ∞     ∞     ∞     ∞       0     ∞     ∞     ∞     ∞     ∞     ∞     ∞     ∞     ∞     ∞     ∞     ∞     ∞     ∞     ∞     ∞     ∞     ∞     ∞     ∞
[2026-05-23 18:10:29.583] [debug] [New state 12]   x14      ∞     ∞     ∞     ∞     ∞     ∞     ∞     ∞     ∞     ∞     ∞     ∞     ∞     ∞       0     ∞     ∞     ∞     ∞     ∞     ∞     ∞     ∞     ∞     ∞     ∞     ∞     ∞     ∞     ∞     ∞     ∞     ∞     ∞
[2026-05-23 18:10:29.583] [debug] [New state 12]   x15      ∞     ∞     ∞     ∞     ∞     ∞     ∞     ∞     ∞     ∞     ∞     ∞     ∞     ∞     ∞       0     ∞     ∞     ∞     ∞     ∞     ∞     ∞     ∞     ∞     ∞     ∞     ∞     ∞     ∞     ∞     ∞     ∞     ∞
[2026-05-23 18:10:29.583] [debug] [New state 12]   x16      ∞     ∞     ∞     ∞     ∞     ∞     ∞     ∞     ∞     ∞     ∞     ∞     ∞     ∞     ∞     ∞       0     ∞     ∞     ∞     ∞     ∞     ∞     ∞     ∞     ∞     ∞     ∞     ∞     ∞     ∞     ∞     ∞     ∞
[2026-05-23 18:10:29.583] [debug] [New state 12]   x17      ∞     ∞     ∞     ∞     ∞     ∞     ∞     ∞     ∞     ∞     ∞     ∞     ∞     ∞     ∞     ∞     ∞       0     ∞     ∞     ∞     ∞     ∞     ∞     ∞     ∞     ∞     ∞     ∞     ∞     ∞     ∞     ∞     ∞
[2026-05-23 18:10:29.583] [debug] [New state 12]   x18      ∞     ∞     ∞     ∞     ∞     ∞     ∞     ∞     ∞     ∞     ∞     ∞     ∞     ∞     ∞     ∞     ∞     ∞       0     ∞     ∞     ∞     ∞     ∞     ∞     ∞     ∞     ∞     ∞     ∞     ∞     ∞     ∞     ∞
[2026-05-23 18:10:29.583] [debug] [New state 12]   x19      ∞     ∞     ∞     ∞     ∞     ∞     ∞     ∞     ∞     ∞     ∞     ∞     ∞     ∞     ∞     ∞     ∞     ∞     ∞       0     ∞     ∞     ∞     ∞     ∞     ∞     ∞     ∞     ∞     ∞     ∞     ∞     ∞     ∞
[2026-05-23 18:10:29.583] [debug] [New state 12]   x20      ∞     ∞     ∞     ∞     ∞     ∞     ∞     ∞     ∞     ∞     ∞     ∞     ∞     ∞     ∞     ∞     ∞     ∞     ∞     ∞       0     ∞     ∞     ∞     ∞     ∞     ∞     ∞     ∞     ∞     ∞     ∞     ∞     ∞
[2026-05-23 18:10:29.583] [debug] [New state 12]   x21      ∞     ∞     ∞     ∞     ∞     ∞     ∞     ∞     ∞     ∞     ∞     ∞     ∞     ∞     ∞     ∞     ∞     ∞     ∞     ∞     ∞       0     ∞     ∞     ∞     ∞     ∞     ∞     ∞     ∞     ∞     ∞     ∞     ∞
[2026-05-23 18:10:29.583] [debug] [New state 12]   x22      ∞     ∞     ∞     ∞     ∞     ∞     ∞     ∞     ∞     ∞     ∞     ∞     ∞     ∞     ∞     ∞     ∞     ∞     ∞     ∞     ∞     ∞       0     ∞     ∞     ∞     ∞     ∞     ∞     ∞     ∞     ∞     ∞     ∞
[2026-05-23 18:10:29.583] [debug] [New state 12]   x23      ∞     ∞     ∞     ∞     ∞     ∞     ∞     ∞     ∞     ∞     ∞     ∞     ∞     ∞     ∞     ∞     ∞     ∞     ∞     ∞     ∞     ∞     ∞       0     ∞     ∞     ∞     ∞     ∞     ∞     ∞     ∞     ∞     ∞
[2026-05-23 18:10:29.583] [debug] [New state 12]   x24      ∞     ∞     ∞     ∞     ∞     ∞     ∞     ∞     ∞     ∞     ∞     ∞     ∞     ∞     ∞     ∞     ∞     ∞     ∞     ∞     ∞     ∞     ∞     ∞       0     ∞     ∞     ∞     ∞     ∞     ∞     ∞     ∞     ∞
[2026-05-23 18:10:29.583] [debug] [New state 12]   x25      ∞     ∞     ∞     ∞     ∞     ∞     ∞     ∞     ∞     ∞     ∞     ∞     ∞     ∞     ∞     ∞     ∞     ∞     ∞     ∞     ∞     ∞     ∞     ∞     ∞       0     ∞     ∞     ∞     ∞     ∞     ∞     ∞     ∞
[2026-05-23 18:10:29.583] [debug] [New state 12]   x26      ∞     ∞     ∞     ∞     ∞     ∞     ∞     ∞     ∞     ∞     ∞     ∞     ∞     ∞     ∞     ∞     ∞     ∞     ∞     ∞     ∞     ∞     ∞     ∞     ∞     ∞       0     ∞     ∞     ∞     ∞     ∞     ∞     ∞
[2026-05-23 18:10:29.583] [debug] [New state 12]   x27      ∞     ∞     ∞     ∞     ∞     ∞     ∞     ∞     ∞     ∞     ∞     ∞     ∞     ∞     ∞     ∞     ∞     ∞     ∞     ∞     ∞     ∞     ∞     ∞     ∞     ∞     ∞       0     ∞     ∞     ∞     ∞     ∞     ∞
[2026-05-23 18:10:29.583] [debug] [New state 12]   x28      ∞     ∞     ∞     ∞     ∞     ∞     ∞     ∞     ∞     ∞     ∞     ∞     ∞     ∞     ∞     ∞     ∞     ∞     ∞     ∞     ∞     ∞     ∞     ∞     ∞     ∞     ∞     ∞       0     ∞     ∞     ∞     ∞     ∞
[2026-05-23 18:10:29.583] [debug] [New state 12]   x29      ∞     ∞     ∞     ∞     ∞     ∞     ∞     ∞     ∞     ∞     ∞     ∞     ∞     ∞     ∞     ∞     ∞     ∞     ∞     ∞     ∞     ∞     ∞     ∞     ∞     ∞     ∞     ∞     ∞       0     ∞     ∞     ∞     ∞
[2026-05-23 18:10:29.583] [debug] [New state 12]   x30      ∞     ∞     ∞     ∞     ∞     ∞     ∞     ∞     ∞     ∞     ∞     ∞     ∞     ∞     ∞     ∞     ∞     ∞     ∞     ∞     ∞     ∞     ∞     ∞     ∞     ∞     ∞     ∞     ∞     ∞       0     ∞     ∞     ∞
[2026-05-23 18:10:29.583] [debug] [New state 12]   x31      ∞     ∞     ∞     ∞     ∞     ∞     ∞     ∞     ∞     ∞     ∞     ∞     ∞     ∞     ∞     ∞     ∞     ∞     ∞     ∞     ∞     ∞     ∞     ∞     ∞     ∞     ∞     ∞     ∞     ∞     ∞       0     ∞     ∞
[2026-05-23 18:10:29.583] [debug] [New state 12]   x32      ∞     ∞     ∞     ∞     ∞     ∞     ∞     ∞     ∞     ∞     ∞     ∞     ∞     ∞     ∞     ∞     ∞     ∞     ∞     ∞     ∞     ∞     ∞     ∞     ∞     ∞     ∞     ∞     ∞     ∞     ∞     ∞       0     ∞
[2026-05-23 18:10:29.583] [debug] [New state 12]   x33      ∞     ∞     ∞     ∞     ∞     ∞     ∞     ∞     ∞     ∞     ∞     ∞     ∞     ∞     ∞     ∞     ∞     ∞     ∞     ∞     ∞     ∞     ∞     ∞     ∞     ∞     ∞     ∞     ∞     ∞     ∞     ∞     ∞       0
[2026-05-23 18:10:29.583] [debug] [New state 12] ==========================================
[2026-05-23 18:10:29.583] [debug] [STATE] State 3: 4 candidates, 4 fired, frontier size: 7, total states: 12
[2026-05-23 18:10:29.583] [debug] [State 4] ========== State Class Details: ID=4 ==========
[2026-05-23 18:10:29.583] [debug] [State 4] Places: [P0(Fentry)=0, P1(Fready)=0, P2(Fexit)=0, P3(Eentry)=0, P4(Eready)=0, P5(Eexit)=0, P6(Aentry)=1, P7(Aready)=0, P8(Aexit)=0, P9(Dentry)=1, P10(Dready)=0, P11(Dexit)=0, P12(Centry)=0, P13(Cready)=0, P14(Cexit)=0, P15(Bentry)=0, P16(Bready)=0, P17(Bexit)=0, P18(A_cfg_random)=1, P19(D_cfg_random)=1, P20(E_suspended_C_0)=0, P21(D_suspended_C_1)=0, P22(D_suspended_E_2)=0, P23(A_suspended_B_3)=0, P24(F_suspended_B_4)=0, P25(F_suspended_A_5)=0, P26(core0)=1, P27(core1)=1]
[2026-05-23 18:10:29.583] [debug] [State 4] Enabled: T4(Aget_core, priority=97, core=0), T6(Dget_core, priority=97, core=1), T17(A_cfg_fire, priority=2147483647, core=-1), T18(D_cfg_fire, priority=2147483647, core=-1)
[2026-05-23 18:10:29.583] [debug] [State 4] Cumulative time: 100
[2026-05-23 18:10:29.583] [debug] [State 4] Z1 (non-suspendable):
[2026-05-23 18:10:29.583] [debug] [State 4]   DBM(size=34):
[2026-05-23 18:10:29.583] [debug] [State 4]             x0       x1       x2       x3       x4       x5       x6       x7       x8       x9       x10       x11       x12       x13       x14       x15       x16       x17       x18       x19       x20       x21       x22       x23       x24       x25       x26       x27       x28       x29       x30       x31       x32       x33
[2026-05-23 18:10:29.583] [debug] [State 4]   x0        0       0       0       0       0    -100       0    -100       0       0       0       0       0       0       0       0       0       0       0    -150       0       0       0       0       0       0       0       0       0       0       0       0       0       0
[2026-05-23 18:10:29.583] [debug] [State 4]   x1      ∞       0     ∞     ∞     ∞     ∞     ∞     ∞     ∞     ∞     ∞     ∞     ∞     ∞     ∞     ∞     ∞     ∞     ∞     ∞     ∞     ∞     ∞     ∞     ∞     ∞     ∞     ∞     ∞     ∞     ∞     ∞     ∞     ∞
[2026-05-23 18:10:29.583] [debug] [State 4]   x2      ∞     ∞       0     ∞     ∞     ∞     ∞     ∞     ∞     ∞     ∞     ∞     ∞     ∞     ∞     ∞     ∞     ∞     ∞     ∞     ∞     ∞     ∞     ∞     ∞     ∞     ∞     ∞     ∞     ∞     ∞     ∞     ∞     ∞
[2026-05-23 18:10:29.583] [debug] [State 4]   x3      ∞     ∞     ∞       0     ∞     ∞     ∞     ∞     ∞     ∞     ∞     ∞     ∞     ∞     ∞     ∞     ∞     ∞     ∞     ∞     ∞     ∞     ∞     ∞     ∞     ∞     ∞     ∞     ∞     ∞     ∞     ∞     ∞     ∞
[2026-05-23 18:10:29.583] [debug] [State 4]   x4      ∞     ∞     ∞     ∞       0     ∞     ∞     ∞     ∞     ∞     ∞     ∞     ∞     ∞     ∞     ∞     ∞     ∞     ∞     ∞     ∞     ∞     ∞     ∞     ∞     ∞     ∞     ∞     ∞     ∞     ∞     ∞     ∞     ∞
[2026-05-23 18:10:29.583] [debug] [State 4]   x5      100     100     100     100     100       0     100       0     100     100     100     100     100     100     100     100     100     100     100     -50     100     100     100     100     100     100     100     100     100     100     100     100     100     100
[2026-05-23 18:10:29.583] [debug] [State 4]   x6      ∞     ∞     ∞     ∞     ∞     ∞       0     ∞     ∞     ∞     ∞     ∞     ∞     ∞     ∞     ∞     ∞     ∞     ∞     ∞     ∞     ∞     ∞     ∞     ∞     ∞     ∞     ∞     ∞     ∞     ∞     ∞     ∞     ∞
[2026-05-23 18:10:29.583] [debug] [State 4]   x7      100     100     100     100     100       0     100       0     100     100     100     100     100     100     100     100     100     100     100     -50     100     100     100     100     100     100     100     100     100     100     100     100     100     100
[2026-05-23 18:10:29.583] [debug] [State 4]   x8      ∞     ∞     ∞     ∞     ∞     ∞     ∞     ∞       0     ∞     ∞     ∞     ∞     ∞     ∞     ∞     ∞     ∞     ∞     ∞     ∞     ∞     ∞     ∞     ∞     ∞     ∞     ∞     ∞     ∞     ∞     ∞     ∞     ∞
[2026-05-23 18:10:29.583] [debug] [State 4]   x9      ∞     ∞     ∞     ∞     ∞     ∞     ∞     ∞     ∞       0     ∞     ∞     ∞     ∞     ∞     ∞     ∞     ∞     ∞     ∞     ∞     ∞     ∞     ∞     ∞     ∞     ∞     ∞     ∞     ∞     ∞     ∞     ∞     ∞
[2026-05-23 18:10:29.583] [debug] [State 4]   x10      ∞     ∞     ∞     ∞     ∞     ∞     ∞     ∞     ∞     ∞       0     ∞     ∞     ∞     ∞     ∞     ∞     ∞     ∞     ∞     ∞     ∞     ∞     ∞     ∞     ∞     ∞     ∞     ∞     ∞     ∞     ∞     ∞     ∞
[2026-05-23 18:10:29.583] [debug] [State 4]   x11      ∞     ∞     ∞     ∞     ∞     ∞     ∞     ∞     ∞     ∞     ∞       0     ∞     ∞     ∞     ∞     ∞     ∞     ∞     ∞     ∞     ∞     ∞     ∞     ∞     ∞     ∞     ∞     ∞     ∞     ∞     ∞     ∞     ∞
[2026-05-23 18:10:29.583] [debug] [State 4]   x12      ∞     ∞     ∞     ∞     ∞     ∞     ∞     ∞     ∞     ∞     ∞     ∞       0     ∞     ∞     ∞     ∞     ∞     ∞     ∞     ∞     ∞     ∞     ∞     ∞     ∞     ∞     ∞     ∞     ∞     ∞     ∞     ∞     ∞
[2026-05-23 18:10:29.583] [debug] [State 4]   x13      ∞     ∞     ∞     ∞     ∞     ∞     ∞     ∞     ∞     ∞     ∞     ∞     ∞       0     ∞     ∞     ∞     ∞     ∞     ∞     ∞     ∞     ∞     ∞     ∞     ∞     ∞     ∞     ∞     ∞     ∞     ∞     ∞     ∞
[2026-05-23 18:10:29.583] [debug] [State 4]   x14      ∞     ∞     ∞     ∞     ∞     ∞     ∞     ∞     ∞     ∞     ∞     ∞     ∞     ∞       0     ∞     ∞     ∞     ∞     ∞     ∞     ∞     ∞     ∞     ∞     ∞     ∞     ∞     ∞     ∞     ∞     ∞     ∞     ∞
[2026-05-23 18:10:29.583] [debug] [State 4]   x15      ∞     ∞     ∞     ∞     ∞     ∞     ∞     ∞     ∞     ∞     ∞     ∞     ∞     ∞     ∞       0     ∞     ∞     ∞     ∞     ∞     ∞     ∞     ∞     ∞     ∞     ∞     ∞     ∞     ∞     ∞     ∞     ∞     ∞
[2026-05-23 18:10:29.583] [debug] [State 4]   x16      ∞     ∞     ∞     ∞     ∞     ∞     ∞     ∞     ∞     ∞     ∞     ∞     ∞     ∞     ∞     ∞       0     ∞     ∞     ∞     ∞     ∞     ∞     ∞     ∞     ∞     ∞     ∞     ∞     ∞     ∞     ∞     ∞     ∞
[2026-05-23 18:10:29.583] [debug] [State 4]   x17      ∞     ∞     ∞     ∞     ∞     ∞     ∞     ∞     ∞     ∞     ∞     ∞     ∞     ∞     ∞     ∞     ∞       0     ∞     ∞     ∞     ∞     ∞     ∞     ∞     ∞     ∞     ∞     ∞     ∞     ∞     ∞     ∞     ∞
[2026-05-23 18:10:29.583] [debug] [State 4]   x18        0       0       0       0       0    -100       0    -100       0       0       0       0       0       0       0       0       0       0       0    -150       0       0       0       0       0       0       0       0       0       0       0       0       0       0
[2026-05-23 18:10:29.583] [debug] [State 4]   x19      150     150     150     150     150      50     150      50     150     150     150     150     150     150     150     150     150     150     150       0     150     150     150     150     150     150     150     150     150     150     150     150     150     150
[2026-05-23 18:10:29.583] [debug] [State 4]   x20      ∞     ∞     ∞     ∞     ∞     ∞     ∞     ∞     ∞     ∞     ∞     ∞     ∞     ∞     ∞     ∞     ∞     ∞     ∞     ∞       0     ∞     ∞     ∞     ∞     ∞     ∞     ∞     ∞     ∞     ∞     ∞     ∞     ∞
[2026-05-23 18:10:29.583] [debug] [State 4]   x21      ∞     ∞     ∞     ∞     ∞     ∞     ∞     ∞     ∞     ∞     ∞     ∞     ∞     ∞     ∞     ∞     ∞     ∞     ∞     ∞     ∞       0     ∞     ∞     ∞     ∞     ∞     ∞     ∞     ∞     ∞     ∞     ∞     ∞
[2026-05-23 18:10:29.583] [debug] [State 4]   x22      ∞     ∞     ∞     ∞     ∞     ∞     ∞     ∞     ∞     ∞     ∞     ∞     ∞     ∞     ∞     ∞     ∞     ∞     ∞     ∞     ∞     ∞       0     ∞     ∞     ∞     ∞     ∞     ∞     ∞     ∞     ∞     ∞     ∞
[2026-05-23 18:10:29.583] [debug] [State 4]   x23      ∞     ∞     ∞     ∞     ∞     ∞     ∞     ∞     ∞     ∞     ∞     ∞     ∞     ∞     ∞     ∞     ∞     ∞     ∞     ∞     ∞     ∞     ∞       0     ∞     ∞     ∞     ∞     ∞     ∞     ∞     ∞     ∞     ∞
[2026-05-23 18:10:29.583] [debug] [State 4]   x24      ∞     ∞     ∞     ∞     ∞     ∞     ∞     ∞     ∞     ∞     ∞     ∞     ∞     ∞     ∞     ∞     ∞     ∞     ∞     ∞     ∞     ∞     ∞     ∞       0     ∞     ∞     ∞     ∞     ∞     ∞     ∞     ∞     ∞
[2026-05-23 18:10:29.583] [debug] [State 4]   x25      ∞     ∞     ∞     ∞     ∞     ∞     ∞     ∞     ∞     ∞     ∞     ∞     ∞     ∞     ∞     ∞     ∞     ∞     ∞     ∞     ∞     ∞     ∞     ∞     ∞       0     ∞     ∞     ∞     ∞     ∞     ∞     ∞     ∞
[2026-05-23 18:10:29.583] [debug] [State 4]   x26      ∞     ∞     ∞     ∞     ∞     ∞     ∞     ∞     ∞     ∞     ∞     ∞     ∞     ∞     ∞     ∞     ∞     ∞     ∞     ∞     ∞     ∞     ∞     ∞     ∞     ∞       0     ∞     ∞     ∞     ∞     ∞     ∞     ∞
[2026-05-23 18:10:29.583] [debug] [State 4]   x27      ∞     ∞     ∞     ∞     ∞     ∞     ∞     ∞     ∞     ∞     ∞     ∞     ∞     ∞     ∞     ∞     ∞     ∞     ∞     ∞     ∞     ∞     ∞     ∞     ∞     ∞     ∞       0     ∞     ∞     ∞     ∞     ∞     ∞
[2026-05-23 18:10:29.583] [debug] [State 4]   x28      ∞     ∞     ∞     ∞     ∞     ∞     ∞     ∞     ∞     ∞     ∞     ∞     ∞     ∞     ∞     ∞     ∞     ∞     ∞     ∞     ∞     ∞     ∞     ∞     ∞     ∞     ∞     ∞       0     ∞     ∞     ∞     ∞     ∞
[2026-05-23 18:10:29.583] [debug] [State 4]   x29      ∞     ∞     ∞     ∞     ∞     ∞     ∞     ∞     ∞     ∞     ∞     ∞     ∞     ∞     ∞     ∞     ∞     ∞     ∞     ∞     ∞     ∞     ∞     ∞     ∞     ∞     ∞     ∞     ∞       0     ∞     ∞     ∞     ∞
[2026-05-23 18:10:29.583] [debug] [State 4]   x30      ∞     ∞     ∞     ∞     ∞     ∞     ∞     ∞     ∞     ∞     ∞     ∞     ∞     ∞     ∞     ∞     ∞     ∞     ∞     ∞     ∞     ∞     ∞     ∞     ∞     ∞     ∞     ∞     ∞     ∞       0     ∞     ∞     ∞
[2026-05-23 18:10:29.583] [debug] [State 4]   x31      ∞     ∞     ∞     ∞     ∞     ∞     ∞     ∞     ∞     ∞     ∞     ∞     ∞     ∞     ∞     ∞     ∞     ∞     ∞     ∞     ∞     ∞     ∞     ∞     ∞     ∞     ∞     ∞     ∞     ∞     ∞       0     ∞     ∞
[2026-05-23 18:10:29.583] [debug] [State 4]   x32      ∞     ∞     ∞     ∞     ∞     ∞     ∞     ∞     ∞     ∞     ∞     ∞     ∞     ∞     ∞     ∞     ∞     ∞     ∞     ∞     ∞     ∞     ∞     ∞     ∞     ∞     ∞     ∞     ∞     ∞     ∞     ∞       0     ∞
[2026-05-23 18:10:29.583] [debug] [State 4]   x33      ∞     ∞     ∞     ∞     ∞     ∞     ∞     ∞     ∞     ∞     ∞     ∞     ∞     ∞     ∞     ∞     ∞     ∞     ∞     ∞     ∞     ∞     ∞     ∞     ∞     ∞     ∞     ∞     ∞     ∞     ∞     ∞     ∞       0
[2026-05-23 18:10:29.583] [debug] [State 4] Z2 (suspendable):
[2026-05-23 18:10:29.583] [debug] [State 4]   DBM(size=34):
[2026-05-23 18:10:29.583] [debug] [State 4]             x0       x1       x2       x3       x4       x5       x6       x7       x8       x9       x10       x11       x12       x13       x14       x15       x16       x17       x18       x19       x20       x21       x22       x23       x24       x25       x26       x27       x28       x29       x30       x31       x32       x33
[2026-05-23 18:10:29.583] [debug] [State 4]   x0        0       0       0       0       0       0       0       0       0       0       0       0       0       0       0       0       0       0       0       0       0       0       0       0       0       0       0       0       0       0       0       0       0       0
[2026-05-23 18:10:29.583] [debug] [State 4]   x1      ∞       0     ∞     ∞     ∞     ∞     ∞     ∞     ∞     ∞     ∞     ∞     ∞     ∞     ∞     ∞     ∞     ∞     ∞     ∞     ∞     ∞     ∞     ∞     ∞     ∞     ∞     ∞     ∞     ∞     ∞     ∞     ∞     ∞
[2026-05-23 18:10:29.583] [debug] [State 4]   x2      ∞     ∞       0     ∞     ∞     ∞     ∞     ∞     ∞     ∞     ∞     ∞     ∞     ∞     ∞     ∞     ∞     ∞     ∞     ∞     ∞     ∞     ∞     ∞     ∞     ∞     ∞     ∞     ∞     ∞     ∞     ∞     ∞     ∞
[2026-05-23 18:10:29.583] [debug] [State 4]   x3      ∞     ∞     ∞       0     ∞     ∞     ∞     ∞     ∞     ∞     ∞     ∞     ∞     ∞     ∞     ∞     ∞     ∞     ∞     ∞     ∞     ∞     ∞     ∞     ∞     ∞     ∞     ∞     ∞     ∞     ∞     ∞     ∞     ∞
[2026-05-23 18:10:29.583] [debug] [State 4]   x4      ∞     ∞     ∞     ∞       0     ∞     ∞     ∞     ∞     ∞     ∞     ∞     ∞     ∞     ∞     ∞     ∞     ∞     ∞     ∞     ∞     ∞     ∞     ∞     ∞     ∞     ∞     ∞     ∞     ∞     ∞     ∞     ∞     ∞
[2026-05-23 18:10:29.583] [debug] [State 4]   x5      ∞     ∞     ∞     ∞     ∞       0     ∞     ∞     ∞     ∞     ∞     ∞     ∞     ∞     ∞     ∞     ∞     ∞     ∞     ∞     ∞     ∞     ∞     ∞     ∞     ∞     ∞     ∞     ∞     ∞     ∞     ∞     ∞     ∞
[2026-05-23 18:10:29.583] [debug] [State 4]   x6      ∞     ∞     ∞     ∞     ∞     ∞       0     ∞     ∞     ∞     ∞     ∞     ∞     ∞     ∞     ∞     ∞     ∞     ∞     ∞     ∞     ∞     ∞     ∞     ∞     ∞     ∞     ∞     ∞     ∞     ∞     ∞     ∞     ∞
[2026-05-23 18:10:29.583] [debug] [State 4]   x7      ∞     ∞     ∞     ∞     ∞     ∞     ∞       0     ∞     ∞     ∞     ∞     ∞     ∞     ∞     ∞     ∞     ∞     ∞     ∞     ∞     ∞     ∞     ∞     ∞     ∞     ∞     ∞     ∞     ∞     ∞     ∞     ∞     ∞
[2026-05-23 18:10:29.583] [debug] [State 4]   x8      ∞     ∞     ∞     ∞     ∞     ∞     ∞     ∞       0     ∞     ∞     ∞     ∞     ∞     ∞     ∞     ∞     ∞     ∞     ∞     ∞     ∞     ∞     ∞     ∞     ∞     ∞     ∞     ∞     ∞     ∞     ∞     ∞     ∞
[2026-05-23 18:10:29.583] [debug] [State 4]   x9      ∞     ∞     ∞     ∞     ∞     ∞     ∞     ∞     ∞       0     ∞     ∞     ∞     ∞     ∞     ∞     ∞     ∞     ∞     ∞     ∞     ∞     ∞     ∞     ∞     ∞     ∞     ∞     ∞     ∞     ∞     ∞     ∞     ∞
[2026-05-23 18:10:29.583] [debug] [State 4]   x10      ∞     ∞     ∞     ∞     ∞     ∞     ∞     ∞     ∞     ∞       0     ∞     ∞     ∞     ∞     ∞     ∞     ∞     ∞     ∞     ∞     ∞     ∞     ∞     ∞     ∞     ∞     ∞     ∞     ∞     ∞     ∞     ∞     ∞
[2026-05-23 18:10:29.583] [debug] [State 4]   x11      ∞     ∞     ∞     ∞     ∞     ∞     ∞     ∞     ∞     ∞     ∞       0     ∞     ∞     ∞     ∞     ∞     ∞     ∞     ∞     ∞     ∞     ∞     ∞     ∞     ∞     ∞     ∞     ∞     ∞     ∞     ∞     ∞     ∞
[2026-05-23 18:10:29.583] [debug] [State 4]   x12      ∞     ∞     ∞     ∞     ∞     ∞     ∞     ∞     ∞     ∞     ∞     ∞       0     ∞     ∞     ∞     ∞     ∞     ∞     ∞     ∞     ∞     ∞     ∞     ∞     ∞     ∞     ∞     ∞     ∞     ∞     ∞     ∞     ∞
[2026-05-23 18:10:29.583] [debug] [State 4]   x13      ∞     ∞     ∞     ∞     ∞     ∞     ∞     ∞     ∞     ∞     ∞     ∞     ∞       0     ∞     ∞     ∞     ∞     ∞     ∞     ∞     ∞     ∞     ∞     ∞     ∞     ∞     ∞     ∞     ∞     ∞     ∞     ∞     ∞
[2026-05-23 18:10:29.583] [debug] [State 4]   x14      ∞     ∞     ∞     ∞     ∞     ∞     ∞     ∞     ∞     ∞     ∞     ∞     ∞     ∞       0     ∞     ∞     ∞     ∞     ∞     ∞     ∞     ∞     ∞     ∞     ∞     ∞     ∞     ∞     ∞     ∞     ∞     ∞     ∞
[2026-05-23 18:10:29.583] [debug] [State 4]   x15      ∞     ∞     ∞     ∞     ∞     ∞     ∞     ∞     ∞     ∞     ∞     ∞     ∞     ∞     ∞       0     ∞     ∞     ∞     ∞     ∞     ∞     ∞     ∞     ∞     ∞     ∞     ∞     ∞     ∞     ∞     ∞     ∞     ∞
[2026-05-23 18:10:29.583] [debug] [State 4]   x16      ∞     ∞     ∞     ∞     ∞     ∞     ∞     ∞     ∞     ∞     ∞     ∞     ∞     ∞     ∞     ∞       0     ∞     ∞     ∞     ∞     ∞     ∞     ∞     ∞     ∞     ∞     ∞     ∞     ∞     ∞     ∞     ∞     ∞
[2026-05-23 18:10:29.583] [debug] [State 4]   x17      ∞     ∞     ∞     ∞     ∞     ∞     ∞     ∞     ∞     ∞     ∞     ∞     ∞     ∞     ∞     ∞     ∞       0     ∞     ∞     ∞     ∞     ∞     ∞     ∞     ∞     ∞     ∞     ∞     ∞     ∞     ∞     ∞     ∞
[2026-05-23 18:10:29.583] [debug] [State 4]   x18      ∞     ∞     ∞     ∞     ∞     ∞     ∞     ∞     ∞     ∞     ∞     ∞     ∞     ∞     ∞     ∞     ∞     ∞       0     ∞     ∞     ∞     ∞     ∞     ∞     ∞     ∞     ∞     ∞     ∞     ∞     ∞     ∞     ∞
[2026-05-23 18:10:29.583] [debug] [State 4]   x19      ∞     ∞     ∞     ∞     ∞     ∞     ∞     ∞     ∞     ∞     ∞     ∞     ∞     ∞     ∞     ∞     ∞     ∞     ∞       0     ∞     ∞     ∞     ∞     ∞     ∞     ∞     ∞     ∞     ∞     ∞     ∞     ∞     ∞
[2026-05-23 18:10:29.583] [debug] [State 4]   x20      ∞     ∞     ∞     ∞     ∞     ∞     ∞     ∞     ∞     ∞     ∞     ∞     ∞     ∞     ∞     ∞     ∞     ∞     ∞     ∞       0     ∞     ∞     ∞     ∞     ∞     ∞     ∞     ∞     ∞     ∞     ∞     ∞     ∞
[2026-05-23 18:10:29.583] [debug] [State 4]   x21      ∞     ∞     ∞     ∞     ∞     ∞     ∞     ∞     ∞     ∞     ∞     ∞     ∞     ∞     ∞     ∞     ∞     ∞     ∞     ∞     ∞       0     ∞     ∞     ∞     ∞     ∞     ∞     ∞     ∞     ∞     ∞     ∞     ∞
[2026-05-23 18:10:29.583] [debug] [State 4]   x22      ∞     ∞     ∞     ∞     ∞     ∞     ∞     ∞     ∞     ∞     ∞     ∞     ∞     ∞     ∞     ∞     ∞     ∞     ∞     ∞     ∞     ∞       0     ∞     ∞     ∞     ∞     ∞     ∞     ∞     ∞     ∞     ∞     ∞
[2026-05-23 18:10:29.583] [debug] [State 4]   x23      ∞     ∞     ∞     ∞     ∞     ∞     ∞     ∞     ∞     ∞     ∞     ∞     ∞     ∞     ∞     ∞     ∞     ∞     ∞     ∞     ∞     ∞     ∞       0     ∞     ∞     ∞     ∞     ∞     ∞     ∞     ∞     ∞     ∞
[2026-05-23 18:10:29.583] [debug] [State 4]   x24      ∞     ∞     ∞     ∞     ∞     ∞     ∞     ∞     ∞     ∞     ∞     ∞     ∞     ∞     ∞     ∞     ∞     ∞     ∞     ∞     ∞     ∞     ∞     ∞       0     ∞     ∞     ∞     ∞     ∞     ∞     ∞     ∞     ∞
[2026-05-23 18:10:29.583] [debug] [State 4]   x25      ∞     ∞     ∞     ∞     ∞     ∞     ∞     ∞     ∞     ∞     ∞     ∞     ∞     ∞     ∞     ∞     ∞     ∞     ∞     ∞     ∞     ∞     ∞     ∞     ∞       0     ∞     ∞     ∞     ∞     ∞     ∞     ∞     ∞
[2026-05-23 18:10:29.583] [debug] [State 4]   x26      ∞     ∞     ∞     ∞     ∞     ∞     ∞     ∞     ∞     ∞     ∞     ∞     ∞     ∞     ∞     ∞     ∞     ∞     ∞     ∞     ∞     ∞     ∞     ∞     ∞     ∞       0     ∞     ∞     ∞     ∞     ∞     ∞     ∞
[2026-05-23 18:10:29.583] [debug] [State 4]   x27      ∞     ∞     ∞     ∞     ∞     ∞     ∞     ∞     ∞     ∞     ∞     ∞     ∞     ∞     ∞     ∞     ∞     ∞     ∞     ∞     ∞     ∞     ∞     ∞     ∞     ∞     ∞       0     ∞     ∞     ∞     ∞     ∞     ∞
[2026-05-23 18:10:29.583] [debug] [State 4]   x28      ∞     ∞     ∞     ∞     ∞     ∞     ∞     ∞     ∞     ∞     ∞     ∞     ∞     ∞     ∞     ∞     ∞     ∞     ∞     ∞     ∞     ∞     ∞     ∞     ∞     ∞     ∞     ∞       0     ∞     ∞     ∞     ∞     ∞
[2026-05-23 18:10:29.583] [debug] [State 4]   x29      ∞     ∞     ∞     ∞     ∞     ∞     ∞     ∞     ∞     ∞     ∞     ∞     ∞     ∞     ∞     ∞     ∞     ∞     ∞     ∞     ∞     ∞     ∞     ∞     ∞     ∞     ∞     ∞     ∞       0     ∞     ∞     ∞     ∞
[2026-05-23 18:10:29.583] [debug] [State 4]   x30      ∞     ∞     ∞     ∞     ∞     ∞     ∞     ∞     ∞     ∞     ∞     ∞     ∞     ∞     ∞     ∞     ∞     ∞     ∞     ∞     ∞     ∞     ∞     ∞     ∞     ∞     ∞     ∞     ∞     ∞       0     ∞     ∞     ∞
[2026-05-23 18:10:29.583] [debug] [State 4]   x31      ∞     ∞     ∞     ∞     ∞     ∞     ∞     ∞     ∞     ∞     ∞     ∞     ∞     ∞     ∞     ∞     ∞     ∞     ∞     ∞     ∞     ∞     ∞     ∞     ∞     ∞     ∞     ∞     ∞     ∞     ∞       0     ∞     ∞
[2026-05-23 18:10:29.583] [debug] [State 4]   x32      ∞     ∞     ∞     ∞     ∞     ∞     ∞     ∞     ∞     ∞     ∞     ∞     ∞     ∞     ∞     ∞     ∞     ∞     ∞     ∞     ∞     ∞     ∞     ∞     ∞     ∞     ∞     ∞     ∞     ∞     ∞     ∞       0     ∞
[2026-05-23 18:10:29.583] [debug] [State 4]   x33      ∞     ∞     ∞     ∞     ∞     ∞     ∞     ∞     ∞     ∞     ∞     ∞     ∞     ∞     ∞     ∞     ∞     ∞     ∞     ∞     ∞     ∞     ∞     ∞     ∞     ∞     ∞     ∞     ∞     ∞     ∞     ∞     ∞       0
[2026-05-23 18:10:29.583] [debug] [State 4] ==========================================
[2026-05-23 18:10:29.583] [debug] [STATE] State 4 --T4@100--> candidate
[2026-05-23 18:10:29.583] [debug] [STATE]   [New] Add state 13 to graph and frontier
[2026-05-23 18:10:29.583] [debug] [New state 13] ========== State Class Details: ID=13 ==========
[2026-05-23 18:10:29.583] [debug] [New state 13] Places: [P0(Fentry)=0, P1(Fready)=0, P2(Fexit)=0, P3(Eentry)=0, P4(Eready)=0, P5(Eexit)=0, P6(Aentry)=0, P7(Aready)=1, P8(Aexit)=0, P9(Dentry)=1, P10(Dready)=0, P11(Dexit)=0, P12(Centry)=0, P13(Cready)=0, P14(Cexit)=0, P15(Bentry)=0, P16(Bready)=0, P17(Bexit)=0, P18(A_cfg_random)=1, P19(D_cfg_random)=1, P20(E_suspended_C_0)=0, P21(D_suspended_C_1)=0, P22(D_suspended_E_2)=0, P23(A_suspended_B_3)=0, P24(F_suspended_B_4)=0, P25(F_suspended_A_5)=0, P26(core0)=0, P27(core1)=1]
[2026-05-23 18:10:29.583] [debug] [New state 13] Enabled: T5(Aexec, priority=97, core=0, suspendable), T6(Dget_core, priority=97, core=1), T17(A_cfg_fire, priority=2147483647, core=-1), T18(D_cfg_fire, priority=2147483647, core=-1)
[2026-05-23 18:10:29.583] [debug] [New state 13] Cumulative time: 100
[2026-05-23 18:10:29.583] [debug] [New state 13] Z1 (non-suspendable):
[2026-05-23 18:10:29.583] [debug] [New state 13]   DBM(size=34):
[2026-05-23 18:10:29.583] [debug] [New state 13]             x0       x1       x2       x3       x4       x5       x6       x7       x8       x9       x10       x11       x12       x13       x14       x15       x16       x17       x18       x19       x20       x21       x22       x23       x24       x25       x26       x27       x28       x29       x30       x31       x32       x33
[2026-05-23 18:10:29.583] [debug] [New state 13]   x0        0       0       0       0       0       0       0    -100       0       0       0       0       0       0       0       0       0       0       0    -150       0       0       0       0       0       0       0       0       0       0       0       0       0       0
[2026-05-23 18:10:29.583] [debug] [New state 13]   x1      ∞       0     ∞     ∞     ∞     ∞     ∞     ∞     ∞     ∞     ∞     ∞     ∞     ∞     ∞     ∞     ∞     ∞     ∞     ∞     ∞     ∞     ∞     ∞     ∞     ∞     ∞     ∞     ∞     ∞     ∞     ∞     ∞     ∞
[2026-05-23 18:10:29.583] [debug] [New state 13]   x2      ∞     ∞       0     ∞     ∞     ∞     ∞     ∞     ∞     ∞     ∞     ∞     ∞     ∞     ∞     ∞     ∞     ∞     ∞     ∞     ∞     ∞     ∞     ∞     ∞     ∞     ∞     ∞     ∞     ∞     ∞     ∞     ∞     ∞
[2026-05-23 18:10:29.583] [debug] [New state 13]   x3      ∞     ∞     ∞       0     ∞     ∞     ∞     ∞     ∞     ∞     ∞     ∞     ∞     ∞     ∞     ∞     ∞     ∞     ∞     ∞     ∞     ∞     ∞     ∞     ∞     ∞     ∞     ∞     ∞     ∞     ∞     ∞     ∞     ∞
[2026-05-23 18:10:29.583] [debug] [New state 13]   x4      ∞     ∞     ∞     ∞       0     ∞     ∞     ∞     ∞     ∞     ∞     ∞     ∞     ∞     ∞     ∞     ∞     ∞     ∞     ∞     ∞     ∞     ∞     ∞     ∞     ∞     ∞     ∞     ∞     ∞     ∞     ∞     ∞     ∞
[2026-05-23 18:10:29.583] [debug] [New state 13]   x5      ∞     ∞     ∞     ∞     ∞       0     ∞     ∞     ∞     ∞     ∞     ∞     ∞     ∞     ∞     ∞     ∞     ∞     ∞     ∞     ∞     ∞     ∞     ∞     ∞     ∞     ∞     ∞     ∞     ∞     ∞     ∞     ∞     ∞
[2026-05-23 18:10:29.583] [debug] [New state 13]   x6      ∞     ∞     ∞     ∞     ∞     ∞       0     ∞     ∞     ∞     ∞     ∞     ∞     ∞     ∞     ∞     ∞     ∞     ∞     ∞     ∞     ∞     ∞     ∞     ∞     ∞     ∞     ∞     ∞     ∞     ∞     ∞     ∞     ∞
[2026-05-23 18:10:29.583] [debug] [New state 13]   x7      100     100     100     100     100     100     100       0     100     100     100     100     100     100     100     100     100     100     100     -50     100     100     100     100     100     100     100     100     100     100     100     100     100     100
[2026-05-23 18:10:29.583] [debug] [New state 13]   x8      ∞     ∞     ∞     ∞     ∞     ∞     ∞     ∞       0     ∞     ∞     ∞     ∞     ∞     ∞     ∞     ∞     ∞     ∞     ∞     ∞     ∞     ∞     ∞     ∞     ∞     ∞     ∞     ∞     ∞     ∞     ∞     ∞     ∞
[2026-05-23 18:10:29.583] [debug] [New state 13]   x9      ∞     ∞     ∞     ∞     ∞     ∞     ∞     ∞     ∞       0     ∞     ∞     ∞     ∞     ∞     ∞     ∞     ∞     ∞     ∞     ∞     ∞     ∞     ∞     ∞     ∞     ∞     ∞     ∞     ∞     ∞     ∞     ∞     ∞
[2026-05-23 18:10:29.583] [debug] [New state 13]   x10      ∞     ∞     ∞     ∞     ∞     ∞     ∞     ∞     ∞     ∞       0     ∞     ∞     ∞     ∞     ∞     ∞     ∞     ∞     ∞     ∞     ∞     ∞     ∞     ∞     ∞     ∞     ∞     ∞     ∞     ∞     ∞     ∞     ∞
[2026-05-23 18:10:29.583] [debug] [New state 13]   x11      ∞     ∞     ∞     ∞     ∞     ∞     ∞     ∞     ∞     ∞     ∞       0     ∞     ∞     ∞     ∞     ∞     ∞     ∞     ∞     ∞     ∞     ∞     ∞     ∞     ∞     ∞     ∞     ∞     ∞     ∞     ∞     ∞     ∞
[2026-05-23 18:10:29.583] [debug] [New state 13]   x12      ∞     ∞     ∞     ∞     ∞     ∞     ∞     ∞     ∞     ∞     ∞     ∞       0     ∞     ∞     ∞     ∞     ∞     ∞     ∞     ∞     ∞     ∞     ∞     ∞     ∞     ∞     ∞     ∞     ∞     ∞     ∞     ∞     ∞
[2026-05-23 18:10:29.583] [debug] [New state 13]   x13      ∞     ∞     ∞     ∞     ∞     ∞     ∞     ∞     ∞     ∞     ∞     ∞     ∞       0     ∞     ∞     ∞     ∞     ∞     ∞     ∞     ∞     ∞     ∞     ∞     ∞     ∞     ∞     ∞     ∞     ∞     ∞     ∞     ∞
[2026-05-23 18:10:29.583] [debug] [New state 13]   x14      ∞     ∞     ∞     ∞     ∞     ∞     ∞     ∞     ∞     ∞     ∞     ∞     ∞     ∞       0     ∞     ∞     ∞     ∞     ∞     ∞     ∞     ∞     ∞     ∞     ∞     ∞     ∞     ∞     ∞     ∞     ∞     ∞     ∞
[2026-05-23 18:10:29.583] [debug] [New state 13]   x15      ∞     ∞     ∞     ∞     ∞     ∞     ∞     ∞     ∞     ∞     ∞     ∞     ∞     ∞     ∞       0     ∞     ∞     ∞     ∞     ∞     ∞     ∞     ∞     ∞     ∞     ∞     ∞     ∞     ∞     ∞     ∞     ∞     ∞
[2026-05-23 18:10:29.583] [debug] [New state 13]   x16      ∞     ∞     ∞     ∞     ∞     ∞     ∞     ∞     ∞     ∞     ∞     ∞     ∞     ∞     ∞     ∞       0     ∞     ∞     ∞     ∞     ∞     ∞     ∞     ∞     ∞     ∞     ∞     ∞     ∞     ∞     ∞     ∞     ∞
[2026-05-23 18:10:29.583] [debug] [New state 13]   x17      ∞     ∞     ∞     ∞     ∞     ∞     ∞     ∞     ∞     ∞     ∞     ∞     ∞     ∞     ∞     ∞     ∞       0     ∞     ∞     ∞     ∞     ∞     ∞     ∞     ∞     ∞     ∞     ∞     ∞     ∞     ∞     ∞     ∞
[2026-05-23 18:10:29.583] [debug] [New state 13]   x18        0       0       0       0       0       0       0    -100       0       0       0       0       0       0       0       0       0       0       0    -150       0       0       0       0       0       0       0       0       0       0       0       0       0       0
[2026-05-23 18:10:29.583] [debug] [New state 13]   x19      150     150     150     150     150     150     150      50     150     150     150     150     150     150     150     150     150     150     150       0     150     150     150     150     150     150     150     150     150     150     150     150     150     150
[2026-05-23 18:10:29.583] [debug] [New state 13]   x20      ∞     ∞     ∞     ∞     ∞     ∞     ∞     ∞     ∞     ∞     ∞     ∞     ∞     ∞     ∞     ∞     ∞     ∞     ∞     ∞       0     ∞     ∞     ∞     ∞     ∞     ∞     ∞     ∞     ∞     ∞     ∞     ∞     ∞
[2026-05-23 18:10:29.583] [debug] [New state 13]   x21      ∞     ∞     ∞     ∞     ∞     ∞     ∞     ∞     ∞     ∞     ∞     ∞     ∞     ∞     ∞     ∞     ∞     ∞     ∞     ∞     ∞       0     ∞     ∞     ∞     ∞     ∞     ∞     ∞     ∞     ∞     ∞     ∞     ∞
[2026-05-23 18:10:29.583] [debug] [New state 13]   x22      ∞     ∞     ∞     ∞     ∞     ∞     ∞     ∞     ∞     ∞     ∞     ∞     ∞     ∞     ∞     ∞     ∞     ∞     ∞     ∞     ∞     ∞       0     ∞     ∞     ∞     ∞     ∞     ∞     ∞     ∞     ∞     ∞     ∞
[2026-05-23 18:10:29.583] [debug] [New state 13]   x23      ∞     ∞     ∞     ∞     ∞     ∞     ∞     ∞     ∞     ∞     ∞     ∞     ∞     ∞     ∞     ∞     ∞     ∞     ∞     ∞     ∞     ∞     ∞       0     ∞     ∞     ∞     ∞     ∞     ∞     ∞     ∞     ∞     ∞
[2026-05-23 18:10:29.583] [debug] [New state 13]   x24      ∞     ∞     ∞     ∞     ∞     ∞     ∞     ∞     ∞     ∞     ∞     ∞     ∞     ∞     ∞     ∞     ∞     ∞     ∞     ∞     ∞     ∞     ∞     ∞       0     ∞     ∞     ∞     ∞     ∞     ∞     ∞     ∞     ∞
[2026-05-23 18:10:29.583] [debug] [New state 13]   x25      ∞     ∞     ∞     ∞     ∞     ∞     ∞     ∞     ∞     ∞     ∞     ∞     ∞     ∞     ∞     ∞     ∞     ∞     ∞     ∞     ∞     ∞     ∞     ∞     ∞       0     ∞     ∞     ∞     ∞     ∞     ∞     ∞     ∞
[2026-05-23 18:10:29.583] [debug] [New state 13]   x26      ∞     ∞     ∞     ∞     ∞     ∞     ∞     ∞     ∞     ∞     ∞     ∞     ∞     ∞     ∞     ∞     ∞     ∞     ∞     ∞     ∞     ∞     ∞     ∞     ∞     ∞       0     ∞     ∞     ∞     ∞     ∞     ∞     ∞
[2026-05-23 18:10:29.583] [debug] [New state 13]   x27      ∞     ∞     ∞     ∞     ∞     ∞     ∞     ∞     ∞     ∞     ∞     ∞     ∞     ∞     ∞     ∞     ∞     ∞     ∞     ∞     ∞     ∞     ∞     ∞     ∞     ∞     ∞       0     ∞     ∞     ∞     ∞     ∞     ∞
[2026-05-23 18:10:29.583] [debug] [New state 13]   x28      ∞     ∞     ∞     ∞     ∞     ∞     ∞     ∞     ∞     ∞     ∞     ∞     ∞     ∞     ∞     ∞     ∞     ∞     ∞     ∞     ∞     ∞     ∞     ∞     ∞     ∞     ∞     ∞       0     ∞     ∞     ∞     ∞     ∞
[2026-05-23 18:10:29.583] [debug] [New state 13]   x29      ∞     ∞     ∞     ∞     ∞     ∞     ∞     ∞     ∞     ∞     ∞     ∞     ∞     ∞     ∞     ∞     ∞     ∞     ∞     ∞     ∞     ∞     ∞     ∞     ∞     ∞     ∞     ∞     ∞       0     ∞     ∞     ∞     ∞
[2026-05-23 18:10:29.583] [debug] [New state 13]   x30      ∞     ∞     ∞     ∞     ∞     ∞     ∞     ∞     ∞     ∞     ∞     ∞     ∞     ∞     ∞     ∞     ∞     ∞     ∞     ∞     ∞     ∞     ∞     ∞     ∞     ∞     ∞     ∞     ∞     ∞       0     ∞     ∞     ∞
[2026-05-23 18:10:29.583] [debug] [New state 13]   x31      ∞     ∞     ∞     ∞     ∞     ∞     ∞     ∞     ∞     ∞     ∞     ∞     ∞     ∞     ∞     ∞     ∞     ∞     ∞     ∞     ∞     ∞     ∞     ∞     ∞     ∞     ∞     ∞     ∞     ∞     ∞       0     ∞     ∞
[2026-05-23 18:10:29.583] [debug] [New state 13]   x32      ∞     ∞     ∞     ∞     ∞     ∞     ∞     ∞     ∞     ∞     ∞     ∞     ∞     ∞     ∞     ∞     ∞     ∞     ∞     ∞     ∞     ∞     ∞     ∞     ∞     ∞     ∞     ∞     ∞     ∞     ∞     ∞       0     ∞
[2026-05-23 18:10:29.583] [debug] [New state 13]   x33      ∞     ∞     ∞     ∞     ∞     ∞     ∞     ∞     ∞     ∞     ∞     ∞     ∞     ∞     ∞     ∞     ∞     ∞     ∞     ∞     ∞     ∞     ∞     ∞     ∞     ∞     ∞     ∞     ∞     ∞     ∞     ∞     ∞       0
[2026-05-23 18:10:29.583] [debug] [New state 13] Z2 (suspendable):
[2026-05-23 18:10:29.584] [debug] [New state 13]   DBM(size=34):
[2026-05-23 18:10:29.584] [debug] [New state 13]             x0       x1       x2       x3       x4       x5       x6       x7       x8       x9       x10       x11       x12       x13       x14       x15       x16       x17       x18       x19       x20       x21       x22       x23       x24       x25       x26       x27       x28       x29       x30       x31       x32       x33
[2026-05-23 18:10:29.584] [debug] [New state 13]   x0        0       0       0       0       0       0      -8       0       0       0       0       0       0       0       0       0       0       0       0       0       0       0       0       0       0       0       0       0       0       0       0       0       0       0
[2026-05-23 18:10:29.584] [debug] [New state 13]   x1      ∞       0     ∞     ∞     ∞     ∞     ∞     ∞     ∞     ∞     ∞     ∞     ∞     ∞     ∞     ∞     ∞     ∞     ∞     ∞     ∞     ∞     ∞     ∞     ∞     ∞     ∞     ∞     ∞     ∞     ∞     ∞     ∞     ∞
[2026-05-23 18:10:29.584] [debug] [New state 13]   x2      ∞     ∞       0     ∞     ∞     ∞     ∞     ∞     ∞     ∞     ∞     ∞     ∞     ∞     ∞     ∞     ∞     ∞     ∞     ∞     ∞     ∞     ∞     ∞     ∞     ∞     ∞     ∞     ∞     ∞     ∞     ∞     ∞     ∞
[2026-05-23 18:10:29.584] [debug] [New state 13]   x3      ∞     ∞     ∞       0     ∞     ∞     ∞     ∞     ∞     ∞     ∞     ∞     ∞     ∞     ∞     ∞     ∞     ∞     ∞     ∞     ∞     ∞     ∞     ∞     ∞     ∞     ∞     ∞     ∞     ∞     ∞     ∞     ∞     ∞
[2026-05-23 18:10:29.584] [debug] [New state 13]   x4      ∞     ∞     ∞     ∞       0     ∞     ∞     ∞     ∞     ∞     ∞     ∞     ∞     ∞     ∞     ∞     ∞     ∞     ∞     ∞     ∞     ∞     ∞     ∞     ∞     ∞     ∞     ∞     ∞     ∞     ∞     ∞     ∞     ∞
[2026-05-23 18:10:29.584] [debug] [New state 13]   x5      ∞     ∞     ∞     ∞     ∞       0     ∞     ∞     ∞     ∞     ∞     ∞     ∞     ∞     ∞     ∞     ∞     ∞     ∞     ∞     ∞     ∞     ∞     ∞     ∞     ∞     ∞     ∞     ∞     ∞     ∞     ∞     ∞     ∞
[2026-05-23 18:10:29.584] [debug] [New state 13]   x6        8       8       8       8       8       8       0       8       8       8       8       8       8       8       8       8       8       8       8       8       8       8       8       8       8       8       8       8       8       8       8       8       8       8
[2026-05-23 18:10:29.584] [debug] [New state 13]   x7      ∞     ∞     ∞     ∞     ∞     ∞     ∞       0     ∞     ∞     ∞     ∞     ∞     ∞     ∞     ∞     ∞     ∞     ∞     ∞     ∞     ∞     ∞     ∞     ∞     ∞     ∞     ∞     ∞     ∞     ∞     ∞     ∞     ∞
[2026-05-23 18:10:29.584] [debug] [New state 13]   x8      ∞     ∞     ∞     ∞     ∞     ∞     ∞     ∞       0     ∞     ∞     ∞     ∞     ∞     ∞     ∞     ∞     ∞     ∞     ∞     ∞     ∞     ∞     ∞     ∞     ∞     ∞     ∞     ∞     ∞     ∞     ∞     ∞     ∞
[2026-05-23 18:10:29.584] [debug] [New state 13]   x9      ∞     ∞     ∞     ∞     ∞     ∞     ∞     ∞     ∞       0     ∞     ∞     ∞     ∞     ∞     ∞     ∞     ∞     ∞     ∞     ∞     ∞     ∞     ∞     ∞     ∞     ∞     ∞     ∞     ∞     ∞     ∞     ∞     ∞
[2026-05-23 18:10:29.584] [debug] [New state 13]   x10      ∞     ∞     ∞     ∞     ∞     ∞     ∞     ∞     ∞     ∞       0     ∞     ∞     ∞     ∞     ∞     ∞     ∞     ∞     ∞     ∞     ∞     ∞     ∞     ∞     ∞     ∞     ∞     ∞     ∞     ∞     ∞     ∞     ∞
[2026-05-23 18:10:29.584] [debug] [New state 13]   x11      ∞     ∞     ∞     ∞     ∞     ∞     ∞     ∞     ∞     ∞     ∞       0     ∞     ∞     ∞     ∞     ∞     ∞     ∞     ∞     ∞     ∞     ∞     ∞     ∞     ∞     ∞     ∞     ∞     ∞     ∞     ∞     ∞     ∞
[2026-05-23 18:10:29.584] [debug] [New state 13]   x12      ∞     ∞     ∞     ∞     ∞     ∞     ∞     ∞     ∞     ∞     ∞     ∞       0     ∞     ∞     ∞     ∞     ∞     ∞     ∞     ∞     ∞     ∞     ∞     ∞     ∞     ∞     ∞     ∞     ∞     ∞     ∞     ∞     ∞
[2026-05-23 18:10:29.584] [debug] [New state 13]   x13      ∞     ∞     ∞     ∞     ∞     ∞     ∞     ∞     ∞     ∞     ∞     ∞     ∞       0     ∞     ∞     ∞     ∞     ∞     ∞     ∞     ∞     ∞     ∞     ∞     ∞     ∞     ∞     ∞     ∞     ∞     ∞     ∞     ∞
[2026-05-23 18:10:29.584] [debug] [New state 13]   x14      ∞     ∞     ∞     ∞     ∞     ∞     ∞     ∞     ∞     ∞     ∞     ∞     ∞     ∞       0     ∞     ∞     ∞     ∞     ∞     ∞     ∞     ∞     ∞     ∞     ∞     ∞     ∞     ∞     ∞     ∞     ∞     ∞     ∞
[2026-05-23 18:10:29.584] [debug] [New state 13]   x15      ∞     ∞     ∞     ∞     ∞     ∞     ∞     ∞     ∞     ∞     ∞     ∞     ∞     ∞     ∞       0     ∞     ∞     ∞     ∞     ∞     ∞     ∞     ∞     ∞     ∞     ∞     ∞     ∞     ∞     ∞     ∞     ∞     ∞
[2026-05-23 18:10:29.584] [debug] [New state 13]   x16      ∞     ∞     ∞     ∞     ∞     ∞     ∞     ∞     ∞     ∞     ∞     ∞     ∞     ∞     ∞     ∞       0     ∞     ∞     ∞     ∞     ∞     ∞     ∞     ∞     ∞     ∞     ∞     ∞     ∞     ∞     ∞     ∞     ∞
[2026-05-23 18:10:29.584] [debug] [New state 13]   x17      ∞     ∞     ∞     ∞     ∞     ∞     ∞     ∞     ∞     ∞     ∞     ∞     ∞     ∞     ∞     ∞     ∞       0     ∞     ∞     ∞     ∞     ∞     ∞     ∞     ∞     ∞     ∞     ∞     ∞     ∞     ∞     ∞     ∞
[2026-05-23 18:10:29.584] [debug] [New state 13]   x18      ∞     ∞     ∞     ∞     ∞     ∞     ∞     ∞     ∞     ∞     ∞     ∞     ∞     ∞     ∞     ∞     ∞     ∞       0     ∞     ∞     ∞     ∞     ∞     ∞     ∞     ∞     ∞     ∞     ∞     ∞     ∞     ∞     ∞
[2026-05-23 18:10:29.584] [debug] [New state 13]   x19      ∞     ∞     ∞     ∞     ∞     ∞     ∞     ∞     ∞     ∞     ∞     ∞     ∞     ∞     ∞     ∞     ∞     ∞     ∞       0     ∞     ∞     ∞     ∞     ∞     ∞     ∞     ∞     ∞     ∞     ∞     ∞     ∞     ∞
[2026-05-23 18:10:29.584] [debug] [New state 13]   x20      ∞     ∞     ∞     ∞     ∞     ∞     ∞     ∞     ∞     ∞     ∞     ∞     ∞     ∞     ∞     ∞     ∞     ∞     ∞     ∞       0     ∞     ∞     ∞     ∞     ∞     ∞     ∞     ∞     ∞     ∞     ∞     ∞     ∞
[2026-05-23 18:10:29.584] [debug] [New state 13]   x21      ∞     ∞     ∞     ∞     ∞     ∞     ∞     ∞     ∞     ∞     ∞     ∞     ∞     ∞     ∞     ∞     ∞     ∞     ∞     ∞     ∞       0     ∞     ∞     ∞     ∞     ∞     ∞     ∞     ∞     ∞     ∞     ∞     ∞
[2026-05-23 18:10:29.584] [debug] [New state 13]   x22      ∞     ∞     ∞     ∞     ∞     ∞     ∞     ∞     ∞     ∞     ∞     ∞     ∞     ∞     ∞     ∞     ∞     ∞     ∞     ∞     ∞     ∞       0     ∞     ∞     ∞     ∞     ∞     ∞     ∞     ∞     ∞     ∞     ∞
[2026-05-23 18:10:29.584] [debug] [New state 13]   x23      ∞     ∞     ∞     ∞     ∞     ∞     ∞     ∞     ∞     ∞     ∞     ∞     ∞     ∞     ∞     ∞     ∞     ∞     ∞     ∞     ∞     ∞     ∞       0     ∞     ∞     ∞     ∞     ∞     ∞     ∞     ∞     ∞     ∞
[2026-05-23 18:10:29.584] [debug] [New state 13]   x24      ∞     ∞     ∞     ∞     ∞     ∞     ∞     ∞     ∞     ∞     ∞     ∞     ∞     ∞     ∞     ∞     ∞     ∞     ∞     ∞     ∞     ∞     ∞     ∞       0     ∞     ∞     ∞     ∞     ∞     ∞     ∞     ∞     ∞
[2026-05-23 18:10:29.584] [debug] [New state 13]   x25      ∞     ∞     ∞     ∞     ∞     ∞     ∞     ∞     ∞     ∞     ∞     ∞     ∞     ∞     ∞     ∞     ∞     ∞     ∞     ∞     ∞     ∞     ∞     ∞     ∞       0     ∞     ∞     ∞     ∞     ∞     ∞     ∞     ∞
[2026-05-23 18:10:29.584] [debug] [New state 13]   x26      ∞     ∞     ∞     ∞     ∞     ∞     ∞     ∞     ∞     ∞     ∞     ∞     ∞     ∞     ∞     ∞     ∞     ∞     ∞     ∞     ∞     ∞     ∞     ∞     ∞     ∞       0     ∞     ∞     ∞     ∞     ∞     ∞     ∞
[2026-05-23 18:10:29.584] [debug] [New state 13]   x27      ∞     ∞     ∞     ∞     ∞     ∞     ∞     ∞     ∞     ∞     ∞     ∞     ∞     ∞     ∞     ∞     ∞     ∞     ∞     ∞     ∞     ∞     ∞     ∞     ∞     ∞     ∞       0     ∞     ∞     ∞     ∞     ∞     ∞
[2026-05-23 18:10:29.584] [debug] [New state 13]   x28      ∞     ∞     ∞     ∞     ∞     ∞     ∞     ∞     ∞     ∞     ∞     ∞     ∞     ∞     ∞     ∞     ∞     ∞     ∞     ∞     ∞     ∞     ∞     ∞     ∞     ∞     ∞     ∞       0     ∞     ∞     ∞     ∞     ∞
[2026-05-23 18:10:29.584] [debug] [New state 13]   x29      ∞     ∞     ∞     ∞     ∞     ∞     ∞     ∞     ∞     ∞     ∞     ∞     ∞     ∞     ∞     ∞     ∞     ∞     ∞     ∞     ∞     ∞     ∞     ∞     ∞     ∞     ∞     ∞     ∞       0     ∞     ∞     ∞     ∞
[2026-05-23 18:10:29.584] [debug] [New state 13]   x30      ∞     ∞     ∞     ∞     ∞     ∞     ∞     ∞     ∞     ∞     ∞     ∞     ∞     ∞     ∞     ∞     ∞     ∞     ∞     ∞     ∞     ∞     ∞     ∞     ∞     ∞     ∞     ∞     ∞     ∞       0     ∞     ∞     ∞
[2026-05-23 18:10:29.584] [debug] [New state 13]   x31      ∞     ∞     ∞     ∞     ∞     ∞     ∞     ∞     ∞     ∞     ∞     ∞     ∞     ∞     ∞     ∞     ∞     ∞     ∞     ∞     ∞     ∞     ∞     ∞     ∞     ∞     ∞     ∞     ∞     ∞     ∞       0     ∞     ∞
[2026-05-23 18:10:29.584] [debug] [New state 13]   x32      ∞     ∞     ∞     ∞     ∞     ∞     ∞     ∞     ∞     ∞     ∞     ∞     ∞     ∞     ∞     ∞     ∞     ∞     ∞     ∞     ∞     ∞     ∞     ∞     ∞     ∞     ∞     ∞     ∞     ∞     ∞     ∞       0     ∞
[2026-05-23 18:10:29.584] [debug] [New state 13]   x33      ∞     ∞     ∞     ∞     ∞     ∞     ∞     ∞     ∞     ∞     ∞     ∞     ∞     ∞     ∞     ∞     ∞     ∞     ∞     ∞     ∞     ∞     ∞     ∞     ∞     ∞     ∞     ∞     ∞     ∞     ∞     ∞     ∞       0
[2026-05-23 18:10:29.584] [debug] [New state 13] ==========================================
[2026-05-23 18:10:29.584] [debug] [STATE] State 4 --T6@100--> candidate
[2026-05-23 18:10:29.584] [debug] [STATE]   [New] Add state 14 to graph and frontier
[2026-05-23 18:10:29.584] [debug] [New state 14] ========== State Class Details: ID=14 ==========
[2026-05-23 18:10:29.584] [debug] [New state 14] Places: [P0(Fentry)=0, P1(Fready)=0, P2(Fexit)=0, P3(Eentry)=0, P4(Eready)=0, P5(Eexit)=0, P6(Aentry)=1, P7(Aready)=0, P8(Aexit)=0, P9(Dentry)=0, P10(Dready)=1, P11(Dexit)=0, P12(Centry)=0, P13(Cready)=0, P14(Cexit)=0, P15(Bentry)=0, P16(Bready)=0, P17(Bexit)=0, P18(A_cfg_random)=1, P19(D_cfg_random)=1, P20(E_suspended_C_0)=0, P21(D_suspended_C_1)=0, P22(D_suspended_E_2)=0, P23(A_suspended_B_3)=0, P24(F_suspended_B_4)=0, P25(F_suspended_A_5)=0, P26(core0)=1, P27(core1)=0]
[2026-05-23 18:10:29.584] [debug] [New state 14] Enabled: T4(Aget_core, priority=97, core=0), T7(Dexec, priority=97, core=1, suspendable), T17(A_cfg_fire, priority=2147483647, core=-1), T18(D_cfg_fire, priority=2147483647, core=-1)
[2026-05-23 18:10:29.584] [debug] [New state 14] Cumulative time: 100
[2026-05-23 18:10:29.584] [debug] [New state 14] Z1 (non-suspendable):
[2026-05-23 18:10:29.584] [debug] [New state 14]   DBM(size=34):
[2026-05-23 18:10:29.584] [debug] [New state 14]             x0       x1       x2       x3       x4       x5       x6       x7       x8       x9       x10       x11       x12       x13       x14       x15       x16       x17       x18       x19       x20       x21       x22       x23       x24       x25       x26       x27       x28       x29       x30       x31       x32       x33
[2026-05-23 18:10:29.584] [debug] [New state 14]   x0        0       0       0       0       0    -100       0       0       0       0       0       0       0       0       0       0       0       0       0    -150       0       0       0       0       0       0       0       0       0       0       0       0       0       0
[2026-05-23 18:10:29.584] [debug] [New state 14]   x1      ∞       0     ∞     ∞     ∞     ∞     ∞     ∞     ∞     ∞     ∞     ∞     ∞     ∞     ∞     ∞     ∞     ∞     ∞     ∞     ∞     ∞     ∞     ∞     ∞     ∞     ∞     ∞     ∞     ∞     ∞     ∞     ∞     ∞
[2026-05-23 18:10:29.584] [debug] [New state 14]   x2      ∞     ∞       0     ∞     ∞     ∞     ∞     ∞     ∞     ∞     ∞     ∞     ∞     ∞     ∞     ∞     ∞     ∞     ∞     ∞     ∞     ∞     ∞     ∞     ∞     ∞     ∞     ∞     ∞     ∞     ∞     ∞     ∞     ∞
[2026-05-23 18:10:29.584] [debug] [New state 14]   x3      ∞     ∞     ∞       0     ∞     ∞     ∞     ∞     ∞     ∞     ∞     ∞     ∞     ∞     ∞     ∞     ∞     ∞     ∞     ∞     ∞     ∞     ∞     ∞     ∞     ∞     ∞     ∞     ∞     ∞     ∞     ∞     ∞     ∞
[2026-05-23 18:10:29.584] [debug] [New state 14]   x4      ∞     ∞     ∞     ∞       0     ∞     ∞     ∞     ∞     ∞     ∞     ∞     ∞     ∞     ∞     ∞     ∞     ∞     ∞     ∞     ∞     ∞     ∞     ∞     ∞     ∞     ∞     ∞     ∞     ∞     ∞     ∞     ∞     ∞
[2026-05-23 18:10:29.584] [debug] [New state 14]   x5      100     100     100     100     100       0     100     100     100     100     100     100     100     100     100     100     100     100     100     -50     100     100     100     100     100     100     100     100     100     100     100     100     100     100
[2026-05-23 18:10:29.584] [debug] [New state 14]   x6      ∞     ∞     ∞     ∞     ∞     ∞       0     ∞     ∞     ∞     ∞     ∞     ∞     ∞     ∞     ∞     ∞     ∞     ∞     ∞     ∞     ∞     ∞     ∞     ∞     ∞     ∞     ∞     ∞     ∞     ∞     ∞     ∞     ∞
[2026-05-23 18:10:29.584] [debug] [New state 14]   x7      ∞     ∞     ∞     ∞     ∞     ∞     ∞       0     ∞     ∞     ∞     ∞     ∞     ∞     ∞     ∞     ∞     ∞     ∞     ∞     ∞     ∞     ∞     ∞     ∞     ∞     ∞     ∞     ∞     ∞     ∞     ∞     ∞     ∞
[2026-05-23 18:10:29.584] [debug] [New state 14]   x8      ∞     ∞     ∞     ∞     ∞     ∞     ∞     ∞       0     ∞     ∞     ∞     ∞     ∞     ∞     ∞     ∞     ∞     ∞     ∞     ∞     ∞     ∞     ∞     ∞     ∞     ∞     ∞     ∞     ∞     ∞     ∞     ∞     ∞
[2026-05-23 18:10:29.584] [debug] [New state 14]   x9      ∞     ∞     ∞     ∞     ∞     ∞     ∞     ∞     ∞       0     ∞     ∞     ∞     ∞     ∞     ∞     ∞     ∞     ∞     ∞     ∞     ∞     ∞     ∞     ∞     ∞     ∞     ∞     ∞     ∞     ∞     ∞     ∞     ∞
[2026-05-23 18:10:29.584] [debug] [New state 14]   x10      ∞     ∞     ∞     ∞     ∞     ∞     ∞     ∞     ∞     ∞       0     ∞     ∞     ∞     ∞     ∞     ∞     ∞     ∞     ∞     ∞     ∞     ∞     ∞     ∞     ∞     ∞     ∞     ∞     ∞     ∞     ∞     ∞     ∞
[2026-05-23 18:10:29.584] [debug] [New state 14]   x11      ∞     ∞     ∞     ∞     ∞     ∞     ∞     ∞     ∞     ∞     ∞       0     ∞     ∞     ∞     ∞     ∞     ∞     ∞     ∞     ∞     ∞     ∞     ∞     ∞     ∞     ∞     ∞     ∞     ∞     ∞     ∞     ∞     ∞
[2026-05-23 18:10:29.584] [debug] [New state 14]   x12      ∞     ∞     ∞     ∞     ∞     ∞     ∞     ∞     ∞     ∞     ∞     ∞       0     ∞     ∞     ∞     ∞     ∞     ∞     ∞     ∞     ∞     ∞     ∞     ∞     ∞     ∞     ∞     ∞     ∞     ∞     ∞     ∞     ∞
[2026-05-23 18:10:29.584] [debug] [New state 14]   x13      ∞     ∞     ∞     ∞     ∞     ∞     ∞     ∞     ∞     ∞     ∞     ∞     ∞       0     ∞     ∞     ∞     ∞     ∞     ∞     ∞     ∞     ∞     ∞     ∞     ∞     ∞     ∞     ∞     ∞     ∞     ∞     ∞     ∞
[2026-05-23 18:10:29.584] [debug] [New state 14]   x14      ∞     ∞     ∞     ∞     ∞     ∞     ∞     ∞     ∞     ∞     ∞     ∞     ∞     ∞       0     ∞     ∞     ∞     ∞     ∞     ∞     ∞     ∞     ∞     ∞     ∞     ∞     ∞     ∞     ∞     ∞     ∞     ∞     ∞
[2026-05-23 18:10:29.584] [debug] [New state 14]   x15      ∞     ∞     ∞     ∞     ∞     ∞     ∞     ∞     ∞     ∞     ∞     ∞     ∞     ∞     ∞       0     ∞     ∞     ∞     ∞     ∞     ∞     ∞     ∞     ∞     ∞     ∞     ∞     ∞     ∞     ∞     ∞     ∞     ∞
[2026-05-23 18:10:29.584] [debug] [New state 14]   x16      ∞     ∞     ∞     ∞     ∞     ∞     ∞     ∞     ∞     ∞     ∞     ∞     ∞     ∞     ∞     ∞       0     ∞     ∞     ∞     ∞     ∞     ∞     ∞     ∞     ∞     ∞     ∞     ∞     ∞     ∞     ∞     ∞     ∞
[2026-05-23 18:10:29.584] [debug] [New state 14]   x17      ∞     ∞     ∞     ∞     ∞     ∞     ∞     ∞     ∞     ∞     ∞     ∞     ∞     ∞     ∞     ∞     ∞       0     ∞     ∞     ∞     ∞     ∞     ∞     ∞     ∞     ∞     ∞     ∞     ∞     ∞     ∞     ∞     ∞
[2026-05-23 18:10:29.584] [debug] [New state 14]   x18        0       0       0       0       0    -100       0       0       0       0       0       0       0       0       0       0       0       0       0    -150       0       0       0       0       0       0       0       0       0       0       0       0       0       0
[2026-05-23 18:10:29.584] [debug] [New state 14]   x19      150     150     150     150     150      50     150     150     150     150     150     150     150     150     150     150     150     150     150       0     150     150     150     150     150     150     150     150     150     150     150     150     150     150
[2026-05-23 18:10:29.584] [debug] [New state 14]   x20      ∞     ∞     ∞     ∞     ∞     ∞     ∞     ∞     ∞     ∞     ∞     ∞     ∞     ∞     ∞     ∞     ∞     ∞     ∞     ∞       0     ∞     ∞     ∞     ∞     ∞     ∞     ∞     ∞     ∞     ∞     ∞     ∞     ∞
[2026-05-23 18:10:29.584] [debug] [New state 14]   x21      ∞     ∞     ∞     ∞     ∞     ∞     ∞     ∞     ∞     ∞     ∞     ∞     ∞     ∞     ∞     ∞     ∞     ∞     ∞     ∞     ∞       0     ∞     ∞     ∞     ∞     ∞     ∞     ∞     ∞     ∞     ∞     ∞     ∞
[2026-05-23 18:10:29.584] [debug] [New state 14]   x22      ∞     ∞     ∞     ∞     ∞     ∞     ∞     ∞     ∞     ∞     ∞     ∞     ∞     ∞     ∞     ∞     ∞     ∞     ∞     ∞     ∞     ∞       0     ∞     ∞     ∞     ∞     ∞     ∞     ∞     ∞     ∞     ∞     ∞
[2026-05-23 18:10:29.584] [debug] [New state 14]   x23      ∞     ∞     ∞     ∞     ∞     ∞     ∞     ∞     ∞     ∞     ∞     ∞     ∞     ∞     ∞     ∞     ∞     ∞     ∞     ∞     ∞     ∞     ∞       0     ∞     ∞     ∞     ∞     ∞     ∞     ∞     ∞     ∞     ∞
[2026-05-23 18:10:29.584] [debug] [New state 14]   x24      ∞     ∞     ∞     ∞     ∞     ∞     ∞     ∞     ∞     ∞     ∞     ∞     ∞     ∞     ∞     ∞     ∞     ∞     ∞     ∞     ∞     ∞     ∞     ∞       0     ∞     ∞     ∞     ∞     ∞     ∞     ∞     ∞     ∞
[2026-05-23 18:10:29.584] [debug] [New state 14]   x25      ∞     ∞     ∞     ∞     ∞     ∞     ∞     ∞     ∞     ∞     ∞     ∞     ∞     ∞     ∞     ∞     ∞     ∞     ∞     ∞     ∞     ∞     ∞     ∞     ∞       0     ∞     ∞     ∞     ∞     ∞     ∞     ∞     ∞
[2026-05-23 18:10:29.584] [debug] [New state 14]   x26      ∞     ∞     ∞     ∞     ∞     ∞     ∞     ∞     ∞     ∞     ∞     ∞     ∞     ∞     ∞     ∞     ∞     ∞     ∞     ∞     ∞     ∞     ∞     ∞     ∞     ∞       0     ∞     ∞     ∞     ∞     ∞     ∞     ∞
[2026-05-23 18:10:29.584] [debug] [New state 14]   x27      ∞     ∞     ∞     ∞     ∞     ∞     ∞     ∞     ∞     ∞     ∞     ∞     ∞     ∞     ∞     ∞     ∞     ∞     ∞     ∞     ∞     ∞     ∞     ∞     ∞     ∞     ∞       0     ∞     ∞     ∞     ∞     ∞     ∞
[2026-05-23 18:10:29.584] [debug] [New state 14]   x28      ∞     ∞     ∞     ∞     ∞     ∞     ∞     ∞     ∞     ∞     ∞     ∞     ∞     ∞     ∞     ∞     ∞     ∞     ∞     ∞     ∞     ∞     ∞     ∞     ∞     ∞     ∞     ∞       0     ∞     ∞     ∞     ∞     ∞
[2026-05-23 18:10:29.584] [debug] [New state 14]   x29      ∞     ∞     ∞     ∞     ∞     ∞     ∞     ∞     ∞     ∞     ∞     ∞     ∞     ∞     ∞     ∞     ∞     ∞     ∞     ∞     ∞     ∞     ∞     ∞     ∞     ∞     ∞     ∞     ∞       0     ∞     ∞     ∞     ∞
[2026-05-23 18:10:29.584] [debug] [New state 14]   x30      ∞     ∞     ∞     ∞     ∞     ∞     ∞     ∞     ∞     ∞     ∞     ∞     ∞     ∞     ∞     ∞     ∞     ∞     ∞     ∞     ∞     ∞     ∞     ∞     ∞     ∞     ∞     ∞     ∞     ∞       0     ∞     ∞     ∞
[2026-05-23 18:10:29.584] [debug] [New state 14]   x31      ∞     ∞     ∞     ∞     ∞     ∞     ∞     ∞     ∞     ∞     ∞     ∞     ∞     ∞     ∞     ∞     ∞     ∞     ∞     ∞     ∞     ∞     ∞     ∞     ∞     ∞     ∞     ∞     ∞     ∞     ∞       0     ∞     ∞
[2026-05-23 18:10:29.584] [debug] [New state 14]   x32      ∞     ∞     ∞     ∞     ∞     ∞     ∞     ∞     ∞     ∞     ∞     ∞     ∞     ∞     ∞     ∞     ∞     ∞     ∞     ∞     ∞     ∞     ∞     ∞     ∞     ∞     ∞     ∞     ∞     ∞     ∞     ∞       0     ∞
[2026-05-23 18:10:29.584] [debug] [New state 14]   x33      ∞     ∞     ∞     ∞     ∞     ∞     ∞     ∞     ∞     ∞     ∞     ∞     ∞     ∞     ∞     ∞     ∞     ∞     ∞     ∞     ∞     ∞     ∞     ∞     ∞     ∞     ∞     ∞     ∞     ∞     ∞     ∞     ∞       0
[2026-05-23 18:10:29.584] [debug] [New state 14] Z2 (suspendable):
[2026-05-23 18:10:29.584] [debug] [New state 14]   DBM(size=34):
[2026-05-23 18:10:29.584] [debug] [New state 14]             x0       x1       x2       x3       x4       x5       x6       x7       x8       x9       x10       x11       x12       x13       x14       x15       x16       x17       x18       x19       x20       x21       x22       x23       x24       x25       x26       x27       x28       x29       x30       x31       x32       x33
[2026-05-23 18:10:29.584] [debug] [New state 14]   x0        0       0       0       0       0       0       0       0      -8       0       0       0       0       0       0       0       0       0       0       0       0       0       0       0       0       0       0       0       0       0       0       0       0       0
[2026-05-23 18:10:29.584] [debug] [New state 14]   x1      ∞       0     ∞     ∞     ∞     ∞     ∞     ∞     ∞     ∞     ∞     ∞     ∞     ∞     ∞     ∞     ∞     ∞     ∞     ∞     ∞     ∞     ∞     ∞     ∞     ∞     ∞     ∞     ∞     ∞     ∞     ∞     ∞     ∞
[2026-05-23 18:10:29.584] [debug] [New state 14]   x2      ∞     ∞       0     ∞     ∞     ∞     ∞     ∞     ∞     ∞     ∞     ∞     ∞     ∞     ∞     ∞     ∞     ∞     ∞     ∞     ∞     ∞     ∞     ∞     ∞     ∞     ∞     ∞     ∞     ∞     ∞     ∞     ∞     ∞
[2026-05-23 18:10:29.584] [debug] [New state 14]   x3      ∞     ∞     ∞       0     ∞     ∞     ∞     ∞     ∞     ∞     ∞     ∞     ∞     ∞     ∞     ∞     ∞     ∞     ∞     ∞     ∞     ∞     ∞     ∞     ∞     ∞     ∞     ∞     ∞     ∞     ∞     ∞     ∞     ∞
[2026-05-23 18:10:29.584] [debug] [New state 14]   x4      ∞     ∞     ∞     ∞       0     ∞     ∞     ∞     ∞     ∞     ∞     ∞     ∞     ∞     ∞     ∞     ∞     ∞     ∞     ∞     ∞     ∞     ∞     ∞     ∞     ∞     ∞     ∞     ∞     ∞     ∞     ∞     ∞     ∞
[2026-05-23 18:10:29.584] [debug] [New state 14]   x5      ∞     ∞     ∞     ∞     ∞       0     ∞     ∞     ∞     ∞     ∞     ∞     ∞     ∞     ∞     ∞     ∞     ∞     ∞     ∞     ∞     ∞     ∞     ∞     ∞     ∞     ∞     ∞     ∞     ∞     ∞     ∞     ∞     ∞
[2026-05-23 18:10:29.584] [debug] [New state 14]   x6      ∞     ∞     ∞     ∞     ∞     ∞       0     ∞     ∞     ∞     ∞     ∞     ∞     ∞     ∞     ∞     ∞     ∞     ∞     ∞     ∞     ∞     ∞     ∞     ∞     ∞     ∞     ∞     ∞     ∞     ∞     ∞     ∞     ∞
[2026-05-23 18:10:29.584] [debug] [New state 14]   x7      ∞     ∞     ∞     ∞     ∞     ∞     ∞       0     ∞     ∞     ∞     ∞     ∞     ∞     ∞     ∞     ∞     ∞     ∞     ∞     ∞     ∞     ∞     ∞     ∞     ∞     ∞     ∞     ∞     ∞     ∞     ∞     ∞     ∞
[2026-05-23 18:10:29.584] [debug] [New state 14]   x8        8       8       8       8       8       8       8       8       0       8       8       8       8       8       8       8       8       8       8       8       8       8       8       8       8       8       8       8       8       8       8       8       8       8
[2026-05-23 18:10:29.584] [debug] [New state 14]   x9      ∞     ∞     ∞     ∞     ∞     ∞     ∞     ∞     ∞       0     ∞     ∞     ∞     ∞     ∞     ∞     ∞     ∞     ∞     ∞     ∞     ∞     ∞     ∞     ∞     ∞     ∞     ∞     ∞     ∞     ∞     ∞     ∞     ∞
[2026-05-23 18:10:29.584] [debug] [New state 14]   x10      ∞     ∞     ∞     ∞     ∞     ∞     ∞     ∞     ∞     ∞       0     ∞     ∞     ∞     ∞     ∞     ∞     ∞     ∞     ∞     ∞     ∞     ∞     ∞     ∞     ∞     ∞     ∞     ∞     ∞     ∞     ∞     ∞     ∞
[2026-05-23 18:10:29.584] [debug] [New state 14]   x11      ∞     ∞     ∞     ∞     ∞     ∞     ∞     ∞     ∞     ∞     ∞       0     ∞     ∞     ∞     ∞     ∞     ∞     ∞     ∞     ∞     ∞     ∞     ∞     ∞     ∞     ∞     ∞     ∞     ∞     ∞     ∞     ∞     ∞
[2026-05-23 18:10:29.584] [debug] [New state 14]   x12      ∞     ∞     ∞     ∞     ∞     ∞     ∞     ∞     ∞     ∞     ∞     ∞       0     ∞     ∞     ∞     ∞     ∞     ∞     ∞     ∞     ∞     ∞     ∞     ∞     ∞     ∞     ∞     ∞     ∞     ∞     ∞     ∞     ∞
[2026-05-23 18:10:29.584] [debug] [New state 14]   x13      ∞     ∞     ∞     ∞     ∞     ∞     ∞     ∞     ∞     ∞     ∞     ∞     ∞       0     ∞     ∞     ∞     ∞     ∞     ∞     ∞     ∞     ∞     ∞     ∞     ∞     ∞     ∞     ∞     ∞     ∞     ∞     ∞     ∞
[2026-05-23 18:10:29.584] [debug] [New state 14]   x14      ∞     ∞     ∞     ∞     ∞     ∞     ∞     ∞     ∞     ∞     ∞     ∞     ∞     ∞       0     ∞     ∞     ∞     ∞     ∞     ∞     ∞     ∞     ∞     ∞     ∞     ∞     ∞     ∞     ∞     ∞     ∞     ∞     ∞
[2026-05-23 18:10:29.584] [debug] [New state 14]   x15      ∞     ∞     ∞     ∞     ∞     ∞     ∞     ∞     ∞     ∞     ∞     ∞     ∞     ∞     ∞       0     ∞     ∞     ∞     ∞     ∞     ∞     ∞     ∞     ∞     ∞     ∞     ∞     ∞     ∞     ∞     ∞     ∞     ∞
[2026-05-23 18:10:29.584] [debug] [New state 14]   x16      ∞     ∞     ∞     ∞     ∞     ∞     ∞     ∞     ∞     ∞     ∞     ∞     ∞     ∞     ∞     ∞       0     ∞     ∞     ∞     ∞     ∞     ∞     ∞     ∞     ∞     ∞     ∞     ∞     ∞     ∞     ∞     ∞     ∞
[2026-05-23 18:10:29.584] [debug] [New state 14]   x17      ∞     ∞     ∞     ∞     ∞     ∞     ∞     ∞     ∞     ∞     ∞     ∞     ∞     ∞     ∞     ∞     ∞       0     ∞     ∞     ∞     ∞     ∞     ∞     ∞     ∞     ∞     ∞     ∞     ∞     ∞     ∞     ∞     ∞
[2026-05-23 18:10:29.584] [debug] [New state 14]   x18      ∞     ∞     ∞     ∞     ∞     ∞     ∞     ∞     ∞     ∞     ∞     ∞     ∞     ∞     ∞     ∞     ∞     ∞       0     ∞     ∞     ∞     ∞     ∞     ∞     ∞     ∞     ∞     ∞     ∞     ∞     ∞     ∞     ∞
[2026-05-23 18:10:29.584] [debug] [New state 14]   x19      ∞     ∞     ∞     ∞     ∞     ∞     ∞     ∞     ∞     ∞     ∞     ∞     ∞     ∞     ∞     ∞     ∞     ∞     ∞       0     ∞     ∞     ∞     ∞     ∞     ∞     ∞     ∞     ∞     ∞     ∞     ∞     ∞     ∞
[2026-05-23 18:10:29.584] [debug] [New state 14]   x20      ∞     ∞     ∞     ∞     ∞     ∞     ∞     ∞     ∞     ∞     ∞     ∞     ∞     ∞     ∞     ∞     ∞     ∞     ∞     ∞       0     ∞     ∞     ∞     ∞     ∞     ∞     ∞     ∞     ∞     ∞     ∞     ∞     ∞
[2026-05-23 18:10:29.584] [debug] [New state 14]   x21      ∞     ∞     ∞     ∞     ∞     ∞     ∞     ∞     ∞     ∞     ∞     ∞     ∞     ∞     ∞     ∞     ∞     ∞     ∞     ∞     ∞       0     ∞     ∞     ∞     ∞     ∞     ∞     ∞     ∞     ∞     ∞     ∞     ∞
[2026-05-23 18:10:29.584] [debug] [New state 14]   x22      ∞     ∞     ∞     ∞     ∞     ∞     ∞     ∞     ∞     ∞     ∞     ∞     ∞     ∞     ∞     ∞     ∞     ∞     ∞     ∞     ∞     ∞       0     ∞     ∞     ∞     ∞     ∞     ∞     ∞     ∞     ∞     ∞     ∞
[2026-05-23 18:10:29.584] [debug] [New state 14]   x23      ∞     ∞     ∞     ∞     ∞     ∞     ∞     ∞     ∞     ∞     ∞     ∞     ∞     ∞     ∞     ∞     ∞     ∞     ∞     ∞     ∞     ∞     ∞       0     ∞     ∞     ∞     ∞     ∞     ∞     ∞     ∞     ∞     ∞
[2026-05-23 18:10:29.584] [debug] [New state 14]   x24      ∞     ∞     ∞     ∞     ∞     ∞     ∞     ∞     ∞     ∞     ∞     ∞     ∞     ∞     ∞     ∞     ∞     ∞     ∞     ∞     ∞     ∞     ∞     ∞       0     ∞     ∞     ∞     ∞     ∞     ∞     ∞     ∞     ∞
[2026-05-23 18:10:29.584] [debug] [New state 14]   x25      ∞     ∞     ∞     ∞     ∞     ∞     ∞     ∞     ∞     ∞     ∞     ∞     ∞     ∞     ∞     ∞     ∞     ∞     ∞     ∞     ∞     ∞     ∞     ∞     ∞       0     ∞     ∞     ∞     ∞     ∞     ∞     ∞     ∞
[2026-05-23 18:10:29.584] [debug] [New state 14]   x26      ∞     ∞     ∞     ∞     ∞     ∞     ∞     ∞     ∞     ∞     ∞     ∞     ∞     ∞     ∞     ∞     ∞     ∞     ∞     ∞     ∞     ∞     ∞     ∞     ∞     ∞       0     ∞     ∞     ∞     ∞     ∞     ∞     ∞
[2026-05-23 18:10:29.584] [debug] [New state 14]   x27      ∞     ∞     ∞     ∞     ∞     ∞     ∞     ∞     ∞     ∞     ∞     ∞     ∞     ∞     ∞     ∞     ∞     ∞     ∞     ∞     ∞     ∞     ∞     ∞     ∞     ∞     ∞       0     ∞     ∞     ∞     ∞     ∞     ∞
[2026-05-23 18:10:29.584] [debug] [New state 14]   x28      ∞     ∞     ∞     ∞     ∞     ∞     ∞     ∞     ∞     ∞     ∞     ∞     ∞     ∞     ∞     ∞     ∞     ∞     ∞     ∞     ∞     ∞     ∞     ∞     ∞     ∞     ∞     ∞       0     ∞     ∞     ∞     ∞     ∞
[2026-05-23 18:10:29.584] [debug] [New state 14]   x29      ∞     ∞     ∞     ∞     ∞     ∞     ∞     ∞     ∞     ∞     ∞     ∞     ∞     ∞     ∞     ∞     ∞     ∞     ∞     ∞     ∞     ∞     ∞     ∞     ∞     ∞     ∞     ∞     ∞       0     ∞     ∞     ∞     ∞
[2026-05-23 18:10:29.584] [debug] [New state 14]   x30      ∞     ∞     ∞     ∞     ∞     ∞     ∞     ∞     ∞     ∞     ∞     ∞     ∞     ∞     ∞     ∞     ∞     ∞     ∞     ∞     ∞     ∞     ∞     ∞     ∞     ∞     ∞     ∞     ∞     ∞       0     ∞     ∞     ∞
[2026-05-23 18:10:29.584] [debug] [New state 14]   x31      ∞     ∞     ∞     ∞     ∞     ∞     ∞     ∞     ∞     ∞     ∞     ∞     ∞     ∞     ∞     ∞     ∞     ∞     ∞     ∞     ∞     ∞     ∞     ∞     ∞     ∞     ∞     ∞     ∞     ∞     ∞       0     ∞     ∞
[2026-05-23 18:10:29.584] [debug] [New state 14]   x32      ∞     ∞     ∞     ∞     ∞     ∞     ∞     ∞     ∞     ∞     ∞     ∞     ∞     ∞     ∞     ∞     ∞     ∞     ∞     ∞     ∞     ∞     ∞     ∞     ∞     ∞     ∞     ∞     ∞     ∞     ∞     ∞       0     ∞
[2026-05-23 18:10:29.584] [debug] [New state 14]   x33      ∞     ∞     ∞     ∞     ∞     ∞     ∞     ∞     ∞     ∞     ∞     ∞     ∞     ∞     ∞     ∞     ∞     ∞     ∞     ∞     ∞     ∞     ∞     ∞     ∞     ∞     ∞     ∞     ∞     ∞     ∞     ∞     ∞       0
[2026-05-23 18:10:29.584] [debug] [New state 14] ==========================================
[2026-05-23 18:10:29.584] [debug] [STATE] State 4 --T17@200--> candidate
[2026-05-23 18:10:29.584] [debug] [STATE]   [New] Add state 15 to graph and frontier
[2026-05-23 18:10:29.584] [debug] [New state 15] ========== State Class Details: ID=15 ==========
[2026-05-23 18:10:29.584] [debug] [New state 15] Places: [P0(Fentry)=0, P1(Fready)=0, P2(Fexit)=0, P3(Eentry)=0, P4(Eready)=0, P5(Eexit)=0, P6(Aentry)=1, P7(Aready)=0, P8(Aexit)=0, P9(Dentry)=1, P10(Dready)=0, P11(Dexit)=0, P12(Centry)=0, P13(Cready)=0, P14(Cexit)=0, P15(Bentry)=0, P16(Bready)=0, P17(Bexit)=0, P18(A_cfg_random)=1, P19(D_cfg_random)=1, P20(E_suspended_C_0)=0, P21(D_suspended_C_1)=0, P22(D_suspended_E_2)=0, P23(A_suspended_B_3)=0, P24(F_suspended_B_4)=0, P25(F_suspended_A_5)=0, P26(core0)=1, P27(core1)=1]
[2026-05-23 18:10:29.584] [debug] [New state 15] Enabled: T4(Aget_core, priority=97, core=0), T6(Dget_core, priority=97, core=1), T17(A_cfg_fire, priority=2147483647, core=-1), T18(D_cfg_fire, priority=2147483647, core=-1)
[2026-05-23 18:10:29.584] [debug] [New state 15] Cumulative time: 200
[2026-05-23 18:10:29.584] [debug] [New state 15] Z1 (non-suspendable):
[2026-05-23 18:10:29.584] [debug] [New state 15]   DBM(size=34):
[2026-05-23 18:10:29.584] [debug] [New state 15]             x0       x1       x2       x3       x4       x5       x6       x7       x8       x9       x10       x11       x12       x13       x14       x15       x16       x17       x18       x19       x20       x21       x22       x23       x24       x25       x26       x27       x28       x29       x30       x31       x32       x33
[2026-05-23 18:10:29.584] [debug] [New state 15]   x0        0       0       0       0       0    -200       0    -200       0       0       0       0       0       0       0       0       0       0       0    -250       0       0       0       0       0       0       0       0       0       0       0       0       0       0
[2026-05-23 18:10:29.584] [debug] [New state 15]   x1      ∞       0     ∞     ∞     ∞     ∞     ∞     ∞     ∞     ∞     ∞     ∞     ∞     ∞     ∞     ∞     ∞     ∞     ∞     ∞     ∞     ∞     ∞     ∞     ∞     ∞     ∞     ∞     ∞     ∞     ∞     ∞     ∞     ∞
[2026-05-23 18:10:29.584] [debug] [New state 15]   x2      ∞     ∞       0     ∞     ∞     ∞     ∞     ∞     ∞     ∞     ∞     ∞     ∞     ∞     ∞     ∞     ∞     ∞     ∞     ∞     ∞     ∞     ∞     ∞     ∞     ∞     ∞     ∞     ∞     ∞     ∞     ∞     ∞     ∞
[2026-05-23 18:10:29.584] [debug] [New state 15]   x3      ∞     ∞     ∞       0     ∞     ∞     ∞     ∞     ∞     ∞     ∞     ∞     ∞     ∞     ∞     ∞     ∞     ∞     ∞     ∞     ∞     ∞     ∞     ∞     ∞     ∞     ∞     ∞     ∞     ∞     ∞     ∞     ∞     ∞
[2026-05-23 18:10:29.584] [debug] [New state 15]   x4      ∞     ∞     ∞     ∞       0     ∞     ∞     ∞     ∞     ∞     ∞     ∞     ∞     ∞     ∞     ∞     ∞     ∞     ∞     ∞     ∞     ∞     ∞     ∞     ∞     ∞     ∞     ∞     ∞     ∞     ∞     ∞     ∞     ∞
[2026-05-23 18:10:29.584] [debug] [New state 15]   x5      200     200     200     200     200       0     200       0     200     200     200     200     200     200     200     200     200     200     200     -50     200     200     200     200     200     200     200     200     200     200     200     200     200     200
[2026-05-23 18:10:29.584] [debug] [New state 15]   x6      ∞     ∞     ∞     ∞     ∞     ∞       0     ∞     ∞     ∞     ∞     ∞     ∞     ∞     ∞     ∞     ∞     ∞     ∞     ∞     ∞     ∞     ∞     ∞     ∞     ∞     ∞     ∞     ∞     ∞     ∞     ∞     ∞     ∞
[2026-05-23 18:10:29.584] [debug] [New state 15]   x7      200     200     200     200     200       0     200       0     200     200     200     200     200     200     200     200     200     200     200     -50     200     200     200     200     200     200     200     200     200     200     200     200     200     200
[2026-05-23 18:10:29.584] [debug] [New state 15]   x8      ∞     ∞     ∞     ∞     ∞     ∞     ∞     ∞       0     ∞     ∞     ∞     ∞     ∞     ∞     ∞     ∞     ∞     ∞     ∞     ∞     ∞     ∞     ∞     ∞     ∞     ∞     ∞     ∞     ∞     ∞     ∞     ∞     ∞
[2026-05-23 18:10:29.584] [debug] [New state 15]   x9      ∞     ∞     ∞     ∞     ∞     ∞     ∞     ∞     ∞       0     ∞     ∞     ∞     ∞     ∞     ∞     ∞     ∞     ∞     ∞     ∞     ∞     ∞     ∞     ∞     ∞     ∞     ∞     ∞     ∞     ∞     ∞     ∞     ∞
[2026-05-23 18:10:29.584] [debug] [New state 15]   x10      ∞     ∞     ∞     ∞     ∞     ∞     ∞     ∞     ∞     ∞       0     ∞     ∞     ∞     ∞     ∞     ∞     ∞     ∞     ∞     ∞     ∞     ∞     ∞     ∞     ∞     ∞     ∞     ∞     ∞     ∞     ∞     ∞     ∞
[2026-05-23 18:10:29.584] [debug] [New state 15]   x11      ∞     ∞     ∞     ∞     ∞     ∞     ∞     ∞     ∞     ∞     ∞       0     ∞     ∞     ∞     ∞     ∞     ∞     ∞     ∞     ∞     ∞     ∞     ∞     ∞     ∞     ∞     ∞     ∞     ∞     ∞     ∞     ∞     ∞
[2026-05-23 18:10:29.585] [debug] [New state 15]   x12      ∞     ∞     ∞     ∞     ∞     ∞     ∞     ∞     ∞     ∞     ∞     ∞       0     ∞     ∞     ∞     ∞     ∞     ∞     ∞     ∞     ∞     ∞     ∞     ∞     ∞     ∞     ∞     ∞     ∞     ∞     ∞     ∞     ∞
[2026-05-23 18:10:29.585] [debug] [New state 15]   x13      ∞     ∞     ∞     ∞     ∞     ∞     ∞     ∞     ∞     ∞     ∞     ∞     ∞       0     ∞     ∞     ∞     ∞     ∞     ∞     ∞     ∞     ∞     ∞     ∞     ∞     ∞     ∞     ∞     ∞     ∞     ∞     ∞     ∞
[2026-05-23 18:10:29.585] [debug] [New state 15]   x14      ∞     ∞     ∞     ∞     ∞     ∞     ∞     ∞     ∞     ∞     ∞     ∞     ∞     ∞       0     ∞     ∞     ∞     ∞     ∞     ∞     ∞     ∞     ∞     ∞     ∞     ∞     ∞     ∞     ∞     ∞     ∞     ∞     ∞
[2026-05-23 18:10:29.585] [debug] [New state 15]   x15      ∞     ∞     ∞     ∞     ∞     ∞     ∞     ∞     ∞     ∞     ∞     ∞     ∞     ∞     ∞       0     ∞     ∞     ∞     ∞     ∞     ∞     ∞     ∞     ∞     ∞     ∞     ∞     ∞     ∞     ∞     ∞     ∞     ∞
[2026-05-23 18:10:29.585] [debug] [New state 15]   x16      ∞     ∞     ∞     ∞     ∞     ∞     ∞     ∞     ∞     ∞     ∞     ∞     ∞     ∞     ∞     ∞       0     ∞     ∞     ∞     ∞     ∞     ∞     ∞     ∞     ∞     ∞     ∞     ∞     ∞     ∞     ∞     ∞     ∞
[2026-05-23 18:10:29.585] [debug] [New state 15]   x17      ∞     ∞     ∞     ∞     ∞     ∞     ∞     ∞     ∞     ∞     ∞     ∞     ∞     ∞     ∞     ∞     ∞       0     ∞     ∞     ∞     ∞     ∞     ∞     ∞     ∞     ∞     ∞     ∞     ∞     ∞     ∞     ∞     ∞
[2026-05-23 18:10:29.585] [debug] [New state 15]   x18        0       0       0       0       0    -200       0    -200       0       0       0       0       0       0       0       0       0       0       0    -250       0       0       0       0       0       0       0       0       0       0       0       0       0       0
[2026-05-23 18:10:29.585] [debug] [New state 15]   x19      250     250     250     250     250      50     250      50     250     250     250     250     250     250     250     250     250     250     250       0     250     250     250     250     250     250     250     250     250     250     250     250     250     250
[2026-05-23 18:10:29.585] [debug] [New state 15]   x20      ∞     ∞     ∞     ∞     ∞     ∞     ∞     ∞     ∞     ∞     ∞     ∞     ∞     ∞     ∞     ∞     ∞     ∞     ∞     ∞       0     ∞     ∞     ∞     ∞     ∞     ∞     ∞     ∞     ∞     ∞     ∞     ∞     ∞
[2026-05-23 18:10:29.585] [debug] [New state 15]   x21      ∞     ∞     ∞     ∞     ∞     ∞     ∞     ∞     ∞     ∞     ∞     ∞     ∞     ∞     ∞     ∞     ∞     ∞     ∞     ∞     ∞       0     ∞     ∞     ∞     ∞     ∞     ∞     ∞     ∞     ∞     ∞     ∞     ∞
[2026-05-23 18:10:29.585] [debug] [New state 15]   x22      ∞     ∞     ∞     ∞     ∞     ∞     ∞     ∞     ∞     ∞     ∞     ∞     ∞     ∞     ∞     ∞     ∞     ∞     ∞     ∞     ∞     ∞       0     ∞     ∞     ∞     ∞     ∞     ∞     ∞     ∞     ∞     ∞     ∞
[2026-05-23 18:10:29.585] [debug] [New state 15]   x23      ∞     ∞     ∞     ∞     ∞     ∞     ∞     ∞     ∞     ∞     ∞     ∞     ∞     ∞     ∞     ∞     ∞     ∞     ∞     ∞     ∞     ∞     ∞       0     ∞     ∞     ∞     ∞     ∞     ∞     ∞     ∞     ∞     ∞
[2026-05-23 18:10:29.585] [debug] [New state 15]   x24      ∞     ∞     ∞     ∞     ∞     ∞     ∞     ∞     ∞     ∞     ∞     ∞     ∞     ∞     ∞     ∞     ∞     ∞     ∞     ∞     ∞     ∞     ∞     ∞       0     ∞     ∞     ∞     ∞     ∞     ∞     ∞     ∞     ∞
[2026-05-23 18:10:29.585] [debug] [New state 15]   x25      ∞     ∞     ∞     ∞     ∞     ∞     ∞     ∞     ∞     ∞     ∞     ∞     ∞     ∞     ∞     ∞     ∞     ∞     ∞     ∞     ∞     ∞     ∞     ∞     ∞       0     ∞     ∞     ∞     ∞     ∞     ∞     ∞     ∞
[2026-05-23 18:10:29.585] [debug] [New state 15]   x26      ∞     ∞     ∞     ∞     ∞     ∞     ∞     ∞     ∞     ∞     ∞     ∞     ∞     ∞     ∞     ∞     ∞     ∞     ∞     ∞     ∞     ∞     ∞     ∞     ∞     ∞       0     ∞     ∞     ∞     ∞     ∞     ∞     ∞
[2026-05-23 18:10:29.585] [debug] [New state 15]   x27      ∞     ∞     ∞     ∞     ∞     ∞     ∞     ∞     ∞     ∞     ∞     ∞     ∞     ∞     ∞     ∞     ∞     ∞     ∞     ∞     ∞     ∞     ∞     ∞     ∞     ∞     ∞       0     ∞     ∞     ∞     ∞     ∞     ∞
[2026-05-23 18:10:29.585] [debug] [New state 15]   x28      ∞     ∞     ∞     ∞     ∞     ∞     ∞     ∞     ∞     ∞     ∞     ∞     ∞     ∞     ∞     ∞     ∞     ∞     ∞     ∞     ∞     ∞     ∞     ∞     ∞     ∞     ∞     ∞       0     ∞     ∞     ∞     ∞     ∞
[2026-05-23 18:10:29.585] [debug] [New state 15]   x29      ∞     ∞     ∞     ∞     ∞     ∞     ∞     ∞     ∞     ∞     ∞     ∞     ∞     ∞     ∞     ∞     ∞     ∞     ∞     ∞     ∞     ∞     ∞     ∞     ∞     ∞     ∞     ∞     ∞       0     ∞     ∞     ∞     ∞
[2026-05-23 18:10:29.585] [debug] [New state 15]   x30      ∞     ∞     ∞     ∞     ∞     ∞     ∞     ∞     ∞     ∞     ∞     ∞     ∞     ∞     ∞     ∞     ∞     ∞     ∞     ∞     ∞     ∞     ∞     ∞     ∞     ∞     ∞     ∞     ∞     ∞       0     ∞     ∞     ∞
[2026-05-23 18:10:29.585] [debug] [New state 15]   x31      ∞     ∞     ∞     ∞     ∞     ∞     ∞     ∞     ∞     ∞     ∞     ∞     ∞     ∞     ∞     ∞     ∞     ∞     ∞     ∞     ∞     ∞     ∞     ∞     ∞     ∞     ∞     ∞     ∞     ∞     ∞       0     ∞     ∞
[2026-05-23 18:10:29.585] [debug] [New state 15]   x32      ∞     ∞     ∞     ∞     ∞     ∞     ∞     ∞     ∞     ∞     ∞     ∞     ∞     ∞     ∞     ∞     ∞     ∞     ∞     ∞     ∞     ∞     ∞     ∞     ∞     ∞     ∞     ∞     ∞     ∞     ∞     ∞       0     ∞
[2026-05-23 18:10:29.585] [debug] [New state 15]   x33      ∞     ∞     ∞     ∞     ∞     ∞     ∞     ∞     ∞     ∞     ∞     ∞     ∞     ∞     ∞     ∞     ∞     ∞     ∞     ∞     ∞     ∞     ∞     ∞     ∞     ∞     ∞     ∞     ∞     ∞     ∞     ∞     ∞       0
[2026-05-23 18:10:29.585] [debug] [New state 15] Z2 (suspendable):
[2026-05-23 18:10:29.585] [debug] [New state 15]   DBM(size=34):
[2026-05-23 18:10:29.585] [debug] [New state 15]             x0       x1       x2       x3       x4       x5       x6       x7       x8       x9       x10       x11       x12       x13       x14       x15       x16       x17       x18       x19       x20       x21       x22       x23       x24       x25       x26       x27       x28       x29       x30       x31       x32       x33
[2026-05-23 18:10:29.585] [debug] [New state 15]   x0        0       0       0       0       0       0       0       0       0       0       0       0       0       0       0       0       0       0       0       0       0       0       0       0       0       0       0       0       0       0       0       0       0       0
[2026-05-23 18:10:29.585] [debug] [New state 15]   x1      ∞       0     ∞     ∞     ∞     ∞     ∞     ∞     ∞     ∞     ∞     ∞     ∞     ∞     ∞     ∞     ∞     ∞     ∞     ∞     ∞     ∞     ∞     ∞     ∞     ∞     ∞     ∞     ∞     ∞     ∞     ∞     ∞     ∞
[2026-05-23 18:10:29.585] [debug] [New state 15]   x2      ∞     ∞       0     ∞     ∞     ∞     ∞     ∞     ∞     ∞     ∞     ∞     ∞     ∞     ∞     ∞     ∞     ∞     ∞     ∞     ∞     ∞     ∞     ∞     ∞     ∞     ∞     ∞     ∞     ∞     ∞     ∞     ∞     ∞
[2026-05-23 18:10:29.585] [debug] [New state 15]   x3      ∞     ∞     ∞       0     ∞     ∞     ∞     ∞     ∞     ∞     ∞     ∞     ∞     ∞     ∞     ∞     ∞     ∞     ∞     ∞     ∞     ∞     ∞     ∞     ∞     ∞     ∞     ∞     ∞     ∞     ∞     ∞     ∞     ∞
[2026-05-23 18:10:29.585] [debug] [New state 15]   x4      ∞     ∞     ∞     ∞       0     ∞     ∞     ∞     ∞     ∞     ∞     ∞     ∞     ∞     ∞     ∞     ∞     ∞     ∞     ∞     ∞     ∞     ∞     ∞     ∞     ∞     ∞     ∞     ∞     ∞     ∞     ∞     ∞     ∞
[2026-05-23 18:10:29.585] [debug] [New state 15]   x5      ∞     ∞     ∞     ∞     ∞       0     ∞     ∞     ∞     ∞     ∞     ∞     ∞     ∞     ∞     ∞     ∞     ∞     ∞     ∞     ∞     ∞     ∞     ∞     ∞     ∞     ∞     ∞     ∞     ∞     ∞     ∞     ∞     ∞
[2026-05-23 18:10:29.585] [debug] [New state 15]   x6      ∞     ∞     ∞     ∞     ∞     ∞       0     ∞     ∞     ∞     ∞     ∞     ∞     ∞     ∞     ∞     ∞     ∞     ∞     ∞     ∞     ∞     ∞     ∞     ∞     ∞     ∞     ∞     ∞     ∞     ∞     ∞     ∞     ∞
[2026-05-23 18:10:29.585] [debug] [New state 15]   x7      ∞     ∞     ∞     ∞     ∞     ∞     ∞       0     ∞     ∞     ∞     ∞     ∞     ∞     ∞     ∞     ∞     ∞     ∞     ∞     ∞     ∞     ∞     ∞     ∞     ∞     ∞     ∞     ∞     ∞     ∞     ∞     ∞     ∞
[2026-05-23 18:10:29.585] [debug] [New state 15]   x8      ∞     ∞     ∞     ∞     ∞     ∞     ∞     ∞       0     ∞     ∞     ∞     ∞     ∞     ∞     ∞     ∞     ∞     ∞     ∞     ∞     ∞     ∞     ∞     ∞     ∞     ∞     ∞     ∞     ∞     ∞     ∞     ∞     ∞
[2026-05-23 18:10:29.585] [debug] [New state 15]   x9      ∞     ∞     ∞     ∞     ∞     ∞     ∞     ∞     ∞       0     ∞     ∞     ∞     ∞     ∞     ∞     ∞     ∞     ∞     ∞     ∞     ∞     ∞     ∞     ∞     ∞     ∞     ∞     ∞     ∞     ∞     ∞     ∞     ∞
[2026-05-23 18:10:29.585] [debug] [New state 15]   x10      ∞     ∞     ∞     ∞     ∞     ∞     ∞     ∞     ∞     ∞       0     ∞     ∞     ∞     ∞     ∞     ∞     ∞     ∞     ∞     ∞     ∞     ∞     ∞     ∞     ∞     ∞     ∞     ∞     ∞     ∞     ∞     ∞     ∞
[2026-05-23 18:10:29.585] [debug] [New state 15]   x11      ∞     ∞     ∞     ∞     ∞     ∞     ∞     ∞     ∞     ∞     ∞       0     ∞     ∞     ∞     ∞     ∞     ∞     ∞     ∞     ∞     ∞     ∞     ∞     ∞     ∞     ∞     ∞     ∞     ∞     ∞     ∞     ∞     ∞
[2026-05-23 18:10:29.585] [debug] [New state 15]   x12      ∞     ∞     ∞     ∞     ∞     ∞     ∞     ∞     ∞     ∞     ∞     ∞       0     ∞     ∞     ∞     ∞     ∞     ∞     ∞     ∞     ∞     ∞     ∞     ∞     ∞     ∞     ∞     ∞     ∞     ∞     ∞     ∞     ∞
[2026-05-23 18:10:29.585] [debug] [New state 15]   x13      ∞     ∞     ∞     ∞     ∞     ∞     ∞     ∞     ∞     ∞     ∞     ∞     ∞       0     ∞     ∞     ∞     ∞     ∞     ∞     ∞     ∞     ∞     ∞     ∞     ∞     ∞     ∞     ∞     ∞     ∞     ∞     ∞     ∞
[2026-05-23 18:10:29.585] [debug] [New state 15]   x14      ∞     ∞     ∞     ∞     ∞     ∞     ∞     ∞     ∞     ∞     ∞     ∞     ∞     ∞       0     ∞     ∞     ∞     ∞     ∞     ∞     ∞     ∞     ∞     ∞     ∞     ∞     ∞     ∞     ∞     ∞     ∞     ∞     ∞
[2026-05-23 18:10:29.585] [debug] [New state 15]   x15      ∞     ∞     ∞     ∞     ∞     ∞     ∞     ∞     ∞     ∞     ∞     ∞     ∞     ∞     ∞       0     ∞     ∞     ∞     ∞     ∞     ∞     ∞     ∞     ∞     ∞     ∞     ∞     ∞     ∞     ∞     ∞     ∞     ∞
[2026-05-23 18:10:29.585] [debug] [New state 15]   x16      ∞     ∞     ∞     ∞     ∞     ∞     ∞     ∞     ∞     ∞     ∞     ∞     ∞     ∞     ∞     ∞       0     ∞     ∞     ∞     ∞     ∞     ∞     ∞     ∞     ∞     ∞     ∞     ∞     ∞     ∞     ∞     ∞     ∞
[2026-05-23 18:10:29.585] [debug] [New state 15]   x17      ∞     ∞     ∞     ∞     ∞     ∞     ∞     ∞     ∞     ∞     ∞     ∞     ∞     ∞     ∞     ∞     ∞       0     ∞     ∞     ∞     ∞     ∞     ∞     ∞     ∞     ∞     ∞     ∞     ∞     ∞     ∞     ∞     ∞
[2026-05-23 18:10:29.585] [debug] [New state 15]   x18      ∞     ∞     ∞     ∞     ∞     ∞     ∞     ∞     ∞     ∞     ∞     ∞     ∞     ∞     ∞     ∞     ∞     ∞       0     ∞     ∞     ∞     ∞     ∞     ∞     ∞     ∞     ∞     ∞     ∞     ∞     ∞     ∞     ∞
[2026-05-23 18:10:29.585] [debug] [New state 15]   x19      ∞     ∞     ∞     ∞     ∞     ∞     ∞     ∞     ∞     ∞     ∞     ∞     ∞     ∞     ∞     ∞     ∞     ∞     ∞       0     ∞     ∞     ∞     ∞     ∞     ∞     ∞     ∞     ∞     ∞     ∞     ∞     ∞     ∞
[2026-05-23 18:10:29.585] [debug] [New state 15]   x20      ∞     ∞     ∞     ∞     ∞     ∞     ∞     ∞     ∞     ∞     ∞     ∞     ∞     ∞     ∞     ∞     ∞     ∞     ∞     ∞       0     ∞     ∞     ∞     ∞     ∞     ∞     ∞     ∞     ∞     ∞     ∞     ∞     ∞
[2026-05-23 18:10:29.585] [debug] [New state 15]   x21      ∞     ∞     ∞     ∞     ∞     ∞     ∞     ∞     ∞     ∞     ∞     ∞     ∞     ∞     ∞     ∞     ∞     ∞     ∞     ∞     ∞       0     ∞     ∞     ∞     ∞     ∞     ∞     ∞     ∞     ∞     ∞     ∞     ∞
[2026-05-23 18:10:29.585] [debug] [New state 15]   x22      ∞     ∞     ∞     ∞     ∞     ∞     ∞     ∞     ∞     ∞     ∞     ∞     ∞     ∞     ∞     ∞     ∞     ∞     ∞     ∞     ∞     ∞       0     ∞     ∞     ∞     ∞     ∞     ∞     ∞     ∞     ∞     ∞     ∞
[2026-05-23 18:10:29.585] [debug] [New state 15]   x23      ∞     ∞     ∞     ∞     ∞     ∞     ∞     ∞     ∞     ∞     ∞     ∞     ∞     ∞     ∞     ∞     ∞     ∞     ∞     ∞     ∞     ∞     ∞       0     ∞     ∞     ∞     ∞     ∞     ∞     ∞     ∞     ∞     ∞
[2026-05-23 18:10:29.585] [debug] [New state 15]   x24      ∞     ∞     ∞     ∞     ∞     ∞     ∞     ∞     ∞     ∞     ∞     ∞     ∞     ∞     ∞     ∞     ∞     ∞     ∞     ∞     ∞     ∞     ∞     ∞       0     ∞     ∞     ∞     ∞     ∞     ∞     ∞     ∞     ∞
[2026-05-23 18:10:29.585] [debug] [New state 15]   x25      ∞     ∞     ∞     ∞     ∞     ∞     ∞     ∞     ∞     ∞     ∞     ∞     ∞     ∞     ∞     ∞     ∞     ∞     ∞     ∞     ∞     ∞     ∞     ∞     ∞       0     ∞     ∞     ∞     ∞     ∞     ∞     ∞     ∞
[2026-05-23 18:10:29.585] [debug] [New state 15]   x26      ∞     ∞     ∞     ∞     ∞     ∞     ∞     ∞     ∞     ∞     ∞     ∞     ∞     ∞     ∞     ∞     ∞     ∞     ∞     ∞     ∞     ∞     ∞     ∞     ∞     ∞       0     ∞     ∞     ∞     ∞     ∞     ∞     ∞
[2026-05-23 18:10:29.585] [debug] [New state 15]   x27      ∞     ∞     ∞     ∞     ∞     ∞     ∞     ∞     ∞     ∞     ∞     ∞     ∞     ∞     ∞     ∞     ∞     ∞     ∞     ∞     ∞     ∞     ∞     ∞     ∞     ∞     ∞       0     ∞     ∞     ∞     ∞     ∞     ∞
[2026-05-23 18:10:29.585] [debug] [New state 15]   x28      ∞     ∞     ∞     ∞     ∞     ∞     ∞     ∞     ∞     ∞     ∞     ∞     ∞     ∞     ∞     ∞     ∞     ∞     ∞     ∞     ∞     ∞     ∞     ∞     ∞     ∞     ∞     ∞       0     ∞     ∞     ∞     ∞     ∞
[2026-05-23 18:10:29.585] [debug] [New state 15]   x29      ∞     ∞     ∞     ∞     ∞     ∞     ∞     ∞     ∞     ∞     ∞     ∞     ∞     ∞     ∞     ∞     ∞     ∞     ∞     ∞     ∞     ∞     ∞     ∞     ∞     ∞     ∞     ∞     ∞       0     ∞     ∞     ∞     ∞
[2026-05-23 18:10:29.585] [debug] [New state 15]   x30      ∞     ∞     ∞     ∞     ∞     ∞     ∞     ∞     ∞     ∞     ∞     ∞     ∞     ∞     ∞     ∞     ∞     ∞     ∞     ∞     ∞     ∞     ∞     ∞     ∞     ∞     ∞     ∞     ∞     ∞       0     ∞     ∞     ∞
[2026-05-23 18:10:29.585] [debug] [New state 15]   x31      ∞     ∞     ∞     ∞     ∞     ∞     ∞     ∞     ∞     ∞     ∞     ∞     ∞     ∞     ∞     ∞     ∞     ∞     ∞     ∞     ∞     ∞     ∞     ∞     ∞     ∞     ∞     ∞     ∞     ∞     ∞       0     ∞     ∞
[2026-05-23 18:10:29.585] [debug] [New state 15]   x32      ∞     ∞     ∞     ∞     ∞     ∞     ∞     ∞     ∞     ∞     ∞     ∞     ∞     ∞     ∞     ∞     ∞     ∞     ∞     ∞     ∞     ∞     ∞     ∞     ∞     ∞     ∞     ∞     ∞     ∞     ∞     ∞       0     ∞
[2026-05-23 18:10:29.585] [debug] [New state 15]   x33      ∞     ∞     ∞     ∞     ∞     ∞     ∞     ∞     ∞     ∞     ∞     ∞     ∞     ∞     ∞     ∞     ∞     ∞     ∞     ∞     ∞     ∞     ∞     ∞     ∞     ∞     ∞     ∞     ∞     ∞     ∞     ∞     ∞       0
[2026-05-23 18:10:29.585] [debug] [New state 15] ==========================================
[2026-05-23 18:10:29.585] [debug] [STATE] State 4 --T18@150--> candidate
[2026-05-23 18:10:29.585] [debug] [STATE]   [New] Add state 16 to graph and frontier
[2026-05-23 18:10:29.585] [debug] [New state 16] ========== State Class Details: ID=16 ==========
[2026-05-23 18:10:29.585] [debug] [New state 16] Places: [P0(Fentry)=0, P1(Fready)=0, P2(Fexit)=0, P3(Eentry)=0, P4(Eready)=0, P5(Eexit)=0, P6(Aentry)=1, P7(Aready)=0, P8(Aexit)=0, P9(Dentry)=1, P10(Dready)=0, P11(Dexit)=0, P12(Centry)=0, P13(Cready)=0, P14(Cexit)=0, P15(Bentry)=0, P16(Bready)=0, P17(Bexit)=0, P18(A_cfg_random)=1, P19(D_cfg_random)=1, P20(E_suspended_C_0)=0, P21(D_suspended_C_1)=0, P22(D_suspended_E_2)=0, P23(A_suspended_B_3)=0, P24(F_suspended_B_4)=0, P25(F_suspended_A_5)=0, P26(core0)=1, P27(core1)=1]
[2026-05-23 18:10:29.585] [debug] [New state 16] Enabled: T4(Aget_core, priority=97, core=0), T6(Dget_core, priority=97, core=1), T17(A_cfg_fire, priority=2147483647, core=-1), T18(D_cfg_fire, priority=2147483647, core=-1)
[2026-05-23 18:10:29.585] [debug] [New state 16] Cumulative time: 150
[2026-05-23 18:10:29.585] [debug] [New state 16] Z1 (non-suspendable):
[2026-05-23 18:10:29.585] [debug] [New state 16]   DBM(size=34):
[2026-05-23 18:10:29.585] [debug] [New state 16]             x0       x1       x2       x3       x4       x5       x6       x7       x8       x9       x10       x11       x12       x13       x14       x15       x16       x17       x18       x19       x20       x21       x22       x23       x24       x25       x26       x27       x28       x29       x30       x31       x32       x33
[2026-05-23 18:10:29.585] [debug] [New state 16]   x0        0       0       0       0       0    -150       0    -150       0       0       0       0       0       0       0       0       0       0     -50       0       0       0       0       0       0       0       0       0       0       0       0       0       0       0
[2026-05-23 18:10:29.585] [debug] [New state 16]   x1      ∞       0     ∞     ∞     ∞     ∞     ∞     ∞     ∞     ∞     ∞     ∞     ∞     ∞     ∞     ∞     ∞     ∞     ∞     ∞     ∞     ∞     ∞     ∞     ∞     ∞     ∞     ∞     ∞     ∞     ∞     ∞     ∞     ∞
[2026-05-23 18:10:29.585] [debug] [New state 16]   x2      ∞     ∞       0     ∞     ∞     ∞     ∞     ∞     ∞     ∞     ∞     ∞     ∞     ∞     ∞     ∞     ∞     ∞     ∞     ∞     ∞     ∞     ∞     ∞     ∞     ∞     ∞     ∞     ∞     ∞     ∞     ∞     ∞     ∞
[2026-05-23 18:10:29.585] [debug] [New state 16]   x3      ∞     ∞     ∞       0     ∞     ∞     ∞     ∞     ∞     ∞     ∞     ∞     ∞     ∞     ∞     ∞     ∞     ∞     ∞     ∞     ∞     ∞     ∞     ∞     ∞     ∞     ∞     ∞     ∞     ∞     ∞     ∞     ∞     ∞
[2026-05-23 18:10:29.585] [debug] [New state 16]   x4      ∞     ∞     ∞     ∞       0     ∞     ∞     ∞     ∞     ∞     ∞     ∞     ∞     ∞     ∞     ∞     ∞     ∞     ∞     ∞     ∞     ∞     ∞     ∞     ∞     ∞     ∞     ∞     ∞     ∞     ∞     ∞     ∞     ∞
[2026-05-23 18:10:29.585] [debug] [New state 16]   x5      150     150     150     150     150       0     150       0     150     150     150     150     150     150     150     150     150     150     100     150     150     150     150     150     150     150     150     150     150     150     150     150     150     150
[2026-05-23 18:10:29.585] [debug] [New state 16]   x6      ∞     ∞     ∞     ∞     ∞     ∞       0     ∞     ∞     ∞     ∞     ∞     ∞     ∞     ∞     ∞     ∞     ∞     ∞     ∞     ∞     ∞     ∞     ∞     ∞     ∞     ∞     ∞     ∞     ∞     ∞     ∞     ∞     ∞
[2026-05-23 18:10:29.585] [debug] [New state 16]   x7      150     150     150     150     150       0     150       0     150     150     150     150     150     150     150     150     150     150     100     150     150     150     150     150     150     150     150     150     150     150     150     150     150     150
[2026-05-23 18:10:29.585] [debug] [New state 16]   x8      ∞     ∞     ∞     ∞     ∞     ∞     ∞     ∞       0     ∞     ∞     ∞     ∞     ∞     ∞     ∞     ∞     ∞     ∞     ∞     ∞     ∞     ∞     ∞     ∞     ∞     ∞     ∞     ∞     ∞     ∞     ∞     ∞     ∞
[2026-05-23 18:10:29.585] [debug] [New state 16]   x9      ∞     ∞     ∞     ∞     ∞     ∞     ∞     ∞     ∞       0     ∞     ∞     ∞     ∞     ∞     ∞     ∞     ∞     ∞     ∞     ∞     ∞     ∞     ∞     ∞     ∞     ∞     ∞     ∞     ∞     ∞     ∞     ∞     ∞
[2026-05-23 18:10:29.585] [debug] [New state 16]   x10      ∞     ∞     ∞     ∞     ∞     ∞     ∞     ∞     ∞     ∞       0     ∞     ∞     ∞     ∞     ∞     ∞     ∞     ∞     ∞     ∞     ∞     ∞     ∞     ∞     ∞     ∞     ∞     ∞     ∞     ∞     ∞     ∞     ∞
[2026-05-23 18:10:29.585] [debug] [New state 16]   x11      ∞     ∞     ∞     ∞     ∞     ∞     ∞     ∞     ∞     ∞     ∞       0     ∞     ∞     ∞     ∞     ∞     ∞     ∞     ∞     ∞     ∞     ∞     ∞     ∞     ∞     ∞     ∞     ∞     ∞     ∞     ∞     ∞     ∞
[2026-05-23 18:10:29.585] [debug] [New state 16]   x12      ∞     ∞     ∞     ∞     ∞     ∞     ∞     ∞     ∞     ∞     ∞     ∞       0     ∞     ∞     ∞     ∞     ∞     ∞     ∞     ∞     ∞     ∞     ∞     ∞     ∞     ∞     ∞     ∞     ∞     ∞     ∞     ∞     ∞
[2026-05-23 18:10:29.585] [debug] [New state 16]   x13      ∞     ∞     ∞     ∞     ∞     ∞     ∞     ∞     ∞     ∞     ∞     ∞     ∞       0     ∞     ∞     ∞     ∞     ∞     ∞     ∞     ∞     ∞     ∞     ∞     ∞     ∞     ∞     ∞     ∞     ∞     ∞     ∞     ∞
[2026-05-23 18:10:29.585] [debug] [New state 16]   x14      ∞     ∞     ∞     ∞     ∞     ∞     ∞     ∞     ∞     ∞     ∞     ∞     ∞     ∞       0     ∞     ∞     ∞     ∞     ∞     ∞     ∞     ∞     ∞     ∞     ∞     ∞     ∞     ∞     ∞     ∞     ∞     ∞     ∞
[2026-05-23 18:10:29.585] [debug] [New state 16]   x15      ∞     ∞     ∞     ∞     ∞     ∞     ∞     ∞     ∞     ∞     ∞     ∞     ∞     ∞     ∞       0     ∞     ∞     ∞     ∞     ∞     ∞     ∞     ∞     ∞     ∞     ∞     ∞     ∞     ∞     ∞     ∞     ∞     ∞
[2026-05-23 18:10:29.585] [debug] [New state 16]   x16      ∞     ∞     ∞     ∞     ∞     ∞     ∞     ∞     ∞     ∞     ∞     ∞     ∞     ∞     ∞     ∞       0     ∞     ∞     ∞     ∞     ∞     ∞     ∞     ∞     ∞     ∞     ∞     ∞     ∞     ∞     ∞     ∞     ∞
[2026-05-23 18:10:29.585] [debug] [New state 16]   x17      ∞     ∞     ∞     ∞     ∞     ∞     ∞     ∞     ∞     ∞     ∞     ∞     ∞     ∞     ∞     ∞     ∞       0     ∞     ∞     ∞     ∞     ∞     ∞     ∞     ∞     ∞     ∞     ∞     ∞     ∞     ∞     ∞     ∞
[2026-05-23 18:10:29.585] [debug] [New state 16]   x18       50      50      50      50      50    -100      50    -100      50      50      50      50      50      50      50      50      50      50       0      50      50      50      50      50      50      50      50      50      50      50      50      50      50      50
[2026-05-23 18:10:29.585] [debug] [New state 16]   x19        0       0       0       0       0    -150       0    -150       0       0       0       0       0       0       0       0       0       0     -50       0       0       0       0       0       0       0       0       0       0       0       0       0       0       0
[2026-05-23 18:10:29.585] [debug] [New state 16]   x20      ∞     ∞     ∞     ∞     ∞     ∞     ∞     ∞     ∞     ∞     ∞     ∞     ∞     ∞     ∞     ∞     ∞     ∞     ∞     ∞       0     ∞     ∞     ∞     ∞     ∞     ∞     ∞     ∞     ∞     ∞     ∞     ∞     ∞
[2026-05-23 18:10:29.585] [debug] [New state 16]   x21      ∞     ∞     ∞     ∞     ∞     ∞     ∞     ∞     ∞     ∞     ∞     ∞     ∞     ∞     ∞     ∞     ∞     ∞     ∞     ∞     ∞       0     ∞     ∞     ∞     ∞     ∞     ∞     ∞     ∞     ∞     ∞     ∞     ∞
[2026-05-23 18:10:29.585] [debug] [New state 16]   x22      ∞     ∞     ∞     ∞     ∞     ∞     ∞     ∞     ∞     ∞     ∞     ∞     ∞     ∞     ∞     ∞     ∞     ∞     ∞     ∞     ∞     ∞       0     ∞     ∞     ∞     ∞     ∞     ∞     ∞     ∞     ∞     ∞     ∞
[2026-05-23 18:10:29.585] [debug] [New state 16]   x23      ∞     ∞     ∞     ∞     ∞     ∞     ∞     ∞     ∞     ∞     ∞     ∞     ∞     ∞     ∞     ∞     ∞     ∞     ∞     ∞     ∞     ∞     ∞       0     ∞     ∞     ∞     ∞     ∞     ∞     ∞     ∞     ∞     ∞
[2026-05-23 18:10:29.585] [debug] [New state 16]   x24      ∞     ∞     ∞     ∞     ∞     ∞     ∞     ∞     ∞     ∞     ∞     ∞     ∞     ∞     ∞     ∞     ∞     ∞     ∞     ∞     ∞     ∞     ∞     ∞       0     ∞     ∞     ∞     ∞     ∞     ∞     ∞     ∞     ∞
[2026-05-23 18:10:29.585] [debug] [New state 16]   x25      ∞     ∞     ∞     ∞     ∞     ∞     ∞     ∞     ∞     ∞     ∞     ∞     ∞     ∞     ∞     ∞     ∞     ∞     ∞     ∞     ∞     ∞     ∞     ∞     ∞       0     ∞     ∞     ∞     ∞     ∞     ∞     ∞     ∞
[2026-05-23 18:10:29.585] [debug] [New state 16]   x26      ∞     ∞     ∞     ∞     ∞     ∞     ∞     ∞     ∞     ∞     ∞     ∞     ∞     ∞     ∞     ∞     ∞     ∞     ∞     ∞     ∞     ∞     ∞     ∞     ∞     ∞       0     ∞     ∞     ∞     ∞     ∞     ∞     ∞
[2026-05-23 18:10:29.585] [debug] [New state 16]   x27      ∞     ∞     ∞     ∞     ∞     ∞     ∞     ∞     ∞     ∞     ∞     ∞     ∞     ∞     ∞     ∞     ∞     ∞     ∞     ∞     ∞     ∞     ∞     ∞     ∞     ∞     ∞       0     ∞     ∞     ∞     ∞     ∞     ∞
[2026-05-23 18:10:29.585] [debug] [New state 16]   x28      ∞     ∞     ∞     ∞     ∞     ∞     ∞     ∞     ∞     ∞     ∞     ∞     ∞     ∞     ∞     ∞     ∞     ∞     ∞     ∞     ∞     ∞     ∞     ∞     ∞     ∞     ∞     ∞       0     ∞     ∞     ∞     ∞     ∞
[2026-05-23 18:10:29.585] [debug] [New state 16]   x29      ∞     ∞     ∞     ∞     ∞     ∞     ∞     ∞     ∞     ∞     ∞     ∞     ∞     ∞     ∞     ∞     ∞     ∞     ∞     ∞     ∞     ∞     ∞     ∞     ∞     ∞     ∞     ∞     ∞       0     ∞     ∞     ∞     ∞
[2026-05-23 18:10:29.585] [debug] [New state 16]   x30      ∞     ∞     ∞     ∞     ∞     ∞     ∞     ∞     ∞     ∞     ∞     ∞     ∞     ∞     ∞     ∞     ∞     ∞     ∞     ∞     ∞     ∞     ∞     ∞     ∞     ∞     ∞     ∞     ∞     ∞       0     ∞     ∞     ∞
[2026-05-23 18:10:29.585] [debug] [New state 16]   x31      ∞     ∞     ∞     ∞     ∞     ∞     ∞     ∞     ∞     ∞     ∞     ∞     ∞     ∞     ∞     ∞     ∞     ∞     ∞     ∞     ∞     ∞     ∞     ∞     ∞     ∞     ∞     ∞     ∞     ∞     ∞       0     ∞     ∞
[2026-05-23 18:10:29.585] [debug] [New state 16]   x32      ∞     ∞     ∞     ∞     ∞     ∞     ∞     ∞     ∞     ∞     ∞     ∞     ∞     ∞     ∞     ∞     ∞     ∞     ∞     ∞     ∞     ∞     ∞     ∞     ∞     ∞     ∞     ∞     ∞     ∞     ∞     ∞       0     ∞
[2026-05-23 18:10:29.585] [debug] [New state 16]   x33      ∞     ∞     ∞     ∞     ∞     ∞     ∞     ∞     ∞     ∞     ∞     ∞     ∞     ∞     ∞     ∞     ∞     ∞     ∞     ∞     ∞     ∞     ∞     ∞     ∞     ∞     ∞     ∞     ∞     ∞     ∞     ∞     ∞       0
[2026-05-23 18:10:29.585] [debug] [New state 16] Z2 (suspendable):
[2026-05-23 18:10:29.585] [debug] [New state 16]   DBM(size=34):
[2026-05-23 18:10:29.585] [debug] [New state 16]             x0       x1       x2       x3       x4       x5       x6       x7       x8       x9       x10       x11       x12       x13       x14       x15       x16       x17       x18       x19       x20       x21       x22       x23       x24       x25       x26       x27       x28       x29       x30       x31       x32       x33
[2026-05-23 18:10:29.585] [debug] [New state 16]   x0        0       0       0       0       0       0       0       0       0       0       0       0       0       0       0       0       0       0       0       0       0       0       0       0       0       0       0       0       0       0       0       0       0       0
[2026-05-23 18:10:29.585] [debug] [New state 16]   x1      ∞       0     ∞     ∞     ∞     ∞     ∞     ∞     ∞     ∞     ∞     ∞     ∞     ∞     ∞     ∞     ∞     ∞     ∞     ∞     ∞     ∞     ∞     ∞     ∞     ∞     ∞     ∞     ∞     ∞     ∞     ∞     ∞     ∞
[2026-05-23 18:10:29.585] [debug] [New state 16]   x2      ∞     ∞       0     ∞     ∞     ∞     ∞     ∞     ∞     ∞     ∞     ∞     ∞     ∞     ∞     ∞     ∞     ∞     ∞     ∞     ∞     ∞     ∞     ∞     ∞     ∞     ∞     ∞     ∞     ∞     ∞     ∞     ∞     ∞
[2026-05-23 18:10:29.585] [debug] [New state 16]   x3      ∞     ∞     ∞       0     ∞     ∞     ∞     ∞     ∞     ∞     ∞     ∞     ∞     ∞     ∞     ∞     ∞     ∞     ∞     ∞     ∞     ∞     ∞     ∞     ∞     ∞     ∞     ∞     ∞     ∞     ∞     ∞     ∞     ∞
[2026-05-23 18:10:29.585] [debug] [New state 16]   x4      ∞     ∞     ∞     ∞       0     ∞     ∞     ∞     ∞     ∞     ∞     ∞     ∞     ∞     ∞     ∞     ∞     ∞     ∞     ∞     ∞     ∞     ∞     ∞     ∞     ∞     ∞     ∞     ∞     ∞     ∞     ∞     ∞     ∞
[2026-05-23 18:10:29.585] [debug] [New state 16]   x5      ∞     ∞     ∞     ∞     ∞       0     ∞     ∞     ∞     ∞     ∞     ∞     ∞     ∞     ∞     ∞     ∞     ∞     ∞     ∞     ∞     ∞     ∞     ∞     ∞     ∞     ∞     ∞     ∞     ∞     ∞     ∞     ∞     ∞
[2026-05-23 18:10:29.585] [debug] [New state 16]   x6      ∞     ∞     ∞     ∞     ∞     ∞       0     ∞     ∞     ∞     ∞     ∞     ∞     ∞     ∞     ∞     ∞     ∞     ∞     ∞     ∞     ∞     ∞     ∞     ∞     ∞     ∞     ∞     ∞     ∞     ∞     ∞     ∞     ∞
[2026-05-23 18:10:29.585] [debug] [New state 16]   x7      ∞     ∞     ∞     ∞     ∞     ∞     ∞       0     ∞     ∞     ∞     ∞     ∞     ∞     ∞     ∞     ∞     ∞     ∞     ∞     ∞     ∞     ∞     ∞     ∞     ∞     ∞     ∞     ∞     ∞     ∞     ∞     ∞     ∞
[2026-05-23 18:10:29.585] [debug] [New state 16]   x8      ∞     ∞     ∞     ∞     ∞     ∞     ∞     ∞       0     ∞     ∞     ∞     ∞     ∞     ∞     ∞     ∞     ∞     ∞     ∞     ∞     ∞     ∞     ∞     ∞     ∞     ∞     ∞     ∞     ∞     ∞     ∞     ∞     ∞
[2026-05-23 18:10:29.585] [debug] [New state 16]   x9      ∞     ∞     ∞     ∞     ∞     ∞     ∞     ∞     ∞       0     ∞     ∞     ∞     ∞     ∞     ∞     ∞     ∞     ∞     ∞     ∞     ∞     ∞     ∞     ∞     ∞     ∞     ∞     ∞     ∞     ∞     ∞     ∞     ∞
[2026-05-23 18:10:29.585] [debug] [New state 16]   x10      ∞     ∞     ∞     ∞     ∞     ∞     ∞     ∞     ∞     ∞       0     ∞     ∞     ∞     ∞     ∞     ∞     ∞     ∞     ∞     ∞     ∞     ∞     ∞     ∞     ∞     ∞     ∞     ∞     ∞     ∞     ∞     ∞     ∞
[2026-05-23 18:10:29.585] [debug] [New state 16]   x11      ∞     ∞     ∞     ∞     ∞     ∞     ∞     ∞     ∞     ∞     ∞       0     ∞     ∞     ∞     ∞     ∞     ∞     ∞     ∞     ∞     ∞     ∞     ∞     ∞     ∞     ∞     ∞     ∞     ∞     ∞     ∞     ∞     ∞
[2026-05-23 18:10:29.585] [debug] [New state 16]   x12      ∞     ∞     ∞     ∞     ∞     ∞     ∞     ∞     ∞     ∞     ∞     ∞       0     ∞     ∞     ∞     ∞     ∞     ∞     ∞     ∞     ∞     ∞     ∞     ∞     ∞     ∞     ∞     ∞     ∞     ∞     ∞     ∞     ∞
[2026-05-23 18:10:29.585] [debug] [New state 16]   x13      ∞     ∞     ∞     ∞     ∞     ∞     ∞     ∞     ∞     ∞     ∞     ∞     ∞       0     ∞     ∞     ∞     ∞     ∞     ∞     ∞     ∞     ∞     ∞     ∞     ∞     ∞     ∞     ∞     ∞     ∞     ∞     ∞     ∞
[2026-05-23 18:10:29.585] [debug] [New state 16]   x14      ∞     ∞     ∞     ∞     ∞     ∞     ∞     ∞     ∞     ∞     ∞     ∞     ∞     ∞       0     ∞     ∞     ∞     ∞     ∞     ∞     ∞     ∞     ∞     ∞     ∞     ∞     ∞     ∞     ∞     ∞     ∞     ∞     ∞
[2026-05-23 18:10:29.585] [debug] [New state 16]   x15      ∞     ∞     ∞     ∞     ∞     ∞     ∞     ∞     ∞     ∞     ∞     ∞     ∞     ∞     ∞       0     ∞     ∞     ∞     ∞     ∞     ∞     ∞     ∞     ∞     ∞     ∞     ∞     ∞     ∞     ∞     ∞     ∞     ∞
[2026-05-23 18:10:29.585] [debug] [New state 16]   x16      ∞     ∞     ∞     ∞     ∞     ∞     ∞     ∞     ∞     ∞     ∞     ∞     ∞     ∞     ∞     ∞       0     ∞     ∞     ∞     ∞     ∞     ∞     ∞     ∞     ∞     ∞     ∞     ∞     ∞     ∞     ∞     ∞     ∞
[2026-05-23 18:10:29.585] [debug] [New state 16]   x17      ∞     ∞     ∞     ∞     ∞     ∞     ∞     ∞     ∞     ∞     ∞     ∞     ∞     ∞     ∞     ∞     ∞       0     ∞     ∞     ∞     ∞     ∞     ∞     ∞     ∞     ∞     ∞     ∞     ∞     ∞     ∞     ∞     ∞
[2026-05-23 18:10:29.585] [debug] [New state 16]   x18      ∞     ∞     ∞     ∞     ∞     ∞     ∞     ∞     ∞     ∞     ∞     ∞     ∞     ∞     ∞     ∞     ∞     ∞       0     ∞     ∞     ∞     ∞     ∞     ∞     ∞     ∞     ∞     ∞     ∞     ∞     ∞     ∞     ∞
[2026-05-23 18:10:29.585] [debug] [New state 16]   x19      ∞     ∞     ∞     ∞     ∞     ∞     ∞     ∞     ∞     ∞     ∞     ∞     ∞     ∞     ∞     ∞     ∞     ∞     ∞       0     ∞     ∞     ∞     ∞     ∞     ∞     ∞     ∞     ∞     ∞     ∞     ∞     ∞     ∞
[2026-05-23 18:10:29.585] [debug] [New state 16]   x20      ∞     ∞     ∞     ∞     ∞     ∞     ∞     ∞     ∞     ∞     ∞     ∞     ∞     ∞     ∞     ∞     ∞     ∞     ∞     ∞       0     ∞     ∞     ∞     ∞     ∞     ∞     ∞     ∞     ∞     ∞     ∞     ∞     ∞
[2026-05-23 18:10:29.585] [debug] [New state 16]   x21      ∞     ∞     ∞     ∞     ∞     ∞     ∞     ∞     ∞     ∞     ∞     ∞     ∞     ∞     ∞     ∞     ∞     ∞     ∞     ∞     ∞       0     ∞     ∞     ∞     ∞     ∞     ∞     ∞     ∞     ∞     ∞     ∞     ∞
[2026-05-23 18:10:29.585] [debug] [New state 16]   x22      ∞     ∞     ∞     ∞     ∞     ∞     ∞     ∞     ∞     ∞     ∞     ∞     ∞     ∞     ∞     ∞     ∞     ∞     ∞     ∞     ∞     ∞       0     ∞     ∞     ∞     ∞     ∞     ∞     ∞     ∞     ∞     ∞     ∞
[2026-05-23 18:10:29.585] [debug] [New state 16]   x23      ∞     ∞     ∞     ∞     ∞     ∞     ∞     ∞     ∞     ∞     ∞     ∞     ∞     ∞     ∞     ∞     ∞     ∞     ∞     ∞     ∞     ∞     ∞       0     ∞     ∞     ∞     ∞     ∞     ∞     ∞     ∞     ∞     ∞
[2026-05-23 18:10:29.585] [debug] [New state 16]   x24      ∞     ∞     ∞     ∞     ∞     ∞     ∞     ∞     ∞     ∞     ∞     ∞     ∞     ∞     ∞     ∞     ∞     ∞     ∞     ∞     ∞     ∞     ∞     ∞       0     ∞     ∞     ∞     ∞     ∞     ∞     ∞     ∞     ∞
[2026-05-23 18:10:29.585] [debug] [New state 16]   x25      ∞     ∞     ∞     ∞     ∞     ∞     ∞     ∞     ∞     ∞     ∞     ∞     ∞     ∞     ∞     ∞     ∞     ∞     ∞     ∞     ∞     ∞     ∞     ∞     ∞       0     ∞     ∞     ∞     ∞     ∞     ∞     ∞     ∞
[2026-05-23 18:10:29.585] [debug] [New state 16]   x26      ∞     ∞     ∞     ∞     ∞     ∞     ∞     ∞     ∞     ∞     ∞     ∞     ∞     ∞     ∞     ∞     ∞     ∞     ∞     ∞     ∞     ∞     ∞     ∞     ∞     ∞       0     ∞     ∞     ∞     ∞     ∞     ∞     ∞
[2026-05-23 18:10:29.585] [debug] [New state 16]   x27      ∞     ∞     ∞     ∞     ∞     ∞     ∞     ∞     ∞     ∞     ∞     ∞     ∞     ∞     ∞     ∞     ∞     ∞     ∞     ∞     ∞     ∞     ∞     ∞     ∞     ∞     ∞       0     ∞     ∞     ∞     ∞     ∞     ∞
[2026-05-23 18:10:29.585] [debug] [New state 16]   x28      ∞     ∞     ∞     ∞     ∞     ∞     ∞     ∞     ∞     ∞     ∞     ∞     ∞     ∞     ∞     ∞     ∞     ∞     ∞     ∞     ∞     ∞     ∞     ∞     ∞     ∞     ∞     ∞       0     ∞     ∞     ∞     ∞     ∞
[2026-05-23 18:10:29.585] [debug] [New state 16]   x29      ∞     ∞     ∞     ∞     ∞     ∞     ∞     ∞     ∞     ∞     ∞     ∞     ∞     ∞     ∞     ∞     ∞     ∞     ∞     ∞     ∞     ∞     ∞     ∞     ∞     ∞     ∞     ∞     ∞       0     ∞     ∞     ∞     ∞
[2026-05-23 18:10:29.585] [debug] [New state 16]   x30      ∞     ∞     ∞     ∞     ∞     ∞     ∞     ∞     ∞     ∞     ∞     ∞     ∞     ∞     ∞     ∞     ∞     ∞     ∞     ∞     ∞     ∞     ∞     ∞     ∞     ∞     ∞     ∞     ∞     ∞       0     ∞     ∞     ∞
[2026-05-23 18:10:29.585] [debug] [New state 16]   x31      ∞     ∞     ∞     ∞     ∞     ∞     ∞     ∞     ∞     ∞     ∞     ∞     ∞     ∞     ∞     ∞     ∞     ∞     ∞     ∞     ∞     ∞     ∞     ∞     ∞     ∞     ∞     ∞     ∞     ∞     ∞       0     ∞     ∞
[2026-05-23 18:10:29.585] [debug] [New state 16]   x32      ∞     ∞     ∞     ∞     ∞     ∞     ∞     ∞     ∞     ∞     ∞     ∞     ∞     ∞     ∞     ∞     ∞     ∞     ∞     ∞     ∞     ∞     ∞     ∞     ∞     ∞     ∞     ∞     ∞     ∞     ∞     ∞       0     ∞
[2026-05-23 18:10:29.585] [debug] [New state 16]   x33      ∞     ∞     ∞     ∞     ∞     ∞     ∞     ∞     ∞     ∞     ∞     ∞     ∞     ∞     ∞     ∞     ∞     ∞     ∞     ∞     ∞     ∞     ∞     ∞     ∞     ∞     ∞     ∞     ∞     ∞     ∞     ∞     ∞       0
[2026-05-23 18:10:29.585] [debug] [New state 16] ==========================================
[2026-05-23 18:10:29.585] [debug] [STATE] State 4: 4 candidates, 4 fired, frontier size: 11, total states: 16
[2026-05-23 18:10:29.585] [debug] [State 5] ========== State Class Details: ID=5 ==========
[2026-05-23 18:10:29.585] [debug] [State 5] Places: [P0(Fentry)=0, P1(Fready)=0, P2(Fexit)=0, P3(Eentry)=0, P4(Eready)=0, P5(Eexit)=0, P6(Aentry)=1, P7(Aready)=0, P8(Aexit)=0, P9(Dentry)=1, P10(Dready)=0, P11(Dexit)=0, P12(Centry)=0, P13(Cready)=0, P14(Cexit)=0, P15(Bentry)=0, P16(Bready)=0, P17(Bexit)=0, P18(A_cfg_random)=1, P19(D_cfg_random)=1, P20(E_suspended_C_0)=0, P21(D_suspended_C_1)=0, P22(D_suspended_E_2)=0, P23(A_suspended_B_3)=0, P24(F_suspended_B_4)=0, P25(F_suspended_A_5)=0, P26(core0)=1, P27(core1)=1]
[2026-05-23 18:10:29.585] [debug] [State 5] Enabled: T4(Aget_core, priority=97, core=0), T6(Dget_core, priority=97, core=1), T17(A_cfg_fire, priority=2147483647, core=-1), T18(D_cfg_fire, priority=2147483647, core=-1)
[2026-05-23 18:10:29.585] [debug] [State 5] Cumulative time: 50
[2026-05-23 18:10:29.585] [debug] [State 5] Z1 (non-suspendable):
[2026-05-23 18:10:29.586] [debug] [State 5]   DBM(size=34):
[2026-05-23 18:10:29.586] [debug] [State 5]             x0       x1       x2       x3       x4       x5       x6       x7       x8       x9       x10       x11       x12       x13       x14       x15       x16       x17       x18       x19       x20       x21       x22       x23       x24       x25       x26       x27       x28       x29       x30       x31       x32       x33
[2026-05-23 18:10:29.586] [debug] [State 5]   x0        0       0       0       0       0     -50       0     -50       0       0       0       0       0       0       0       0       0       0    -150       0       0       0       0       0       0       0       0       0       0       0       0       0       0       0
[2026-05-23 18:10:29.586] [debug] [State 5]   x1      ∞       0     ∞     ∞     ∞     ∞     ∞     ∞     ∞     ∞     ∞     ∞     ∞     ∞     ∞     ∞     ∞     ∞     ∞     ∞     ∞     ∞     ∞     ∞     ∞     ∞     ∞     ∞     ∞     ∞     ∞     ∞     ∞     ∞
[2026-05-23 18:10:29.586] [debug] [State 5]   x2      ∞     ∞       0     ∞     ∞     ∞     ∞     ∞     ∞     ∞     ∞     ∞     ∞     ∞     ∞     ∞     ∞     ∞     ∞     ∞     ∞     ∞     ∞     ∞     ∞     ∞     ∞     ∞     ∞     ∞     ∞     ∞     ∞     ∞
[2026-05-23 18:10:29.586] [debug] [State 5]   x3      ∞     ∞     ∞       0     ∞     ∞     ∞     ∞     ∞     ∞     ∞     ∞     ∞     ∞     ∞     ∞     ∞     ∞     ∞     ∞     ∞     ∞     ∞     ∞     ∞     ∞     ∞     ∞     ∞     ∞     ∞     ∞     ∞     ∞
[2026-05-23 18:10:29.586] [debug] [State 5]   x4      ∞     ∞     ∞     ∞       0     ∞     ∞     ∞     ∞     ∞     ∞     ∞     ∞     ∞     ∞     ∞     ∞     ∞     ∞     ∞     ∞     ∞     ∞     ∞     ∞     ∞     ∞     ∞     ∞     ∞     ∞     ∞     ∞     ∞
[2026-05-23 18:10:29.586] [debug] [State 5]   x5       50      50      50      50      50       0      50       0      50      50      50      50      50      50      50      50      50      50    -100      50      50      50      50      50      50      50      50      50      50      50      50      50      50      50
[2026-05-23 18:10:29.586] [debug] [State 5]   x6      ∞     ∞     ∞     ∞     ∞     ∞       0     ∞     ∞     ∞     ∞     ∞     ∞     ∞     ∞     ∞     ∞     ∞     ∞     ∞     ∞     ∞     ∞     ∞     ∞     ∞     ∞     ∞     ∞     ∞     ∞     ∞     ∞     ∞
[2026-05-23 18:10:29.586] [debug] [State 5]   x7       50      50      50      50      50       0      50       0      50      50      50      50      50      50      50      50      50      50    -100      50      50      50      50      50      50      50      50      50      50      50      50      50      50      50
[2026-05-23 18:10:29.586] [debug] [State 5]   x8      ∞     ∞     ∞     ∞     ∞     ∞     ∞     ∞       0     ∞     ∞     ∞     ∞     ∞     ∞     ∞     ∞     ∞     ∞     ∞     ∞     ∞     ∞     ∞     ∞     ∞     ∞     ∞     ∞     ∞     ∞     ∞     ∞     ∞
[2026-05-23 18:10:29.586] [debug] [State 5]   x9      ∞     ∞     ∞     ∞     ∞     ∞     ∞     ∞     ∞       0     ∞     ∞     ∞     ∞     ∞     ∞     ∞     ∞     ∞     ∞     ∞     ∞     ∞     ∞     ∞     ∞     ∞     ∞     ∞     ∞     ∞     ∞     ∞     ∞
[2026-05-23 18:10:29.586] [debug] [State 5]   x10      ∞     ∞     ∞     ∞     ∞     ∞     ∞     ∞     ∞     ∞       0     ∞     ∞     ∞     ∞     ∞     ∞     ∞     ∞     ∞     ∞     ∞     ∞     ∞     ∞     ∞     ∞     ∞     ∞     ∞     ∞     ∞     ∞     ∞
[2026-05-23 18:10:29.586] [debug] [State 5]   x11      ∞     ∞     ∞     ∞     ∞     ∞     ∞     ∞     ∞     ∞     ∞       0     ∞     ∞     ∞     ∞     ∞     ∞     ∞     ∞     ∞     ∞     ∞     ∞     ∞     ∞     ∞     ∞     ∞     ∞     ∞     ∞     ∞     ∞
[2026-05-23 18:10:29.586] [debug] [State 5]   x12      ∞     ∞     ∞     ∞     ∞     ∞     ∞     ∞     ∞     ∞     ∞     ∞       0     ∞     ∞     ∞     ∞     ∞     ∞     ∞     ∞     ∞     ∞     ∞     ∞     ∞     ∞     ∞     ∞     ∞     ∞     ∞     ∞     ∞
[2026-05-23 18:10:29.586] [debug] [State 5]   x13      ∞     ∞     ∞     ∞     ∞     ∞     ∞     ∞     ∞     ∞     ∞     ∞     ∞       0     ∞     ∞     ∞     ∞     ∞     ∞     ∞     ∞     ∞     ∞     ∞     ∞     ∞     ∞     ∞     ∞     ∞     ∞     ∞     ∞
[2026-05-23 18:10:29.586] [debug] [State 5]   x14      ∞     ∞     ∞     ∞     ∞     ∞     ∞     ∞     ∞     ∞     ∞     ∞     ∞     ∞       0     ∞     ∞     ∞     ∞     ∞     ∞     ∞     ∞     ∞     ∞     ∞     ∞     ∞     ∞     ∞     ∞     ∞     ∞     ∞
[2026-05-23 18:10:29.586] [debug] [State 5]   x15      ∞     ∞     ∞     ∞     ∞     ∞     ∞     ∞     ∞     ∞     ∞     ∞     ∞     ∞     ∞       0     ∞     ∞     ∞     ∞     ∞     ∞     ∞     ∞     ∞     ∞     ∞     ∞     ∞     ∞     ∞     ∞     ∞     ∞
[2026-05-23 18:10:29.586] [debug] [State 5]   x16      ∞     ∞     ∞     ∞     ∞     ∞     ∞     ∞     ∞     ∞     ∞     ∞     ∞     ∞     ∞     ∞       0     ∞     ∞     ∞     ∞     ∞     ∞     ∞     ∞     ∞     ∞     ∞     ∞     ∞     ∞     ∞     ∞     ∞
[2026-05-23 18:10:29.586] [debug] [State 5]   x17      ∞     ∞     ∞     ∞     ∞     ∞     ∞     ∞     ∞     ∞     ∞     ∞     ∞     ∞     ∞     ∞     ∞       0     ∞     ∞     ∞     ∞     ∞     ∞     ∞     ∞     ∞     ∞     ∞     ∞     ∞     ∞     ∞     ∞
[2026-05-23 18:10:29.586] [debug] [State 5]   x18      150     150     150     150     150     100     150     100     150     150     150     150     150     150     150     150     150     150       0     150     150     150     150     150     150     150     150     150     150     150     150     150     150     150
[2026-05-23 18:10:29.586] [debug] [State 5]   x19        0       0       0       0       0     -50       0     -50       0       0       0       0       0       0       0       0       0       0    -150       0       0       0       0       0       0       0       0       0       0       0       0       0       0       0
[2026-05-23 18:10:29.586] [debug] [State 5]   x20      ∞     ∞     ∞     ∞     ∞     ∞     ∞     ∞     ∞     ∞     ∞     ∞     ∞     ∞     ∞     ∞     ∞     ∞     ∞     ∞       0     ∞     ∞     ∞     ∞     ∞     ∞     ∞     ∞     ∞     ∞     ∞     ∞     ∞
[2026-05-23 18:10:29.586] [debug] [State 5]   x21      ∞     ∞     ∞     ∞     ∞     ∞     ∞     ∞     ∞     ∞     ∞     ∞     ∞     ∞     ∞     ∞     ∞     ∞     ∞     ∞     ∞       0     ∞     ∞     ∞     ∞     ∞     ∞     ∞     ∞     ∞     ∞     ∞     ∞
[2026-05-23 18:10:29.586] [debug] [State 5]   x22      ∞     ∞     ∞     ∞     ∞     ∞     ∞     ∞     ∞     ∞     ∞     ∞     ∞     ∞     ∞     ∞     ∞     ∞     ∞     ∞     ∞     ∞       0     ∞     ∞     ∞     ∞     ∞     ∞     ∞     ∞     ∞     ∞     ∞
[2026-05-23 18:10:29.586] [debug] [State 5]   x23      ∞     ∞     ∞     ∞     ∞     ∞     ∞     ∞     ∞     ∞     ∞     ∞     ∞     ∞     ∞     ∞     ∞     ∞     ∞     ∞     ∞     ∞     ∞       0     ∞     ∞     ∞     ∞     ∞     ∞     ∞     ∞     ∞     ∞
[2026-05-23 18:10:29.586] [debug] [State 5]   x24      ∞     ∞     ∞     ∞     ∞     ∞     ∞     ∞     ∞     ∞     ∞     ∞     ∞     ∞     ∞     ∞     ∞     ∞     ∞     ∞     ∞     ∞     ∞     ∞       0     ∞     ∞     ∞     ∞     ∞     ∞     ∞     ∞     ∞
[2026-05-23 18:10:29.586] [debug] [State 5]   x25      ∞     ∞     ∞     ∞     ∞     ∞     ∞     ∞     ∞     ∞     ∞     ∞     ∞     ∞     ∞     ∞     ∞     ∞     ∞     ∞     ∞     ∞     ∞     ∞     ∞       0     ∞     ∞     ∞     ∞     ∞     ∞     ∞     ∞
[2026-05-23 18:10:29.586] [debug] [State 5]   x26      ∞     ∞     ∞     ∞     ∞     ∞     ∞     ∞     ∞     ∞     ∞     ∞     ∞     ∞     ∞     ∞     ∞     ∞     ∞     ∞     ∞     ∞     ∞     ∞     ∞     ∞       0     ∞     ∞     ∞     ∞     ∞     ∞     ∞
[2026-05-23 18:10:29.586] [debug] [State 5]   x27      ∞     ∞     ∞     ∞     ∞     ∞     ∞     ∞     ∞     ∞     ∞     ∞     ∞     ∞     ∞     ∞     ∞     ∞     ∞     ∞     ∞     ∞     ∞     ∞     ∞     ∞     ∞       0     ∞     ∞     ∞     ∞     ∞     ∞
[2026-05-23 18:10:29.586] [debug] [State 5]   x28      ∞     ∞     ∞     ∞     ∞     ∞     ∞     ∞     ∞     ∞     ∞     ∞     ∞     ∞     ∞     ∞     ∞     ∞     ∞     ∞     ∞     ∞     ∞     ∞     ∞     ∞     ∞     ∞       0     ∞     ∞     ∞     ∞     ∞
[2026-05-23 18:10:29.586] [debug] [State 5]   x29      ∞     ∞     ∞     ∞     ∞     ∞     ∞     ∞     ∞     ∞     ∞     ∞     ∞     ∞     ∞     ∞     ∞     ∞     ∞     ∞     ∞     ∞     ∞     ∞     ∞     ∞     ∞     ∞     ∞       0     ∞     ∞     ∞     ∞
[2026-05-23 18:10:29.586] [debug] [State 5]   x30      ∞     ∞     ∞     ∞     ∞     ∞     ∞     ∞     ∞     ∞     ∞     ∞     ∞     ∞     ∞     ∞     ∞     ∞     ∞     ∞     ∞     ∞     ∞     ∞     ∞     ∞     ∞     ∞     ∞     ∞       0     ∞     ∞     ∞
[2026-05-23 18:10:29.586] [debug] [State 5]   x31      ∞     ∞     ∞     ∞     ∞     ∞     ∞     ∞     ∞     ∞     ∞     ∞     ∞     ∞     ∞     ∞     ∞     ∞     ∞     ∞     ∞     ∞     ∞     ∞     ∞     ∞     ∞     ∞     ∞     ∞     ∞       0     ∞     ∞
[2026-05-23 18:10:29.586] [debug] [State 5]   x32      ∞     ∞     ∞     ∞     ∞     ∞     ∞     ∞     ∞     ∞     ∞     ∞     ∞     ∞     ∞     ∞     ∞     ∞     ∞     ∞     ∞     ∞     ∞     ∞     ∞     ∞     ∞     ∞     ∞     ∞     ∞     ∞       0     ∞
[2026-05-23 18:10:29.586] [debug] [State 5]   x33      ∞     ∞     ∞     ∞     ∞     ∞     ∞     ∞     ∞     ∞     ∞     ∞     ∞     ∞     ∞     ∞     ∞     ∞     ∞     ∞     ∞     ∞     ∞     ∞     ∞     ∞     ∞     ∞     ∞     ∞     ∞     ∞     ∞       0
[2026-05-23 18:10:29.586] [debug] [State 5] Z2 (suspendable):
[2026-05-23 18:10:29.586] [debug] [State 5]   DBM(size=34):
[2026-05-23 18:10:29.586] [debug] [State 5]             x0       x1       x2       x3       x4       x5       x6       x7       x8       x9       x10       x11       x12       x13       x14       x15       x16       x17       x18       x19       x20       x21       x22       x23       x24       x25       x26       x27       x28       x29       x30       x31       x32       x33
[2026-05-23 18:10:29.586] [debug] [State 5]   x0        0       0       0       0       0       0       0       0       0       0       0       0       0       0       0       0       0       0       0       0       0       0       0       0       0       0       0       0       0       0       0       0       0       0
[2026-05-23 18:10:29.586] [debug] [State 5]   x1      ∞       0     ∞     ∞     ∞     ∞     ∞     ∞     ∞     ∞     ∞     ∞     ∞     ∞     ∞     ∞     ∞     ∞     ∞     ∞     ∞     ∞     ∞     ∞     ∞     ∞     ∞     ∞     ∞     ∞     ∞     ∞     ∞     ∞
[2026-05-23 18:10:29.586] [debug] [State 5]   x2      ∞     ∞       0     ∞     ∞     ∞     ∞     ∞     ∞     ∞     ∞     ∞     ∞     ∞     ∞     ∞     ∞     ∞     ∞     ∞     ∞     ∞     ∞     ∞     ∞     ∞     ∞     ∞     ∞     ∞     ∞     ∞     ∞     ∞
[2026-05-23 18:10:29.586] [debug] [State 5]   x3      ∞     ∞     ∞       0     ∞     ∞     ∞     ∞     ∞     ∞     ∞     ∞     ∞     ∞     ∞     ∞     ∞     ∞     ∞     ∞     ∞     ∞     ∞     ∞     ∞     ∞     ∞     ∞     ∞     ∞     ∞     ∞     ∞     ∞
[2026-05-23 18:10:29.586] [debug] [State 5]   x4      ∞     ∞     ∞     ∞       0     ∞     ∞     ∞     ∞     ∞     ∞     ∞     ∞     ∞     ∞     ∞     ∞     ∞     ∞     ∞     ∞     ∞     ∞     ∞     ∞     ∞     ∞     ∞     ∞     ∞     ∞     ∞     ∞     ∞
[2026-05-23 18:10:29.586] [debug] [State 5]   x5      ∞     ∞     ∞     ∞     ∞       0     ∞     ∞     ∞     ∞     ∞     ∞     ∞     ∞     ∞     ∞     ∞     ∞     ∞     ∞     ∞     ∞     ∞     ∞     ∞     ∞     ∞     ∞     ∞     ∞     ∞     ∞     ∞     ∞
[2026-05-23 18:10:29.586] [debug] [State 5]   x6      ∞     ∞     ∞     ∞     ∞     ∞       0     ∞     ∞     ∞     ∞     ∞     ∞     ∞     ∞     ∞     ∞     ∞     ∞     ∞     ∞     ∞     ∞     ∞     ∞     ∞     ∞     ∞     ∞     ∞     ∞     ∞     ∞     ∞
[2026-05-23 18:10:29.586] [debug] [State 5]   x7      ∞     ∞     ∞     ∞     ∞     ∞     ∞       0     ∞     ∞     ∞     ∞     ∞     ∞     ∞     ∞     ∞     ∞     ∞     ∞     ∞     ∞     ∞     ∞     ∞     ∞     ∞     ∞     ∞     ∞     ∞     ∞     ∞     ∞
[2026-05-23 18:10:29.586] [debug] [State 5]   x8      ∞     ∞     ∞     ∞     ∞     ∞     ∞     ∞       0     ∞     ∞     ∞     ∞     ∞     ∞     ∞     ∞     ∞     ∞     ∞     ∞     ∞     ∞     ∞     ∞     ∞     ∞     ∞     ∞     ∞     ∞     ∞     ∞     ∞
[2026-05-23 18:10:29.586] [debug] [State 5]   x9      ∞     ∞     ∞     ∞     ∞     ∞     ∞     ∞     ∞       0     ∞     ∞     ∞     ∞     ∞     ∞     ∞     ∞     ∞     ∞     ∞     ∞     ∞     ∞     ∞     ∞     ∞     ∞     ∞     ∞     ∞     ∞     ∞     ∞
[2026-05-23 18:10:29.586] [debug] [State 5]   x10      ∞     ∞     ∞     ∞     ∞     ∞     ∞     ∞     ∞     ∞       0     ∞     ∞     ∞     ∞     ∞     ∞     ∞     ∞     ∞     ∞     ∞     ∞     ∞     ∞     ∞     ∞     ∞     ∞     ∞     ∞     ∞     ∞     ∞
[2026-05-23 18:10:29.586] [debug] [State 5]   x11      ∞     ∞     ∞     ∞     ∞     ∞     ∞     ∞     ∞     ∞     ∞       0     ∞     ∞     ∞     ∞     ∞     ∞     ∞     ∞     ∞     ∞     ∞     ∞     ∞     ∞     ∞     ∞     ∞     ∞     ∞     ∞     ∞     ∞
[2026-05-23 18:10:29.586] [debug] [State 5]   x12      ∞     ∞     ∞     ∞     ∞     ∞     ∞     ∞     ∞     ∞     ∞     ∞       0     ∞     ∞     ∞     ∞     ∞     ∞     ∞     ∞     ∞     ∞     ∞     ∞     ∞     ∞     ∞     ∞     ∞     ∞     ∞     ∞     ∞
[2026-05-23 18:10:29.586] [debug] [State 5]   x13      ∞     ∞     ∞     ∞     ∞     ∞     ∞     ∞     ∞     ∞     ∞     ∞     ∞       0     ∞     ∞     ∞     ∞     ∞     ∞     ∞     ∞     ∞     ∞     ∞     ∞     ∞     ∞     ∞     ∞     ∞     ∞     ∞     ∞
[2026-05-23 18:10:29.586] [debug] [State 5]   x14      ∞     ∞     ∞     ∞     ∞     ∞     ∞     ∞     ∞     ∞     ∞     ∞     ∞     ∞       0     ∞     ∞     ∞     ∞     ∞     ∞     ∞     ∞     ∞     ∞     ∞     ∞     ∞     ∞     ∞     ∞     ∞     ∞     ∞
[2026-05-23 18:10:29.586] [debug] [State 5]   x15      ∞     ∞     ∞     ∞     ∞     ∞     ∞     ∞     ∞     ∞     ∞     ∞     ∞     ∞     ∞       0     ∞     ∞     ∞     ∞     ∞     ∞     ∞     ∞     ∞     ∞     ∞     ∞     ∞     ∞     ∞     ∞     ∞     ∞
[2026-05-23 18:10:29.586] [debug] [State 5]   x16      ∞     ∞     ∞     ∞     ∞     ∞     ∞     ∞     ∞     ∞     ∞     ∞     ∞     ∞     ∞     ∞       0     ∞     ∞     ∞     ∞     ∞     ∞     ∞     ∞     ∞     ∞     ∞     ∞     ∞     ∞     ∞     ∞     ∞
[2026-05-23 18:10:29.586] [debug] [State 5]   x17      ∞     ∞     ∞     ∞     ∞     ∞     ∞     ∞     ∞     ∞     ∞     ∞     ∞     ∞     ∞     ∞     ∞       0     ∞     ∞     ∞     ∞     ∞     ∞     ∞     ∞     ∞     ∞     ∞     ∞     ∞     ∞     ∞     ∞
[2026-05-23 18:10:29.586] [debug] [State 5]   x18      ∞     ∞     ∞     ∞     ∞     ∞     ∞     ∞     ∞     ∞     ∞     ∞     ∞     ∞     ∞     ∞     ∞     ∞       0     ∞     ∞     ∞     ∞     ∞     ∞     ∞     ∞     ∞     ∞     ∞     ∞     ∞     ∞     ∞
[2026-05-23 18:10:29.586] [debug] [State 5]   x19      ∞     ∞     ∞     ∞     ∞     ∞     ∞     ∞     ∞     ∞     ∞     ∞     ∞     ∞     ∞     ∞     ∞     ∞     ∞       0     ∞     ∞     ∞     ∞     ∞     ∞     ∞     ∞     ∞     ∞     ∞     ∞     ∞     ∞
[2026-05-23 18:10:29.586] [debug] [State 5]   x20      ∞     ∞     ∞     ∞     ∞     ∞     ∞     ∞     ∞     ∞     ∞     ∞     ∞     ∞     ∞     ∞     ∞     ∞     ∞     ∞       0     ∞     ∞     ∞     ∞     ∞     ∞     ∞     ∞     ∞     ∞     ∞     ∞     ∞
[2026-05-23 18:10:29.586] [debug] [State 5]   x21      ∞     ∞     ∞     ∞     ∞     ∞     ∞     ∞     ∞     ∞     ∞     ∞     ∞     ∞     ∞     ∞     ∞     ∞     ∞     ∞     ∞       0     ∞     ∞     ∞     ∞     ∞     ∞     ∞     ∞     ∞     ∞     ∞     ∞
[2026-05-23 18:10:29.586] [debug] [State 5]   x22      ∞     ∞     ∞     ∞     ∞     ∞     ∞     ∞     ∞     ∞     ∞     ∞     ∞     ∞     ∞     ∞     ∞     ∞     ∞     ∞     ∞     ∞       0     ∞     ∞     ∞     ∞     ∞     ∞     ∞     ∞     ∞     ∞     ∞
[2026-05-23 18:10:29.586] [debug] [State 5]   x23      ∞     ∞     ∞     ∞     ∞     ∞     ∞     ∞     ∞     ∞     ∞     ∞     ∞     ∞     ∞     ∞     ∞     ∞     ∞     ∞     ∞     ∞     ∞       0     ∞     ∞     ∞     ∞     ∞     ∞     ∞     ∞     ∞     ∞
[2026-05-23 18:10:29.586] [debug] [State 5]   x24      ∞     ∞     ∞     ∞     ∞     ∞     ∞     ∞     ∞     ∞     ∞     ∞     ∞     ∞     ∞     ∞     ∞     ∞     ∞     ∞     ∞     ∞     ∞     ∞       0     ∞     ∞     ∞     ∞     ∞     ∞     ∞     ∞     ∞
[2026-05-23 18:10:29.586] [debug] [State 5]   x25      ∞     ∞     ∞     ∞     ∞     ∞     ∞     ∞     ∞     ∞     ∞     ∞     ∞     ∞     ∞     ∞     ∞     ∞     ∞     ∞     ∞     ∞     ∞     ∞     ∞       0     ∞     ∞     ∞     ∞     ∞     ∞     ∞     ∞
[2026-05-23 18:10:29.586] [debug] [State 5]   x26      ∞     ∞     ∞     ∞     ∞     ∞     ∞     ∞     ∞     ∞     ∞     ∞     ∞     ∞     ∞     ∞     ∞     ∞     ∞     ∞     ∞     ∞     ∞     ∞     ∞     ∞       0     ∞     ∞     ∞     ∞     ∞     ∞     ∞
[2026-05-23 18:10:29.586] [debug] [State 5]   x27      ∞     ∞     ∞     ∞     ∞     ∞     ∞     ∞     ∞     ∞     ∞     ∞     ∞     ∞     ∞     ∞     ∞     ∞     ∞     ∞     ∞     ∞     ∞     ∞     ∞     ∞     ∞       0     ∞     ∞     ∞     ∞     ∞     ∞
[2026-05-23 18:10:29.586] [debug] [State 5]   x28      ∞     ∞     ∞     ∞     ∞     ∞     ∞     ∞     ∞     ∞     ∞     ∞     ∞     ∞     ∞     ∞     ∞     ∞     ∞     ∞     ∞     ∞     ∞     ∞     ∞     ∞     ∞     ∞       0     ∞     ∞     ∞     ∞     ∞
[2026-05-23 18:10:29.586] [debug] [State 5]   x29      ∞     ∞     ∞     ∞     ∞     ∞     ∞     ∞     ∞     ∞     ∞     ∞     ∞     ∞     ∞     ∞     ∞     ∞     ∞     ∞     ∞     ∞     ∞     ∞     ∞     ∞     ∞     ∞     ∞       0     ∞     ∞     ∞     ∞
[2026-05-23 18:10:29.586] [debug] [State 5]   x30      ∞     ∞     ∞     ∞     ∞     ∞     ∞     ∞     ∞     ∞     ∞     ∞     ∞     ∞     ∞     ∞     ∞     ∞     ∞     ∞     ∞     ∞     ∞     ∞     ∞     ∞     ∞     ∞     ∞     ∞       0     ∞     ∞     ∞
[2026-05-23 18:10:29.586] [debug] [State 5]   x31      ∞     ∞     ∞     ∞     ∞     ∞     ∞     ∞     ∞     ∞     ∞     ∞     ∞     ∞     ∞     ∞     ∞     ∞     ∞     ∞     ∞     ∞     ∞     ∞     ∞     ∞     ∞     ∞     ∞     ∞     ∞       0     ∞     ∞
[2026-05-23 18:10:29.586] [debug] [State 5]   x32      ∞     ∞     ∞     ∞     ∞     ∞     ∞     ∞     ∞     ∞     ∞     ∞     ∞     ∞     ∞     ∞     ∞     ∞     ∞     ∞     ∞     ∞     ∞     ∞     ∞     ∞     ∞     ∞     ∞     ∞     ∞     ∞       0     ∞
[2026-05-23 18:10:29.586] [debug] [State 5]   x33      ∞     ∞     ∞     ∞     ∞     ∞     ∞     ∞     ∞     ∞     ∞     ∞     ∞     ∞     ∞     ∞     ∞     ∞     ∞     ∞     ∞     ∞     ∞     ∞     ∞     ∞     ∞     ∞     ∞     ∞     ∞     ∞     ∞       0
[2026-05-23 18:10:29.586] [debug] [State 5] ==========================================
[2026-05-23 18:10:29.586] [debug] [STATE] State 5 --T4@50--> candidate
[2026-05-23 18:10:29.586] [debug] [STATE]   [New] Add state 17 to graph and frontier
[2026-05-23 18:10:29.586] [debug] [New state 17] ========== State Class Details: ID=17 ==========
[2026-05-23 18:10:29.586] [debug] [New state 17] Places: [P0(Fentry)=0, P1(Fready)=0, P2(Fexit)=0, P3(Eentry)=0, P4(Eready)=0, P5(Eexit)=0, P6(Aentry)=0, P7(Aready)=1, P8(Aexit)=0, P9(Dentry)=1, P10(Dready)=0, P11(Dexit)=0, P12(Centry)=0, P13(Cready)=0, P14(Cexit)=0, P15(Bentry)=0, P16(Bready)=0, P17(Bexit)=0, P18(A_cfg_random)=1, P19(D_cfg_random)=1, P20(E_suspended_C_0)=0, P21(D_suspended_C_1)=0, P22(D_suspended_E_2)=0, P23(A_suspended_B_3)=0, P24(F_suspended_B_4)=0, P25(F_suspended_A_5)=0, P26(core0)=0, P27(core1)=1]
[2026-05-23 18:10:29.586] [debug] [New state 17] Enabled: T5(Aexec, priority=97, core=0, suspendable), T6(Dget_core, priority=97, core=1), T17(A_cfg_fire, priority=2147483647, core=-1), T18(D_cfg_fire, priority=2147483647, core=-1)
[2026-05-23 18:10:29.586] [debug] [New state 17] Cumulative time: 50
[2026-05-23 18:10:29.586] [debug] [New state 17] Z1 (non-suspendable):
[2026-05-23 18:10:29.586] [debug] [New state 17]   DBM(size=34):
[2026-05-23 18:10:29.586] [debug] [New state 17]             x0       x1       x2       x3       x4       x5       x6       x7       x8       x9       x10       x11       x12       x13       x14       x15       x16       x17       x18       x19       x20       x21       x22       x23       x24       x25       x26       x27       x28       x29       x30       x31       x32       x33
[2026-05-23 18:10:29.586] [debug] [New state 17]   x0        0       0       0       0       0       0       0     -50       0       0       0       0       0       0       0       0       0       0    -150       0       0       0       0       0       0       0       0       0       0       0       0       0       0       0
[2026-05-23 18:10:29.586] [debug] [New state 17]   x1      ∞       0     ∞     ∞     ∞     ∞     ∞     ∞     ∞     ∞     ∞     ∞     ∞     ∞     ∞     ∞     ∞     ∞     ∞     ∞     ∞     ∞     ∞     ∞     ∞     ∞     ∞     ∞     ∞     ∞     ∞     ∞     ∞     ∞
[2026-05-23 18:10:29.586] [debug] [New state 17]   x2      ∞     ∞       0     ∞     ∞     ∞     ∞     ∞     ∞     ∞     ∞     ∞     ∞     ∞     ∞     ∞     ∞     ∞     ∞     ∞     ∞     ∞     ∞     ∞     ∞     ∞     ∞     ∞     ∞     ∞     ∞     ∞     ∞     ∞
[2026-05-23 18:10:29.586] [debug] [New state 17]   x3      ∞     ∞     ∞       0     ∞     ∞     ∞     ∞     ∞     ∞     ∞     ∞     ∞     ∞     ∞     ∞     ∞     ∞     ∞     ∞     ∞     ∞     ∞     ∞     ∞     ∞     ∞     ∞     ∞     ∞     ∞     ∞     ∞     ∞
[2026-05-23 18:10:29.586] [debug] [New state 17]   x4      ∞     ∞     ∞     ∞       0     ∞     ∞     ∞     ∞     ∞     ∞     ∞     ∞     ∞     ∞     ∞     ∞     ∞     ∞     ∞     ∞     ∞     ∞     ∞     ∞     ∞     ∞     ∞     ∞     ∞     ∞     ∞     ∞     ∞
[2026-05-23 18:10:29.586] [debug] [New state 17]   x5      ∞     ∞     ∞     ∞     ∞       0     ∞     ∞     ∞     ∞     ∞     ∞     ∞     ∞     ∞     ∞     ∞     ∞     ∞     ∞     ∞     ∞     ∞     ∞     ∞     ∞     ∞     ∞     ∞     ∞     ∞     ∞     ∞     ∞
[2026-05-23 18:10:29.586] [debug] [New state 17]   x6      ∞     ∞     ∞     ∞     ∞     ∞       0     ∞     ∞     ∞     ∞     ∞     ∞     ∞     ∞     ∞     ∞     ∞     ∞     ∞     ∞     ∞     ∞     ∞     ∞     ∞     ∞     ∞     ∞     ∞     ∞     ∞     ∞     ∞
[2026-05-23 18:10:29.586] [debug] [New state 17]   x7       50      50      50      50      50      50      50       0      50      50      50      50      50      50      50      50      50      50    -100      50      50      50      50      50      50      50      50      50      50      50      50      50      50      50
[2026-05-23 18:10:29.586] [debug] [New state 17]   x8      ∞     ∞     ∞     ∞     ∞     ∞     ∞     ∞       0     ∞     ∞     ∞     ∞     ∞     ∞     ∞     ∞     ∞     ∞     ∞     ∞     ∞     ∞     ∞     ∞     ∞     ∞     ∞     ∞     ∞     ∞     ∞     ∞     ∞
[2026-05-23 18:10:29.586] [debug] [New state 17]   x9      ∞     ∞     ∞     ∞     ∞     ∞     ∞     ∞     ∞       0     ∞     ∞     ∞     ∞     ∞     ∞     ∞     ∞     ∞     ∞     ∞     ∞     ∞     ∞     ∞     ∞     ∞     ∞     ∞     ∞     ∞     ∞     ∞     ∞
[2026-05-23 18:10:29.586] [debug] [New state 17]   x10      ∞     ∞     ∞     ∞     ∞     ∞     ∞     ∞     ∞     ∞       0     ∞     ∞     ∞     ∞     ∞     ∞     ∞     ∞     ∞     ∞     ∞     ∞     ∞     ∞     ∞     ∞     ∞     ∞     ∞     ∞     ∞     ∞     ∞
[2026-05-23 18:10:29.586] [debug] [New state 17]   x11      ∞     ∞     ∞     ∞     ∞     ∞     ∞     ∞     ∞     ∞     ∞       0     ∞     ∞     ∞     ∞     ∞     ∞     ∞     ∞     ∞     ∞     ∞     ∞     ∞     ∞     ∞     ∞     ∞     ∞     ∞     ∞     ∞     ∞
[2026-05-23 18:10:29.586] [debug] [New state 17]   x12      ∞     ∞     ∞     ∞     ∞     ∞     ∞     ∞     ∞     ∞     ∞     ∞       0     ∞     ∞     ∞     ∞     ∞     ∞     ∞     ∞     ∞     ∞     ∞     ∞     ∞     ∞     ∞     ∞     ∞     ∞     ∞     ∞     ∞
[2026-05-23 18:10:29.586] [debug] [New state 17]   x13      ∞     ∞     ∞     ∞     ∞     ∞     ∞     ∞     ∞     ∞     ∞     ∞     ∞       0     ∞     ∞     ∞     ∞     ∞     ∞     ∞     ∞     ∞     ∞     ∞     ∞     ∞     ∞     ∞     ∞     ∞     ∞     ∞     ∞
[2026-05-23 18:10:29.586] [debug] [New state 17]   x14      ∞     ∞     ∞     ∞     ∞     ∞     ∞     ∞     ∞     ∞     ∞     ∞     ∞     ∞       0     ∞     ∞     ∞     ∞     ∞     ∞     ∞     ∞     ∞     ∞     ∞     ∞     ∞     ∞     ∞     ∞     ∞     ∞     ∞
[2026-05-23 18:10:29.586] [debug] [New state 17]   x15      ∞     ∞     ∞     ∞     ∞     ∞     ∞     ∞     ∞     ∞     ∞     ∞     ∞     ∞     ∞       0     ∞     ∞     ∞     ∞     ∞     ∞     ∞     ∞     ∞     ∞     ∞     ∞     ∞     ∞     ∞     ∞     ∞     ∞
[2026-05-23 18:10:29.586] [debug] [New state 17]   x16      ∞     ∞     ∞     ∞     ∞     ∞     ∞     ∞     ∞     ∞     ∞     ∞     ∞     ∞     ∞     ∞       0     ∞     ∞     ∞     ∞     ∞     ∞     ∞     ∞     ∞     ∞     ∞     ∞     ∞     ∞     ∞     ∞     ∞
[2026-05-23 18:10:29.586] [debug] [New state 17]   x17      ∞     ∞     ∞     ∞     ∞     ∞     ∞     ∞     ∞     ∞     ∞     ∞     ∞     ∞     ∞     ∞     ∞       0     ∞     ∞     ∞     ∞     ∞     ∞     ∞     ∞     ∞     ∞     ∞     ∞     ∞     ∞     ∞     ∞
[2026-05-23 18:10:29.586] [debug] [New state 17]   x18      150     150     150     150     150     150     150     100     150     150     150     150     150     150     150     150     150     150       0     150     150     150     150     150     150     150     150     150     150     150     150     150     150     150
[2026-05-23 18:10:29.586] [debug] [New state 17]   x19        0       0       0       0       0       0       0     -50       0       0       0       0       0       0       0       0       0       0    -150       0       0       0       0       0       0       0       0       0       0       0       0       0       0       0
[2026-05-23 18:10:29.586] [debug] [New state 17]   x20      ∞     ∞     ∞     ∞     ∞     ∞     ∞     ∞     ∞     ∞     ∞     ∞     ∞     ∞     ∞     ∞     ∞     ∞     ∞     ∞       0     ∞     ∞     ∞     ∞     ∞     ∞     ∞     ∞     ∞     ∞     ∞     ∞     ∞
[2026-05-23 18:10:29.586] [debug] [New state 17]   x21      ∞     ∞     ∞     ∞     ∞     ∞     ∞     ∞     ∞     ∞     ∞     ∞     ∞     ∞     ∞     ∞     ∞     ∞     ∞     ∞     ∞       0     ∞     ∞     ∞     ∞     ∞     ∞     ∞     ∞     ∞     ∞     ∞     ∞
[2026-05-23 18:10:29.586] [debug] [New state 17]   x22      ∞     ∞     ∞     ∞     ∞     ∞     ∞     ∞     ∞     ∞     ∞     ∞     ∞     ∞     ∞     ∞     ∞     ∞     ∞     ∞     ∞     ∞       0     ∞     ∞     ∞     ∞     ∞     ∞     ∞     ∞     ∞     ∞     ∞
[2026-05-23 18:10:29.586] [debug] [New state 17]   x23      ∞     ∞     ∞     ∞     ∞     ∞     ∞     ∞     ∞     ∞     ∞     ∞     ∞     ∞     ∞     ∞     ∞     ∞     ∞     ∞     ∞     ∞     ∞       0     ∞     ∞     ∞     ∞     ∞     ∞     ∞     ∞     ∞     ∞
[2026-05-23 18:10:29.586] [debug] [New state 17]   x24      ∞     ∞     ∞     ∞     ∞     ∞     ∞     ∞     ∞     ∞     ∞     ∞     ∞     ∞     ∞     ∞     ∞     ∞     ∞     ∞     ∞     ∞     ∞     ∞       0     ∞     ∞     ∞     ∞     ∞     ∞     ∞     ∞     ∞
[2026-05-23 18:10:29.586] [debug] [New state 17]   x25      ∞     ∞     ∞     ∞     ∞     ∞     ∞     ∞     ∞     ∞     ∞     ∞     ∞     ∞     ∞     ∞     ∞     ∞     ∞     ∞     ∞     ∞     ∞     ∞     ∞       0     ∞     ∞     ∞     ∞     ∞     ∞     ∞     ∞
[2026-05-23 18:10:29.586] [debug] [New state 17]   x26      ∞     ∞     ∞     ∞     ∞     ∞     ∞     ∞     ∞     ∞     ∞     ∞     ∞     ∞     ∞     ∞     ∞     ∞     ∞     ∞     ∞     ∞     ∞     ∞     ∞     ∞       0     ∞     ∞     ∞     ∞     ∞     ∞     ∞
[2026-05-23 18:10:29.586] [debug] [New state 17]   x27      ∞     ∞     ∞     ∞     ∞     ∞     ∞     ∞     ∞     ∞     ∞     ∞     ∞     ∞     ∞     ∞     ∞     ∞     ∞     ∞     ∞     ∞     ∞     ∞     ∞     ∞     ∞       0     ∞     ∞     ∞     ∞     ∞     ∞
[2026-05-23 18:10:29.586] [debug] [New state 17]   x28      ∞     ∞     ∞     ∞     ∞     ∞     ∞     ∞     ∞     ∞     ∞     ∞     ∞     ∞     ∞     ∞     ∞     ∞     ∞     ∞     ∞     ∞     ∞     ∞     ∞     ∞     ∞     ∞       0     ∞     ∞     ∞     ∞     ∞
[2026-05-23 18:10:29.586] [debug] [New state 17]   x29      ∞     ∞     ∞     ∞     ∞     ∞     ∞     ∞     ∞     ∞     ∞     ∞     ∞     ∞     ∞     ∞     ∞     ∞     ∞     ∞     ∞     ∞     ∞     ∞     ∞     ∞     ∞     ∞     ∞       0     ∞     ∞     ∞     ∞
[2026-05-23 18:10:29.586] [debug] [New state 17]   x30      ∞     ∞     ∞     ∞     ∞     ∞     ∞     ∞     ∞     ∞     ∞     ∞     ∞     ∞     ∞     ∞     ∞     ∞     ∞     ∞     ∞     ∞     ∞     ∞     ∞     ∞     ∞     ∞     ∞     ∞       0     ∞     ∞     ∞
[2026-05-23 18:10:29.586] [debug] [New state 17]   x31      ∞     ∞     ∞     ∞     ∞     ∞     ∞     ∞     ∞     ∞     ∞     ∞     ∞     ∞     ∞     ∞     ∞     ∞     ∞     ∞     ∞     ∞     ∞     ∞     ∞     ∞     ∞     ∞     ∞     ∞     ∞       0     ∞     ∞
[2026-05-23 18:10:29.586] [debug] [New state 17]   x32      ∞     ∞     ∞     ∞     ∞     ∞     ∞     ∞     ∞     ∞     ∞     ∞     ∞     ∞     ∞     ∞     ∞     ∞     ∞     ∞     ∞     ∞     ∞     ∞     ∞     ∞     ∞     ∞     ∞     ∞     ∞     ∞       0     ∞
[2026-05-23 18:10:29.586] [debug] [New state 17]   x33      ∞     ∞     ∞     ∞     ∞     ∞     ∞     ∞     ∞     ∞     ∞     ∞     ∞     ∞     ∞     ∞     ∞     ∞     ∞     ∞     ∞     ∞     ∞     ∞     ∞     ∞     ∞     ∞     ∞     ∞     ∞     ∞     ∞       0
[2026-05-23 18:10:29.586] [debug] [New state 17] Z2 (suspendable):
[2026-05-23 18:10:29.586] [debug] [New state 17]   DBM(size=34):
[2026-05-23 18:10:29.586] [debug] [New state 17]             x0       x1       x2       x3       x4       x5       x6       x7       x8       x9       x10       x11       x12       x13       x14       x15       x16       x17       x18       x19       x20       x21       x22       x23       x24       x25       x26       x27       x28       x29       x30       x31       x32       x33
[2026-05-23 18:10:29.586] [debug] [New state 17]   x0        0       0       0       0       0       0      -8       0       0       0       0       0       0       0       0       0       0       0       0       0       0       0       0       0       0       0       0       0       0       0       0       0       0       0
[2026-05-23 18:10:29.586] [debug] [New state 17]   x1      ∞       0     ∞     ∞     ∞     ∞     ∞     ∞     ∞     ∞     ∞     ∞     ∞     ∞     ∞     ∞     ∞     ∞     ∞     ∞     ∞     ∞     ∞     ∞     ∞     ∞     ∞     ∞     ∞     ∞     ∞     ∞     ∞     ∞
[2026-05-23 18:10:29.586] [debug] [New state 17]   x2      ∞     ∞       0     ∞     ∞     ∞     ∞     ∞     ∞     ∞     ∞     ∞     ∞     ∞     ∞     ∞     ∞     ∞     ∞     ∞     ∞     ∞     ∞     ∞     ∞     ∞     ∞     ∞     ∞     ∞     ∞     ∞     ∞     ∞
[2026-05-23 18:10:29.586] [debug] [New state 17]   x3      ∞     ∞     ∞       0     ∞     ∞     ∞     ∞     ∞     ∞     ∞     ∞     ∞     ∞     ∞     ∞     ∞     ∞     ∞     ∞     ∞     ∞     ∞     ∞     ∞     ∞     ∞     ∞     ∞     ∞     ∞     ∞     ∞     ∞
[2026-05-23 18:10:29.586] [debug] [New state 17]   x4      ∞     ∞     ∞     ∞       0     ∞     ∞     ∞     ∞     ∞     ∞     ∞     ∞     ∞     ∞     ∞     ∞     ∞     ∞     ∞     ∞     ∞     ∞     ∞     ∞     ∞     ∞     ∞     ∞     ∞     ∞     ∞     ∞     ∞
[2026-05-23 18:10:29.586] [debug] [New state 17]   x5      ∞     ∞     ∞     ∞     ∞       0     ∞     ∞     ∞     ∞     ∞     ∞     ∞     ∞     ∞     ∞     ∞     ∞     ∞     ∞     ∞     ∞     ∞     ∞     ∞     ∞     ∞     ∞     ∞     ∞     ∞     ∞     ∞     ∞
[2026-05-23 18:10:29.586] [debug] [New state 17]   x6        8       8       8       8       8       8       0       8       8       8       8       8       8       8       8       8       8       8       8       8       8       8       8       8       8       8       8       8       8       8       8       8       8       8
[2026-05-23 18:10:29.586] [debug] [New state 17]   x7      ∞     ∞     ∞     ∞     ∞     ∞     ∞       0     ∞     ∞     ∞     ∞     ∞     ∞     ∞     ∞     ∞     ∞     ∞     ∞     ∞     ∞     ∞     ∞     ∞     ∞     ∞     ∞     ∞     ∞     ∞     ∞     ∞     ∞
[2026-05-23 18:10:29.586] [debug] [New state 17]   x8      ∞     ∞     ∞     ∞     ∞     ∞     ∞     ∞       0     ∞     ∞     ∞     ∞     ∞     ∞     ∞     ∞     ∞     ∞     ∞     ∞     ∞     ∞     ∞     ∞     ∞     ∞     ∞     ∞     ∞     ∞     ∞     ∞     ∞
[2026-05-23 18:10:29.586] [debug] [New state 17]   x9      ∞     ∞     ∞     ∞     ∞     ∞     ∞     ∞     ∞       0     ∞     ∞     ∞     ∞     ∞     ∞     ∞     ∞     ∞     ∞     ∞     ∞     ∞     ∞     ∞     ∞     ∞     ∞     ∞     ∞     ∞     ∞     ∞     ∞
[2026-05-23 18:10:29.586] [debug] [New state 17]   x10      ∞     ∞     ∞     ∞     ∞     ∞     ∞     ∞     ∞     ∞       0     ∞     ∞     ∞     ∞     ∞     ∞     ∞     ∞     ∞     ∞     ∞     ∞     ∞     ∞     ∞     ∞     ∞     ∞     ∞     ∞     ∞     ∞     ∞
[2026-05-23 18:10:29.586] [debug] [New state 17]   x11      ∞     ∞     ∞     ∞     ∞     ∞     ∞     ∞     ∞     ∞     ∞       0     ∞     ∞     ∞     ∞     ∞     ∞     ∞     ∞     ∞     ∞     ∞     ∞     ∞     ∞     ∞     ∞     ∞     ∞     ∞     ∞     ∞     ∞
[2026-05-23 18:10:29.586] [debug] [New state 17]   x12      ∞     ∞     ∞     ∞     ∞     ∞     ∞     ∞     ∞     ∞     ∞     ∞       0     ∞     ∞     ∞     ∞     ∞     ∞     ∞     ∞     ∞     ∞     ∞     ∞     ∞     ∞     ∞     ∞     ∞     ∞     ∞     ∞     ∞
[2026-05-23 18:10:29.586] [debug] [New state 17]   x13      ∞     ∞     ∞     ∞     ∞     ∞     ∞     ∞     ∞     ∞     ∞     ∞     ∞       0     ∞     ∞     ∞     ∞     ∞     ∞     ∞     ∞     ∞     ∞     ∞     ∞     ∞     ∞     ∞     ∞     ∞     ∞     ∞     ∞
[2026-05-23 18:10:29.586] [debug] [New state 17]   x14      ∞     ∞     ∞     ∞     ∞     ∞     ∞     ∞     ∞     ∞     ∞     ∞     ∞     ∞       0     ∞     ∞     ∞     ∞     ∞     ∞     ∞     ∞     ∞     ∞     ∞     ∞     ∞     ∞     ∞     ∞     ∞     ∞     ∞
[2026-05-23 18:10:29.586] [debug] [New state 17]   x15      ∞     ∞     ∞     ∞     ∞     ∞     ∞     ∞     ∞     ∞     ∞     ∞     ∞     ∞     ∞       0     ∞     ∞     ∞     ∞     ∞     ∞     ∞     ∞     ∞     ∞     ∞     ∞     ∞     ∞     ∞     ∞     ∞     ∞
[2026-05-23 18:10:29.586] [debug] [New state 17]   x16      ∞     ∞     ∞     ∞     ∞     ∞     ∞     ∞     ∞     ∞     ∞     ∞     ∞     ∞     ∞     ∞       0     ∞     ∞     ∞     ∞     ∞     ∞     ∞     ∞     ∞     ∞     ∞     ∞     ∞     ∞     ∞     ∞     ∞
[2026-05-23 18:10:29.586] [debug] [New state 17]   x17      ∞     ∞     ∞     ∞     ∞     ∞     ∞     ∞     ∞     ∞     ∞     ∞     ∞     ∞     ∞     ∞     ∞       0     ∞     ∞     ∞     ∞     ∞     ∞     ∞     ∞     ∞     ∞     ∞     ∞     ∞     ∞     ∞     ∞
[2026-05-23 18:10:29.586] [debug] [New state 17]   x18      ∞     ∞     ∞     ∞     ∞     ∞     ∞     ∞     ∞     ∞     ∞     ∞     ∞     ∞     ∞     ∞     ∞     ∞       0     ∞     ∞     ∞     ∞     ∞     ∞     ∞     ∞     ∞     ∞     ∞     ∞     ∞     ∞     ∞
[2026-05-23 18:10:29.586] [debug] [New state 17]   x19      ∞     ∞     ∞     ∞     ∞     ∞     ∞     ∞     ∞     ∞     ∞     ∞     ∞     ∞     ∞     ∞     ∞     ∞     ∞       0     ∞     ∞     ∞     ∞     ∞     ∞     ∞     ∞     ∞     ∞     ∞     ∞     ∞     ∞
[2026-05-23 18:10:29.586] [debug] [New state 17]   x20      ∞     ∞     ∞     ∞     ∞     ∞     ∞     ∞     ∞     ∞     ∞     ∞     ∞     ∞     ∞     ∞     ∞     ∞     ∞     ∞       0     ∞     ∞     ∞     ∞     ∞     ∞     ∞     ∞     ∞     ∞     ∞     ∞     ∞
[2026-05-23 18:10:29.586] [debug] [New state 17]   x21      ∞     ∞     ∞     ∞     ∞     ∞     ∞     ∞     ∞     ∞     ∞     ∞     ∞     ∞     ∞     ∞     ∞     ∞     ∞     ∞     ∞       0     ∞     ∞     ∞     ∞     ∞     ∞     ∞     ∞     ∞     ∞     ∞     ∞
[2026-05-23 18:10:29.586] [debug] [New state 17]   x22      ∞     ∞     ∞     ∞     ∞     ∞     ∞     ∞     ∞     ∞     ∞     ∞     ∞     ∞     ∞     ∞     ∞     ∞     ∞     ∞     ∞     ∞       0     ∞     ∞     ∞     ∞     ∞     ∞     ∞     ∞     ∞     ∞     ∞
[2026-05-23 18:10:29.586] [debug] [New state 17]   x23      ∞     ∞     ∞     ∞     ∞     ∞     ∞     ∞     ∞     ∞     ∞     ∞     ∞     ∞     ∞     ∞     ∞     ∞     ∞     ∞     ∞     ∞     ∞       0     ∞     ∞     ∞     ∞     ∞     ∞     ∞     ∞     ∞     ∞
[2026-05-23 18:10:29.586] [debug] [New state 17]   x24      ∞     ∞     ∞     ∞     ∞     ∞     ∞     ∞     ∞     ∞     ∞     ∞     ∞     ∞     ∞     ∞     ∞     ∞     ∞     ∞     ∞     ∞     ∞     ∞       0     ∞     ∞     ∞     ∞     ∞     ∞     ∞     ∞     ∞
[2026-05-23 18:10:29.586] [debug] [New state 17]   x25      ∞     ∞     ∞     ∞     ∞     ∞     ∞     ∞     ∞     ∞     ∞     ∞     ∞     ∞     ∞     ∞     ∞     ∞     ∞     ∞     ∞     ∞     ∞     ∞     ∞       0     ∞     ∞     ∞     ∞     ∞     ∞     ∞     ∞
[2026-05-23 18:10:29.586] [debug] [New state 17]   x26      ∞     ∞     ∞     ∞     ∞     ∞     ∞     ∞     ∞     ∞     ∞     ∞     ∞     ∞     ∞     ∞     ∞     ∞     ∞     ∞     ∞     ∞     ∞     ∞     ∞     ∞       0     ∞     ∞     ∞     ∞     ∞     ∞     ∞
[2026-05-23 18:10:29.586] [debug] [New state 17]   x27      ∞     ∞     ∞     ∞     ∞     ∞     ∞     ∞     ∞     ∞     ∞     ∞     ∞     ∞     ∞     ∞     ∞     ∞     ∞     ∞     ∞     ∞     ∞     ∞     ∞     ∞     ∞       0     ∞     ∞     ∞     ∞     ∞     ∞
[2026-05-23 18:10:29.586] [debug] [New state 17]   x28      ∞     ∞     ∞     ∞     ∞     ∞     ∞     ∞     ∞     ∞     ∞     ∞     ∞     ∞     ∞     ∞     ∞     ∞     ∞     ∞     ∞     ∞     ∞     ∞     ∞     ∞     ∞     ∞       0     ∞     ∞     ∞     ∞     ∞
[2026-05-23 18:10:29.586] [debug] [New state 17]   x29      ∞     ∞     ∞     ∞     ∞     ∞     ∞     ∞     ∞     ∞     ∞     ∞     ∞     ∞     ∞     ∞     ∞     ∞     ∞     ∞     ∞     ∞     ∞     ∞     ∞     ∞     ∞     ∞     ∞       0     ∞     ∞     ∞     ∞
[2026-05-23 18:10:29.586] [debug] [New state 17]   x30      ∞     ∞     ∞     ∞     ∞     ∞     ∞     ∞     ∞     ∞     ∞     ∞     ∞     ∞     ∞     ∞     ∞     ∞     ∞     ∞     ∞     ∞     ∞     ∞     ∞     ∞     ∞     ∞     ∞     ∞       0     ∞     ∞     ∞
[2026-05-23 18:10:29.586] [debug] [New state 17]   x31      ∞     ∞     ∞     ∞     ∞     ∞     ∞     ∞     ∞     ∞     ∞     ∞     ∞     ∞     ∞     ∞     ∞     ∞     ∞     ∞     ∞     ∞     ∞     ∞     ∞     ∞     ∞     ∞     ∞     ∞     ∞       0     ∞     ∞
[2026-05-23 18:10:29.587] [debug] [New state 17]   x32      ∞     ∞     ∞     ∞     ∞     ∞     ∞     ∞     ∞     ∞     ∞     ∞     ∞     ∞     ∞     ∞     ∞     ∞     ∞     ∞     ∞     ∞     ∞     ∞     ∞     ∞     ∞     ∞     ∞     ∞     ∞     ∞       0     ∞
[2026-05-23 18:10:29.587] [debug] [New state 17]   x33      ∞     ∞     ∞     ∞     ∞     ∞     ∞     ∞     ∞     ∞     ∞     ∞     ∞     ∞     ∞     ∞     ∞     ∞     ∞     ∞     ∞     ∞     ∞     ∞     ∞     ∞     ∞     ∞     ∞     ∞     ∞     ∞     ∞       0
[2026-05-23 18:10:29.587] [debug] [New state 17] ==========================================
[2026-05-23 18:10:29.587] [debug] [STATE] State 5 --T6@50--> candidate
[2026-05-23 18:10:29.587] [debug] [STATE]   [New] Add state 18 to graph and frontier
[2026-05-23 18:10:29.587] [debug] [New state 18] ========== State Class Details: ID=18 ==========
[2026-05-23 18:10:29.587] [debug] [New state 18] Places: [P0(Fentry)=0, P1(Fready)=0, P2(Fexit)=0, P3(Eentry)=0, P4(Eready)=0, P5(Eexit)=0, P6(Aentry)=1, P7(Aready)=0, P8(Aexit)=0, P9(Dentry)=0, P10(Dready)=1, P11(Dexit)=0, P12(Centry)=0, P13(Cready)=0, P14(Cexit)=0, P15(Bentry)=0, P16(Bready)=0, P17(Bexit)=0, P18(A_cfg_random)=1, P19(D_cfg_random)=1, P20(E_suspended_C_0)=0, P21(D_suspended_C_1)=0, P22(D_suspended_E_2)=0, P23(A_suspended_B_3)=0, P24(F_suspended_B_4)=0, P25(F_suspended_A_5)=0, P26(core0)=1, P27(core1)=0]
[2026-05-23 18:10:29.587] [debug] [New state 18] Enabled: T4(Aget_core, priority=97, core=0), T7(Dexec, priority=97, core=1, suspendable), T17(A_cfg_fire, priority=2147483647, core=-1), T18(D_cfg_fire, priority=2147483647, core=-1)
[2026-05-23 18:10:29.587] [debug] [New state 18] Cumulative time: 50
[2026-05-23 18:10:29.587] [debug] [New state 18] Z1 (non-suspendable):
[2026-05-23 18:10:29.587] [debug] [New state 18]   DBM(size=34):
[2026-05-23 18:10:29.587] [debug] [New state 18]             x0       x1       x2       x3       x4       x5       x6       x7       x8       x9       x10       x11       x12       x13       x14       x15       x16       x17       x18       x19       x20       x21       x22       x23       x24       x25       x26       x27       x28       x29       x30       x31       x32       x33
[2026-05-23 18:10:29.587] [debug] [New state 18]   x0        0       0       0       0       0     -50       0       0       0       0       0       0       0       0       0       0       0       0    -150       0       0       0       0       0       0       0       0       0       0       0       0       0       0       0
[2026-05-23 18:10:29.587] [debug] [New state 18]   x1      ∞       0     ∞     ∞     ∞     ∞     ∞     ∞     ∞     ∞     ∞     ∞     ∞     ∞     ∞     ∞     ∞     ∞     ∞     ∞     ∞     ∞     ∞     ∞     ∞     ∞     ∞     ∞     ∞     ∞     ∞     ∞     ∞     ∞
[2026-05-23 18:10:29.587] [debug] [New state 18]   x2      ∞     ∞       0     ∞     ∞     ∞     ∞     ∞     ∞     ∞     ∞     ∞     ∞     ∞     ∞     ∞     ∞     ∞     ∞     ∞     ∞     ∞     ∞     ∞     ∞     ∞     ∞     ∞     ∞     ∞     ∞     ∞     ∞     ∞
[2026-05-23 18:10:29.587] [debug] [New state 18]   x3      ∞     ∞     ∞       0     ∞     ∞     ∞     ∞     ∞     ∞     ∞     ∞     ∞     ∞     ∞     ∞     ∞     ∞     ∞     ∞     ∞     ∞     ∞     ∞     ∞     ∞     ∞     ∞     ∞     ∞     ∞     ∞     ∞     ∞
[2026-05-23 18:10:29.587] [debug] [New state 18]   x4      ∞     ∞     ∞     ∞       0     ∞     ∞     ∞     ∞     ∞     ∞     ∞     ∞     ∞     ∞     ∞     ∞     ∞     ∞     ∞     ∞     ∞     ∞     ∞     ∞     ∞     ∞     ∞     ∞     ∞     ∞     ∞     ∞     ∞
[2026-05-23 18:10:29.587] [debug] [New state 18]   x5       50      50      50      50      50       0      50      50      50      50      50      50      50      50      50      50      50      50    -100      50      50      50      50      50      50      50      50      50      50      50      50      50      50      50
[2026-05-23 18:10:29.587] [debug] [New state 18]   x6      ∞     ∞     ∞     ∞     ∞     ∞       0     ∞     ∞     ∞     ∞     ∞     ∞     ∞     ∞     ∞     ∞     ∞     ∞     ∞     ∞     ∞     ∞     ∞     ∞     ∞     ∞     ∞     ∞     ∞     ∞     ∞     ∞     ∞
[2026-05-23 18:10:29.587] [debug] [New state 18]   x7      ∞     ∞     ∞     ∞     ∞     ∞     ∞       0     ∞     ∞     ∞     ∞     ∞     ∞     ∞     ∞     ∞     ∞     ∞     ∞     ∞     ∞     ∞     ∞     ∞     ∞     ∞     ∞     ∞     ∞     ∞     ∞     ∞     ∞
[2026-05-23 18:10:29.587] [debug] [New state 18]   x8      ∞     ∞     ∞     ∞     ∞     ∞     ∞     ∞       0     ∞     ∞     ∞     ∞     ∞     ∞     ∞     ∞     ∞     ∞     ∞     ∞     ∞     ∞     ∞     ∞     ∞     ∞     ∞     ∞     ∞     ∞     ∞     ∞     ∞
[2026-05-23 18:10:29.587] [debug] [New state 18]   x9      ∞     ∞     ∞     ∞     ∞     ∞     ∞     ∞     ∞       0     ∞     ∞     ∞     ∞     ∞     ∞     ∞     ∞     ∞     ∞     ∞     ∞     ∞     ∞     ∞     ∞     ∞     ∞     ∞     ∞     ∞     ∞     ∞     ∞
[2026-05-23 18:10:29.587] [debug] [New state 18]   x10      ∞     ∞     ∞     ∞     ∞     ∞     ∞     ∞     ∞     ∞       0     ∞     ∞     ∞     ∞     ∞     ∞     ∞     ∞     ∞     ∞     ∞     ∞     ∞     ∞     ∞     ∞     ∞     ∞     ∞     ∞     ∞     ∞     ∞
[2026-05-23 18:10:29.587] [debug] [New state 18]   x11      ∞     ∞     ∞     ∞     ∞     ∞     ∞     ∞     ∞     ∞     ∞       0     ∞     ∞     ∞     ∞     ∞     ∞     ∞     ∞     ∞     ∞     ∞     ∞     ∞     ∞     ∞     ∞     ∞     ∞     ∞     ∞     ∞     ∞
[2026-05-23 18:10:29.587] [debug] [New state 18]   x12      ∞     ∞     ∞     ∞     ∞     ∞     ∞     ∞     ∞     ∞     ∞     ∞       0     ∞     ∞     ∞     ∞     ∞     ∞     ∞     ∞     ∞     ∞     ∞     ∞     ∞     ∞     ∞     ∞     ∞     ∞     ∞     ∞     ∞
[2026-05-23 18:10:29.587] [debug] [New state 18]   x13      ∞     ∞     ∞     ∞     ∞     ∞     ∞     ∞     ∞     ∞     ∞     ∞     ∞       0     ∞     ∞     ∞     ∞     ∞     ∞     ∞     ∞     ∞     ∞     ∞     ∞     ∞     ∞     ∞     ∞     ∞     ∞     ∞     ∞
[2026-05-23 18:10:29.587] [debug] [New state 18]   x14      ∞     ∞     ∞     ∞     ∞     ∞     ∞     ∞     ∞     ∞     ∞     ∞     ∞     ∞       0     ∞     ∞     ∞     ∞     ∞     ∞     ∞     ∞     ∞     ∞     ∞     ∞     ∞     ∞     ∞     ∞     ∞     ∞     ∞
[2026-05-23 18:10:29.587] [debug] [New state 18]   x15      ∞     ∞     ∞     ∞     ∞     ∞     ∞     ∞     ∞     ∞     ∞     ∞     ∞     ∞     ∞       0     ∞     ∞     ∞     ∞     ∞     ∞     ∞     ∞     ∞     ∞     ∞     ∞     ∞     ∞     ∞     ∞     ∞     ∞
[2026-05-23 18:10:29.587] [debug] [New state 18]   x16      ∞     ∞     ∞     ∞     ∞     ∞     ∞     ∞     ∞     ∞     ∞     ∞     ∞     ∞     ∞     ∞       0     ∞     ∞     ∞     ∞     ∞     ∞     ∞     ∞     ∞     ∞     ∞     ∞     ∞     ∞     ∞     ∞     ∞
[2026-05-23 18:10:29.587] [debug] [New state 18]   x17      ∞     ∞     ∞     ∞     ∞     ∞     ∞     ∞     ∞     ∞     ∞     ∞     ∞     ∞     ∞     ∞     ∞       0     ∞     ∞     ∞     ∞     ∞     ∞     ∞     ∞     ∞     ∞     ∞     ∞     ∞     ∞     ∞     ∞
[2026-05-23 18:10:29.587] [debug] [New state 18]   x18      150     150     150     150     150     100     150     150     150     150     150     150     150     150     150     150     150     150       0     150     150     150     150     150     150     150     150     150     150     150     150     150     150     150
[2026-05-23 18:10:29.587] [debug] [New state 18]   x19        0       0       0       0       0     -50       0       0       0       0       0       0       0       0       0       0       0       0    -150       0       0       0       0       0       0       0       0       0       0       0       0       0       0       0
[2026-05-23 18:10:29.587] [debug] [New state 18]   x20      ∞     ∞     ∞     ∞     ∞     ∞     ∞     ∞     ∞     ∞     ∞     ∞     ∞     ∞     ∞     ∞     ∞     ∞     ∞     ∞       0     ∞     ∞     ∞     ∞     ∞     ∞     ∞     ∞     ∞     ∞     ∞     ∞     ∞
[2026-05-23 18:10:29.587] [debug] [New state 18]   x21      ∞     ∞     ∞     ∞     ∞     ∞     ∞     ∞     ∞     ∞     ∞     ∞     ∞     ∞     ∞     ∞     ∞     ∞     ∞     ∞     ∞       0     ∞     ∞     ∞     ∞     ∞     ∞     ∞     ∞     ∞     ∞     ∞     ∞
[2026-05-23 18:10:29.587] [debug] [New state 18]   x22      ∞     ∞     ∞     ∞     ∞     ∞     ∞     ∞     ∞     ∞     ∞     ∞     ∞     ∞     ∞     ∞     ∞     ∞     ∞     ∞     ∞     ∞       0     ∞     ∞     ∞     ∞     ∞     ∞     ∞     ∞     ∞     ∞     ∞
[2026-05-23 18:10:29.587] [debug] [New state 18]   x23      ∞     ∞     ∞     ∞     ∞     ∞     ∞     ∞     ∞     ∞     ∞     ∞     ∞     ∞     ∞     ∞     ∞     ∞     ∞     ∞     ∞     ∞     ∞       0     ∞     ∞     ∞     ∞     ∞     ∞     ∞     ∞     ∞     ∞
[2026-05-23 18:10:29.587] [debug] [New state 18]   x24      ∞     ∞     ∞     ∞     ∞     ∞     ∞     ∞     ∞     ∞     ∞     ∞     ∞     ∞     ∞     ∞     ∞     ∞     ∞     ∞     ∞     ∞     ∞     ∞       0     ∞     ∞     ∞     ∞     ∞     ∞     ∞     ∞     ∞
[2026-05-23 18:10:29.587] [debug] [New state 18]   x25      ∞     ∞     ∞     ∞     ∞     ∞     ∞     ∞     ∞     ∞     ∞     ∞     ∞     ∞     ∞     ∞     ∞     ∞     ∞     ∞     ∞     ∞     ∞     ∞     ∞       0     ∞     ∞     ∞     ∞     ∞     ∞     ∞     ∞
[2026-05-23 18:10:29.587] [debug] [New state 18]   x26      ∞     ∞     ∞     ∞     ∞     ∞     ∞     ∞     ∞     ∞     ∞     ∞     ∞     ∞     ∞     ∞     ∞     ∞     ∞     ∞     ∞     ∞     ∞     ∞     ∞     ∞       0     ∞     ∞     ∞     ∞     ∞     ∞     ∞
[2026-05-23 18:10:29.587] [debug] [New state 18]   x27      ∞     ∞     ∞     ∞     ∞     ∞     ∞     ∞     ∞     ∞     ∞     ∞     ∞     ∞     ∞     ∞     ∞     ∞     ∞     ∞     ∞     ∞     ∞     ∞     ∞     ∞     ∞       0     ∞     ∞     ∞     ∞     ∞     ∞
[2026-05-23 18:10:29.587] [debug] [New state 18]   x28      ∞     ∞     ∞     ∞     ∞     ∞     ∞     ∞     ∞     ∞     ∞     ∞     ∞     ∞     ∞     ∞     ∞     ∞     ∞     ∞     ∞     ∞     ∞     ∞     ∞     ∞     ∞     ∞       0     ∞     ∞     ∞     ∞     ∞
[2026-05-23 18:10:29.587] [debug] [New state 18]   x29      ∞     ∞     ∞     ∞     ∞     ∞     ∞     ∞     ∞     ∞     ∞     ∞     ∞     ∞     ∞     ∞     ∞     ∞     ∞     ∞     ∞     ∞     ∞     ∞     ∞     ∞     ∞     ∞     ∞       0     ∞     ∞     ∞     ∞
[2026-05-23 18:10:29.587] [debug] [New state 18]   x30      ∞     ∞     ∞     ∞     ∞     ∞     ∞     ∞     ∞     ∞     ∞     ∞     ∞     ∞     ∞     ∞     ∞     ∞     ∞     ∞     ∞     ∞     ∞     ∞     ∞     ∞     ∞     ∞     ∞     ∞       0     ∞     ∞     ∞
[2026-05-23 18:10:29.587] [debug] [New state 18]   x31      ∞     ∞     ∞     ∞     ∞     ∞     ∞     ∞     ∞     ∞     ∞     ∞     ∞     ∞     ∞     ∞     ∞     ∞     ∞     ∞     ∞     ∞     ∞     ∞     ∞     ∞     ∞     ∞     ∞     ∞     ∞       0     ∞     ∞
[2026-05-23 18:10:29.587] [debug] [New state 18]   x32      ∞     ∞     ∞     ∞     ∞     ∞     ∞     ∞     ∞     ∞     ∞     ∞     ∞     ∞     ∞     ∞     ∞     ∞     ∞     ∞     ∞     ∞     ∞     ∞     ∞     ∞     ∞     ∞     ∞     ∞     ∞     ∞       0     ∞
[2026-05-23 18:10:29.587] [debug] [New state 18]   x33      ∞     ∞     ∞     ∞     ∞     ∞     ∞     ∞     ∞     ∞     ∞     ∞     ∞     ∞     ∞     ∞     ∞     ∞     ∞     ∞     ∞     ∞     ∞     ∞     ∞     ∞     ∞     ∞     ∞     ∞     ∞     ∞     ∞       0
[2026-05-23 18:10:29.587] [debug] [New state 18] Z2 (suspendable):
[2026-05-23 18:10:29.587] [debug] [New state 18]   DBM(size=34):
[2026-05-23 18:10:29.587] [debug] [New state 18]             x0       x1       x2       x3       x4       x5       x6       x7       x8       x9       x10       x11       x12       x13       x14       x15       x16       x17       x18       x19       x20       x21       x22       x23       x24       x25       x26       x27       x28       x29       x30       x31       x32       x33
[2026-05-23 18:10:29.587] [debug] [New state 18]   x0        0       0       0       0       0       0       0       0      -8       0       0       0       0       0       0       0       0       0       0       0       0       0       0       0       0       0       0       0       0       0       0       0       0       0
[2026-05-23 18:10:29.587] [debug] [New state 18]   x1      ∞       0     ∞     ∞     ∞     ∞     ∞     ∞     ∞     ∞     ∞     ∞     ∞     ∞     ∞     ∞     ∞     ∞     ∞     ∞     ∞     ∞     ∞     ∞     ∞     ∞     ∞     ∞     ∞     ∞     ∞     ∞     ∞     ∞
[2026-05-23 18:10:29.587] [debug] [New state 18]   x2      ∞     ∞       0     ∞     ∞     ∞     ∞     ∞     ∞     ∞     ∞     ∞     ∞     ∞     ∞     ∞     ∞     ∞     ∞     ∞     ∞     ∞     ∞     ∞     ∞     ∞     ∞     ∞     ∞     ∞     ∞     ∞     ∞     ∞
[2026-05-23 18:10:29.587] [debug] [New state 18]   x3      ∞     ∞     ∞       0     ∞     ∞     ∞     ∞     ∞     ∞     ∞     ∞     ∞     ∞     ∞     ∞     ∞     ∞     ∞     ∞     ∞     ∞     ∞     ∞     ∞     ∞     ∞     ∞     ∞     ∞     ∞     ∞     ∞     ∞
[2026-05-23 18:10:29.587] [debug] [New state 18]   x4      ∞     ∞     ∞     ∞       0     ∞     ∞     ∞     ∞     ∞     ∞     ∞     ∞     ∞     ∞     ∞     ∞     ∞     ∞     ∞     ∞     ∞     ∞     ∞     ∞     ∞     ∞     ∞     ∞     ∞     ∞     ∞     ∞     ∞
[2026-05-23 18:10:29.587] [debug] [New state 18]   x5      ∞     ∞     ∞     ∞     ∞       0     ∞     ∞     ∞     ∞     ∞     ∞     ∞     ∞     ∞     ∞     ∞     ∞     ∞     ∞     ∞     ∞     ∞     ∞     ∞     ∞     ∞     ∞     ∞     ∞     ∞     ∞     ∞     ∞
[2026-05-23 18:10:29.587] [debug] [New state 18]   x6      ∞     ∞     ∞     ∞     ∞     ∞       0     ∞     ∞     ∞     ∞     ∞     ∞     ∞     ∞     ∞     ∞     ∞     ∞     ∞     ∞     ∞     ∞     ∞     ∞     ∞     ∞     ∞     ∞     ∞     ∞     ∞     ∞     ∞
[2026-05-23 18:10:29.587] [debug] [New state 18]   x7      ∞     ∞     ∞     ∞     ∞     ∞     ∞       0     ∞     ∞     ∞     ∞     ∞     ∞     ∞     ∞     ∞     ∞     ∞     ∞     ∞     ∞     ∞     ∞     ∞     ∞     ∞     ∞     ∞     ∞     ∞     ∞     ∞     ∞
[2026-05-23 18:10:29.587] [debug] [New state 18]   x8        8       8       8       8       8       8       8       8       0       8       8       8       8       8       8       8       8       8       8       8       8       8       8       8       8       8       8       8       8       8       8       8       8       8
[2026-05-23 18:10:29.587] [debug] [New state 18]   x9      ∞     ∞     ∞     ∞     ∞     ∞     ∞     ∞     ∞       0     ∞     ∞     ∞     ∞     ∞     ∞     ∞     ∞     ∞     ∞     ∞     ∞     ∞     ∞     ∞     ∞     ∞     ∞     ∞     ∞     ∞     ∞     ∞     ∞
[2026-05-23 18:10:29.587] [debug] [New state 18]   x10      ∞     ∞     ∞     ∞     ∞     ∞     ∞     ∞     ∞     ∞       0     ∞     ∞     ∞     ∞     ∞     ∞     ∞     ∞     ∞     ∞     ∞     ∞     ∞     ∞     ∞     ∞     ∞     ∞     ∞     ∞     ∞     ∞     ∞
[2026-05-23 18:10:29.587] [debug] [New state 18]   x11      ∞     ∞     ∞     ∞     ∞     ∞     ∞     ∞     ∞     ∞     ∞       0     ∞     ∞     ∞     ∞     ∞     ∞     ∞     ∞     ∞     ∞     ∞     ∞     ∞     ∞     ∞     ∞     ∞     ∞     ∞     ∞     ∞     ∞
[2026-05-23 18:10:29.587] [debug] [New state 18]   x12      ∞     ∞     ∞     ∞     ∞     ∞     ∞     ∞     ∞     ∞     ∞     ∞       0     ∞     ∞     ∞     ∞     ∞     ∞     ∞     ∞     ∞     ∞     ∞     ∞     ∞     ∞     ∞     ∞     ∞     ∞     ∞     ∞     ∞
[2026-05-23 18:10:29.587] [debug] [New state 18]   x13      ∞     ∞     ∞     ∞     ∞     ∞     ∞     ∞     ∞     ∞     ∞     ∞     ∞       0     ∞     ∞     ∞     ∞     ∞     ∞     ∞     ∞     ∞     ∞     ∞     ∞     ∞     ∞     ∞     ∞     ∞     ∞     ∞     ∞
[2026-05-23 18:10:29.587] [debug] [New state 18]   x14      ∞     ∞     ∞     ∞     ∞     ∞     ∞     ∞     ∞     ∞     ∞     ∞     ∞     ∞       0     ∞     ∞     ∞     ∞     ∞     ∞     ∞     ∞     ∞     ∞     ∞     ∞     ∞     ∞     ∞     ∞     ∞     ∞     ∞
[2026-05-23 18:10:29.587] [debug] [New state 18]   x15      ∞     ∞     ∞     ∞     ∞     ∞     ∞     ∞     ∞     ∞     ∞     ∞     ∞     ∞     ∞       0     ∞     ∞     ∞     ∞     ∞     ∞     ∞     ∞     ∞     ∞     ∞     ∞     ∞     ∞     ∞     ∞     ∞     ∞
[2026-05-23 18:10:29.587] [debug] [New state 18]   x16      ∞     ∞     ∞     ∞     ∞     ∞     ∞     ∞     ∞     ∞     ∞     ∞     ∞     ∞     ∞     ∞       0     ∞     ∞     ∞     ∞     ∞     ∞     ∞     ∞     ∞     ∞     ∞     ∞     ∞     ∞     ∞     ∞     ∞
[2026-05-23 18:10:29.587] [debug] [New state 18]   x17      ∞     ∞     ∞     ∞     ∞     ∞     ∞     ∞     ∞     ∞     ∞     ∞     ∞     ∞     ∞     ∞     ∞       0     ∞     ∞     ∞     ∞     ∞     ∞     ∞     ∞     ∞     ∞     ∞     ∞     ∞     ∞     ∞     ∞
[2026-05-23 18:10:29.587] [debug] [New state 18]   x18      ∞     ∞     ∞     ∞     ∞     ∞     ∞     ∞     ∞     ∞     ∞     ∞     ∞     ∞     ∞     ∞     ∞     ∞       0     ∞     ∞     ∞     ∞     ∞     ∞     ∞     ∞     ∞     ∞     ∞     ∞     ∞     ∞     ∞
[2026-05-23 18:10:29.587] [debug] [New state 18]   x19      ∞     ∞     ∞     ∞     ∞     ∞     ∞     ∞     ∞     ∞     ∞     ∞     ∞     ∞     ∞     ∞     ∞     ∞     ∞       0     ∞     ∞     ∞     ∞     ∞     ∞     ∞     ∞     ∞     ∞     ∞     ∞     ∞     ∞
[2026-05-23 18:10:29.587] [debug] [New state 18]   x20      ∞     ∞     ∞     ∞     ∞     ∞     ∞     ∞     ∞     ∞     ∞     ∞     ∞     ∞     ∞     ∞     ∞     ∞     ∞     ∞       0     ∞     ∞     ∞     ∞     ∞     ∞     ∞     ∞     ∞     ∞     ∞     ∞     ∞
[2026-05-23 18:10:29.587] [debug] [New state 18]   x21      ∞     ∞     ∞     ∞     ∞     ∞     ∞     ∞     ∞     ∞     ∞     ∞     ∞     ∞     ∞     ∞     ∞     ∞     ∞     ∞     ∞       0     ∞     ∞     ∞     ∞     ∞     ∞     ∞     ∞     ∞     ∞     ∞     ∞
[2026-05-23 18:10:29.587] [debug] [New state 18]   x22      ∞     ∞     ∞     ∞     ∞     ∞     ∞     ∞     ∞     ∞     ∞     ∞     ∞     ∞     ∞     ∞     ∞     ∞     ∞     ∞     ∞     ∞       0     ∞     ∞     ∞     ∞     ∞     ∞     ∞     ∞     ∞     ∞     ∞
[2026-05-23 18:10:29.587] [debug] [New state 18]   x23      ∞     ∞     ∞     ∞     ∞     ∞     ∞     ∞     ∞     ∞     ∞     ∞     ∞     ∞     ∞     ∞     ∞     ∞     ∞     ∞     ∞     ∞     ∞       0     ∞     ∞     ∞     ∞     ∞     ∞     ∞     ∞     ∞     ∞
[2026-05-23 18:10:29.587] [debug] [New state 18]   x24      ∞     ∞     ∞     ∞     ∞     ∞     ∞     ∞     ∞     ∞     ∞     ∞     ∞     ∞     ∞     ∞     ∞     ∞     ∞     ∞     ∞     ∞     ∞     ∞       0     ∞     ∞     ∞     ∞     ∞     ∞     ∞     ∞     ∞
[2026-05-23 18:10:29.587] [debug] [New state 18]   x25      ∞     ∞     ∞     ∞     ∞     ∞     ∞     ∞     ∞     ∞     ∞     ∞     ∞     ∞     ∞     ∞     ∞     ∞     ∞     ∞     ∞     ∞     ∞     ∞     ∞       0     ∞     ∞     ∞     ∞     ∞     ∞     ∞     ∞
[2026-05-23 18:10:29.587] [debug] [New state 18]   x26      ∞     ∞     ∞     ∞     ∞     ∞     ∞     ∞     ∞     ∞     ∞     ∞     ∞     ∞     ∞     ∞     ∞     ∞     ∞     ∞     ∞     ∞     ∞     ∞     ∞     ∞       0     ∞     ∞     ∞     ∞     ∞     ∞     ∞
[2026-05-23 18:10:29.587] [debug] [New state 18]   x27      ∞     ∞     ∞     ∞     ∞     ∞     ∞     ∞     ∞     ∞     ∞     ∞     ∞     ∞     ∞     ∞     ∞     ∞     ∞     ∞     ∞     ∞     ∞     ∞     ∞     ∞     ∞       0     ∞     ∞     ∞     ∞     ∞     ∞
[2026-05-23 18:10:29.587] [debug] [New state 18]   x28      ∞     ∞     ∞     ∞     ∞     ∞     ∞     ∞     ∞     ∞     ∞     ∞     ∞     ∞     ∞     ∞     ∞     ∞     ∞     ∞     ∞     ∞     ∞     ∞     ∞     ∞     ∞     ∞       0     ∞     ∞     ∞     ∞     ∞
[2026-05-23 18:10:29.587] [debug] [New state 18]   x29      ∞     ∞     ∞     ∞     ∞     ∞     ∞     ∞     ∞     ∞     ∞     ∞     ∞     ∞     ∞     ∞     ∞     ∞     ∞     ∞     ∞     ∞     ∞     ∞     ∞     ∞     ∞     ∞     ∞       0     ∞     ∞     ∞     ∞
[2026-05-23 18:10:29.587] [debug] [New state 18]   x30      ∞     ∞     ∞     ∞     ∞     ∞     ∞     ∞     ∞     ∞     ∞     ∞     ∞     ∞     ∞     ∞     ∞     ∞     ∞     ∞     ∞     ∞     ∞     ∞     ∞     ∞     ∞     ∞     ∞     ∞       0     ∞     ∞     ∞
[2026-05-23 18:10:29.587] [debug] [New state 18]   x31      ∞     ∞     ∞     ∞     ∞     ∞     ∞     ∞     ∞     ∞     ∞     ∞     ∞     ∞     ∞     ∞     ∞     ∞     ∞     ∞     ∞     ∞     ∞     ∞     ∞     ∞     ∞     ∞     ∞     ∞     ∞       0     ∞     ∞
[2026-05-23 18:10:29.587] [debug] [New state 18]   x32      ∞     ∞     ∞     ∞     ∞     ∞     ∞     ∞     ∞     ∞     ∞     ∞     ∞     ∞     ∞     ∞     ∞     ∞     ∞     ∞     ∞     ∞     ∞     ∞     ∞     ∞     ∞     ∞     ∞     ∞     ∞     ∞       0     ∞
[2026-05-23 18:10:29.587] [debug] [New state 18]   x33      ∞     ∞     ∞     ∞     ∞     ∞     ∞     ∞     ∞     ∞     ∞     ∞     ∞     ∞     ∞     ∞     ∞     ∞     ∞     ∞     ∞     ∞     ∞     ∞     ∞     ∞     ∞     ∞     ∞     ∞     ∞     ∞     ∞       0
[2026-05-23 18:10:29.587] [debug] [New state 18] ==========================================
[2026-05-23 18:10:29.587] [debug] [STATE] State 5 --T17@150--> candidate
[2026-05-23 18:10:29.587] [debug] [STATE]   [New] Add state 19 to graph and frontier
[2026-05-23 18:10:29.587] [debug] [New state 19] ========== State Class Details: ID=19 ==========
[2026-05-23 18:10:29.587] [debug] [New state 19] Places: [P0(Fentry)=0, P1(Fready)=0, P2(Fexit)=0, P3(Eentry)=0, P4(Eready)=0, P5(Eexit)=0, P6(Aentry)=1, P7(Aready)=0, P8(Aexit)=0, P9(Dentry)=1, P10(Dready)=0, P11(Dexit)=0, P12(Centry)=0, P13(Cready)=0, P14(Cexit)=0, P15(Bentry)=0, P16(Bready)=0, P17(Bexit)=0, P18(A_cfg_random)=1, P19(D_cfg_random)=1, P20(E_suspended_C_0)=0, P21(D_suspended_C_1)=0, P22(D_suspended_E_2)=0, P23(A_suspended_B_3)=0, P24(F_suspended_B_4)=0, P25(F_suspended_A_5)=0, P26(core0)=1, P27(core1)=1]
[2026-05-23 18:10:29.587] [debug] [New state 19] Enabled: T4(Aget_core, priority=97, core=0), T6(Dget_core, priority=97, core=1), T17(A_cfg_fire, priority=2147483647, core=-1), T18(D_cfg_fire, priority=2147483647, core=-1)
[2026-05-23 18:10:29.587] [debug] [New state 19] Cumulative time: 150
[2026-05-23 18:10:29.587] [debug] [New state 19] Z1 (non-suspendable):
[2026-05-23 18:10:29.587] [debug] [New state 19]   DBM(size=34):
[2026-05-23 18:10:29.587] [debug] [New state 19]             x0       x1       x2       x3       x4       x5       x6       x7       x8       x9       x10       x11       x12       x13       x14       x15       x16       x17       x18       x19       x20       x21       x22       x23       x24       x25       x26       x27       x28       x29       x30       x31       x32       x33
[2026-05-23 18:10:29.587] [debug] [New state 19]   x0        0       0       0       0       0    -150       0    -150       0       0       0       0       0       0       0       0       0       0       0    -100       0       0       0       0       0       0       0       0       0       0       0       0       0       0
[2026-05-23 18:10:29.587] [debug] [New state 19]   x1      ∞       0     ∞     ∞     ∞     ∞     ∞     ∞     ∞     ∞     ∞     ∞     ∞     ∞     ∞     ∞     ∞     ∞     ∞     ∞     ∞     ∞     ∞     ∞     ∞     ∞     ∞     ∞     ∞     ∞     ∞     ∞     ∞     ∞
[2026-05-23 18:10:29.587] [debug] [New state 19]   x2      ∞     ∞       0     ∞     ∞     ∞     ∞     ∞     ∞     ∞     ∞     ∞     ∞     ∞     ∞     ∞     ∞     ∞     ∞     ∞     ∞     ∞     ∞     ∞     ∞     ∞     ∞     ∞     ∞     ∞     ∞     ∞     ∞     ∞
[2026-05-23 18:10:29.587] [debug] [New state 19]   x3      ∞     ∞     ∞       0     ∞     ∞     ∞     ∞     ∞     ∞     ∞     ∞     ∞     ∞     ∞     ∞     ∞     ∞     ∞     ∞     ∞     ∞     ∞     ∞     ∞     ∞     ∞     ∞     ∞     ∞     ∞     ∞     ∞     ∞
[2026-05-23 18:10:29.587] [debug] [New state 19]   x4      ∞     ∞     ∞     ∞       0     ∞     ∞     ∞     ∞     ∞     ∞     ∞     ∞     ∞     ∞     ∞     ∞     ∞     ∞     ∞     ∞     ∞     ∞     ∞     ∞     ∞     ∞     ∞     ∞     ∞     ∞     ∞     ∞     ∞
[2026-05-23 18:10:29.587] [debug] [New state 19]   x5      150     150     150     150     150       0     150       0     150     150     150     150     150     150     150     150     150     150     150      50     150     150     150     150     150     150     150     150     150     150     150     150     150     150
[2026-05-23 18:10:29.587] [debug] [New state 19]   x6      ∞     ∞     ∞     ∞     ∞     ∞       0     ∞     ∞     ∞     ∞     ∞     ∞     ∞     ∞     ∞     ∞     ∞     ∞     ∞     ∞     ∞     ∞     ∞     ∞     ∞     ∞     ∞     ∞     ∞     ∞     ∞     ∞     ∞
[2026-05-23 18:10:29.587] [debug] [New state 19]   x7      150     150     150     150     150       0     150       0     150     150     150     150     150     150     150     150     150     150     150      50     150     150     150     150     150     150     150     150     150     150     150     150     150     150
[2026-05-23 18:10:29.587] [debug] [New state 19]   x8      ∞     ∞     ∞     ∞     ∞     ∞     ∞     ∞       0     ∞     ∞     ∞     ∞     ∞     ∞     ∞     ∞     ∞     ∞     ∞     ∞     ∞     ∞     ∞     ∞     ∞     ∞     ∞     ∞     ∞     ∞     ∞     ∞     ∞
[2026-05-23 18:10:29.587] [debug] [New state 19]   x9      ∞     ∞     ∞     ∞     ∞     ∞     ∞     ∞     ∞       0     ∞     ∞     ∞     ∞     ∞     ∞     ∞     ∞     ∞     ∞     ∞     ∞     ∞     ∞     ∞     ∞     ∞     ∞     ∞     ∞     ∞     ∞     ∞     ∞
[2026-05-23 18:10:29.587] [debug] [New state 19]   x10      ∞     ∞     ∞     ∞     ∞     ∞     ∞     ∞     ∞     ∞       0     ∞     ∞     ∞     ∞     ∞     ∞     ∞     ∞     ∞     ∞     ∞     ∞     ∞     ∞     ∞     ∞     ∞     ∞     ∞     ∞     ∞     ∞     ∞
[2026-05-23 18:10:29.587] [debug] [New state 19]   x11      ∞     ∞     ∞     ∞     ∞     ∞     ∞     ∞     ∞     ∞     ∞       0     ∞     ∞     ∞     ∞     ∞     ∞     ∞     ∞     ∞     ∞     ∞     ∞     ∞     ∞     ∞     ∞     ∞     ∞     ∞     ∞     ∞     ∞
[2026-05-23 18:10:29.587] [debug] [New state 19]   x12      ∞     ∞     ∞     ∞     ∞     ∞     ∞     ∞     ∞     ∞     ∞     ∞       0     ∞     ∞     ∞     ∞     ∞     ∞     ∞     ∞     ∞     ∞     ∞     ∞     ∞     ∞     ∞     ∞     ∞     ∞     ∞     ∞     ∞
[2026-05-23 18:10:29.587] [debug] [New state 19]   x13      ∞     ∞     ∞     ∞     ∞     ∞     ∞     ∞     ∞     ∞     ∞     ∞     ∞       0     ∞     ∞     ∞     ∞     ∞     ∞     ∞     ∞     ∞     ∞     ∞     ∞     ∞     ∞     ∞     ∞     ∞     ∞     ∞     ∞
[2026-05-23 18:10:29.587] [debug] [New state 19]   x14      ∞     ∞     ∞     ∞     ∞     ∞     ∞     ∞     ∞     ∞     ∞     ∞     ∞     ∞       0     ∞     ∞     ∞     ∞     ∞     ∞     ∞     ∞     ∞     ∞     ∞     ∞     ∞     ∞     ∞     ∞     ∞     ∞     ∞
[2026-05-23 18:10:29.587] [debug] [New state 19]   x15      ∞     ∞     ∞     ∞     ∞     ∞     ∞     ∞     ∞     ∞     ∞     ∞     ∞     ∞     ∞       0     ∞     ∞     ∞     ∞     ∞     ∞     ∞     ∞     ∞     ∞     ∞     ∞     ∞     ∞     ∞     ∞     ∞     ∞
[2026-05-23 18:10:29.587] [debug] [New state 19]   x16      ∞     ∞     ∞     ∞     ∞     ∞     ∞     ∞     ∞     ∞     ∞     ∞     ∞     ∞     ∞     ∞       0     ∞     ∞     ∞     ∞     ∞     ∞     ∞     ∞     ∞     ∞     ∞     ∞     ∞     ∞     ∞     ∞     ∞
[2026-05-23 18:10:29.587] [debug] [New state 19]   x17      ∞     ∞     ∞     ∞     ∞     ∞     ∞     ∞     ∞     ∞     ∞     ∞     ∞     ∞     ∞     ∞     ∞       0     ∞     ∞     ∞     ∞     ∞     ∞     ∞     ∞     ∞     ∞     ∞     ∞     ∞     ∞     ∞     ∞
[2026-05-23 18:10:29.587] [debug] [New state 19]   x18        0       0       0       0       0    -150       0    -150       0       0       0       0       0       0       0       0       0       0       0    -100       0       0       0       0       0       0       0       0       0       0       0       0       0       0
[2026-05-23 18:10:29.587] [debug] [New state 19]   x19      100     100     100     100     100     -50     100     -50     100     100     100     100     100     100     100     100     100     100     100       0     100     100     100     100     100     100     100     100     100     100     100     100     100     100
[2026-05-23 18:10:29.587] [debug] [New state 19]   x20      ∞     ∞     ∞     ∞     ∞     ∞     ∞     ∞     ∞     ∞     ∞     ∞     ∞     ∞     ∞     ∞     ∞     ∞     ∞     ∞       0     ∞     ∞     ∞     ∞     ∞     ∞     ∞     ∞     ∞     ∞     ∞     ∞     ∞
[2026-05-23 18:10:29.587] [debug] [New state 19]   x21      ∞     ∞     ∞     ∞     ∞     ∞     ∞     ∞     ∞     ∞     ∞     ∞     ∞     ∞     ∞     ∞     ∞     ∞     ∞     ∞     ∞       0     ∞     ∞     ∞     ∞     ∞     ∞     ∞     ∞     ∞     ∞     ∞     ∞
[2026-05-23 18:10:29.587] [debug] [New state 19]   x22      ∞     ∞     ∞     ∞     ∞     ∞     ∞     ∞     ∞     ∞     ∞     ∞     ∞     ∞     ∞     ∞     ∞     ∞     ∞     ∞     ∞     ∞       0     ∞     ∞     ∞     ∞     ∞     ∞     ∞     ∞     ∞     ∞     ∞
[2026-05-23 18:10:29.587] [debug] [New state 19]   x23      ∞     ∞     ∞     ∞     ∞     ∞     ∞     ∞     ∞     ∞     ∞     ∞     ∞     ∞     ∞     ∞     ∞     ∞     ∞     ∞     ∞     ∞     ∞       0     ∞     ∞     ∞     ∞     ∞     ∞     ∞     ∞     ∞     ∞
[2026-05-23 18:10:29.587] [debug] [New state 19]   x24      ∞     ∞     ∞     ∞     ∞     ∞     ∞     ∞     ∞     ∞     ∞     ∞     ∞     ∞     ∞     ∞     ∞     ∞     ∞     ∞     ∞     ∞     ∞     ∞       0     ∞     ∞     ∞     ∞     ∞     ∞     ∞     ∞     ∞
[2026-05-23 18:10:29.587] [debug] [New state 19]   x25      ∞     ∞     ∞     ∞     ∞     ∞     ∞     ∞     ∞     ∞     ∞     ∞     ∞     ∞     ∞     ∞     ∞     ∞     ∞     ∞     ∞     ∞     ∞     ∞     ∞       0     ∞     ∞     ∞     ∞     ∞     ∞     ∞     ∞
[2026-05-23 18:10:29.587] [debug] [New state 19]   x26      ∞     ∞     ∞     ∞     ∞     ∞     ∞     ∞     ∞     ∞     ∞     ∞     ∞     ∞     ∞     ∞     ∞     ∞     ∞     ∞     ∞     ∞     ∞     ∞     ∞     ∞       0     ∞     ∞     ∞     ∞     ∞     ∞     ∞
[2026-05-23 18:10:29.587] [debug] [New state 19]   x27      ∞     ∞     ∞     ∞     ∞     ∞     ∞     ∞     ∞     ∞     ∞     ∞     ∞     ∞     ∞     ∞     ∞     ∞     ∞     ∞     ∞     ∞     ∞     ∞     ∞     ∞     ∞       0     ∞     ∞     ∞     ∞     ∞     ∞
[2026-05-23 18:10:29.587] [debug] [New state 19]   x28      ∞     ∞     ∞     ∞     ∞     ∞     ∞     ∞     ∞     ∞     ∞     ∞     ∞     ∞     ∞     ∞     ∞     ∞     ∞     ∞     ∞     ∞     ∞     ∞     ∞     ∞     ∞     ∞       0     ∞     ∞     ∞     ∞     ∞
[2026-05-23 18:10:29.587] [debug] [New state 19]   x29      ∞     ∞     ∞     ∞     ∞     ∞     ∞     ∞     ∞     ∞     ∞     ∞     ∞     ∞     ∞     ∞     ∞     ∞     ∞     ∞     ∞     ∞     ∞     ∞     ∞     ∞     ∞     ∞     ∞       0     ∞     ∞     ∞     ∞
[2026-05-23 18:10:29.587] [debug] [New state 19]   x30      ∞     ∞     ∞     ∞     ∞     ∞     ∞     ∞     ∞     ∞     ∞     ∞     ∞     ∞     ∞     ∞     ∞     ∞     ∞     ∞     ∞     ∞     ∞     ∞     ∞     ∞     ∞     ∞     ∞     ∞       0     ∞     ∞     ∞
[2026-05-23 18:10:29.587] [debug] [New state 19]   x31      ∞     ∞     ∞     ∞     ∞     ∞     ∞     ∞     ∞     ∞     ∞     ∞     ∞     ∞     ∞     ∞     ∞     ∞     ∞     ∞     ∞     ∞     ∞     ∞     ∞     ∞     ∞     ∞     ∞     ∞     ∞       0     ∞     ∞
[2026-05-23 18:10:29.587] [debug] [New state 19]   x32      ∞     ∞     ∞     ∞     ∞     ∞     ∞     ∞     ∞     ∞     ∞     ∞     ∞     ∞     ∞     ∞     ∞     ∞     ∞     ∞     ∞     ∞     ∞     ∞     ∞     ∞     ∞     ∞     ∞     ∞     ∞     ∞       0     ∞
[2026-05-23 18:10:29.587] [debug] [New state 19]   x33      ∞     ∞     ∞     ∞     ∞     ∞     ∞     ∞     ∞     ∞     ∞     ∞     ∞     ∞     ∞     ∞     ∞     ∞     ∞     ∞     ∞     ∞     ∞     ∞     ∞     ∞     ∞     ∞     ∞     ∞     ∞     ∞     ∞       0
[2026-05-23 18:10:29.587] [debug] [New state 19] Z2 (suspendable):
[2026-05-23 18:10:29.587] [debug] [New state 19]   DBM(size=34):
[2026-05-23 18:10:29.587] [debug] [New state 19]             x0       x1       x2       x3       x4       x5       x6       x7       x8       x9       x10       x11       x12       x13       x14       x15       x16       x17       x18       x19       x20       x21       x22       x23       x24       x25       x26       x27       x28       x29       x30       x31       x32       x33
[2026-05-23 18:10:29.587] [debug] [New state 19]   x0        0       0       0       0       0       0       0       0       0       0       0       0       0       0       0       0       0       0       0       0       0       0       0       0       0       0       0       0       0       0       0       0       0       0
[2026-05-23 18:10:29.587] [debug] [New state 19]   x1      ∞       0     ∞     ∞     ∞     ∞     ∞     ∞     ∞     ∞     ∞     ∞     ∞     ∞     ∞     ∞     ∞     ∞     ∞     ∞     ∞     ∞     ∞     ∞     ∞     ∞     ∞     ∞     ∞     ∞     ∞     ∞     ∞     ∞
[2026-05-23 18:10:29.587] [debug] [New state 19]   x2      ∞     ∞       0     ∞     ∞     ∞     ∞     ∞     ∞     ∞     ∞     ∞     ∞     ∞     ∞     ∞     ∞     ∞     ∞     ∞     ∞     ∞     ∞     ∞     ∞     ∞     ∞     ∞     ∞     ∞     ∞     ∞     ∞     ∞
[2026-05-23 18:10:29.587] [debug] [New state 19]   x3      ∞     ∞     ∞       0     ∞     ∞     ∞     ∞     ∞     ∞     ∞     ∞     ∞     ∞     ∞     ∞     ∞     ∞     ∞     ∞     ∞     ∞     ∞     ∞     ∞     ∞     ∞     ∞     ∞     ∞     ∞     ∞     ∞     ∞
[2026-05-23 18:10:29.587] [debug] [New state 19]   x4      ∞     ∞     ∞     ∞       0     ∞     ∞     ∞     ∞     ∞     ∞     ∞     ∞     ∞     ∞     ∞     ∞     ∞     ∞     ∞     ∞     ∞     ∞     ∞     ∞     ∞     ∞     ∞     ∞     ∞     ∞     ∞     ∞     ∞
[2026-05-23 18:10:29.587] [debug] [New state 19]   x5      ∞     ∞     ∞     ∞     ∞       0     ∞     ∞     ∞     ∞     ∞     ∞     ∞     ∞     ∞     ∞     ∞     ∞     ∞     ∞     ∞     ∞     ∞     ∞     ∞     ∞     ∞     ∞     ∞     ∞     ∞     ∞     ∞     ∞
[2026-05-23 18:10:29.587] [debug] [New state 19]   x6      ∞     ∞     ∞     ∞     ∞     ∞       0     ∞     ∞     ∞     ∞     ∞     ∞     ∞     ∞     ∞     ∞     ∞     ∞     ∞     ∞     ∞     ∞     ∞     ∞     ∞     ∞     ∞     ∞     ∞     ∞     ∞     ∞     ∞
[2026-05-23 18:10:29.587] [debug] [New state 19]   x7      ∞     ∞     ∞     ∞     ∞     ∞     ∞       0     ∞     ∞     ∞     ∞     ∞     ∞     ∞     ∞     ∞     ∞     ∞     ∞     ∞     ∞     ∞     ∞     ∞     ∞     ∞     ∞     ∞     ∞     ∞     ∞     ∞     ∞
[2026-05-23 18:10:29.587] [debug] [New state 19]   x8      ∞     ∞     ∞     ∞     ∞     ∞     ∞     ∞       0     ∞     ∞     ∞     ∞     ∞     ∞     ∞     ∞     ∞     ∞     ∞     ∞     ∞     ∞     ∞     ∞     ∞     ∞     ∞     ∞     ∞     ∞     ∞     ∞     ∞
[2026-05-23 18:10:29.587] [debug] [New state 19]   x9      ∞     ∞     ∞     ∞     ∞     ∞     ∞     ∞     ∞       0     ∞     ∞     ∞     ∞     ∞     ∞     ∞     ∞     ∞     ∞     ∞     ∞     ∞     ∞     ∞     ∞     ∞     ∞     ∞     ∞     ∞     ∞     ∞     ∞
[2026-05-23 18:10:29.587] [debug] [New state 19]   x10      ∞     ∞     ∞     ∞     ∞     ∞     ∞     ∞     ∞     ∞       0     ∞     ∞     ∞     ∞     ∞     ∞     ∞     ∞     ∞     ∞     ∞     ∞     ∞     ∞     ∞     ∞     ∞     ∞     ∞     ∞     ∞     ∞     ∞
[2026-05-23 18:10:29.587] [debug] [New state 19]   x11      ∞     ∞     ∞     ∞     ∞     ∞     ∞     ∞     ∞     ∞     ∞       0     ∞     ∞     ∞     ∞     ∞     ∞     ∞     ∞     ∞     ∞     ∞     ∞     ∞     ∞     ∞     ∞     ∞     ∞     ∞     ∞     ∞     ∞
[2026-05-23 18:10:29.587] [debug] [New state 19]   x12      ∞     ∞     ∞     ∞     ∞     ∞     ∞     ∞     ∞     ∞     ∞     ∞       0     ∞     ∞     ∞     ∞     ∞     ∞     ∞     ∞     ∞     ∞     ∞     ∞     ∞     ∞     ∞     ∞     ∞     ∞     ∞     ∞     ∞
[2026-05-23 18:10:29.587] [debug] [New state 19]   x13      ∞     ∞     ∞     ∞     ∞     ∞     ∞     ∞     ∞     ∞     ∞     ∞     ∞       0     ∞     ∞     ∞     ∞     ∞     ∞     ∞     ∞     ∞     ∞     ∞     ∞     ∞     ∞     ∞     ∞     ∞     ∞     ∞     ∞
[2026-05-23 18:10:29.587] [debug] [New state 19]   x14      ∞     ∞     ∞     ∞     ∞     ∞     ∞     ∞     ∞     ∞     ∞     ∞     ∞     ∞       0     ∞     ∞     ∞     ∞     ∞     ∞     ∞     ∞     ∞     ∞     ∞     ∞     ∞     ∞     ∞     ∞     ∞     ∞     ∞
[2026-05-23 18:10:29.587] [debug] [New state 19]   x15      ∞     ∞     ∞     ∞     ∞     ∞     ∞     ∞     ∞     ∞     ∞     ∞     ∞     ∞     ∞       0     ∞     ∞     ∞     ∞     ∞     ∞     ∞     ∞     ∞     ∞     ∞     ∞     ∞     ∞     ∞     ∞     ∞     ∞
[2026-05-23 18:10:29.587] [debug] [New state 19]   x16      ∞     ∞     ∞     ∞     ∞     ∞     ∞     ∞     ∞     ∞     ∞     ∞     ∞     ∞     ∞     ∞       0     ∞     ∞     ∞     ∞     ∞     ∞     ∞     ∞     ∞     ∞     ∞     ∞     ∞     ∞     ∞     ∞     ∞
[2026-05-23 18:10:29.587] [debug] [New state 19]   x17      ∞     ∞     ∞     ∞     ∞     ∞     ∞     ∞     ∞     ∞     ∞     ∞     ∞     ∞     ∞     ∞     ∞       0     ∞     ∞     ∞     ∞     ∞     ∞     ∞     ∞     ∞     ∞     ∞     ∞     ∞     ∞     ∞     ∞
[2026-05-23 18:10:29.587] [debug] [New state 19]   x18      ∞     ∞     ∞     ∞     ∞     ∞     ∞     ∞     ∞     ∞     ∞     ∞     ∞     ∞     ∞     ∞     ∞     ∞       0     ∞     ∞     ∞     ∞     ∞     ∞     ∞     ∞     ∞     ∞     ∞     ∞     ∞     ∞     ∞
[2026-05-23 18:10:29.587] [debug] [New state 19]   x19      ∞     ∞     ∞     ∞     ∞     ∞     ∞     ∞     ∞     ∞     ∞     ∞     ∞     ∞     ∞     ∞     ∞     ∞     ∞       0     ∞     ∞     ∞     ∞     ∞     ∞     ∞     ∞     ∞     ∞     ∞     ∞     ∞     ∞
[2026-05-23 18:10:29.587] [debug] [New state 19]   x20      ∞     ∞     ∞     ∞     ∞     ∞     ∞     ∞     ∞     ∞     ∞     ∞     ∞     ∞     ∞     ∞     ∞     ∞     ∞     ∞       0     ∞     ∞     ∞     ∞     ∞     ∞     ∞     ∞     ∞     ∞     ∞     ∞     ∞
[2026-05-23 18:10:29.587] [debug] [New state 19]   x21      ∞     ∞     ∞     ∞     ∞     ∞     ∞     ∞     ∞     ∞     ∞     ∞     ∞     ∞     ∞     ∞     ∞     ∞     ∞     ∞     ∞       0     ∞     ∞     ∞     ∞     ∞     ∞     ∞     ∞     ∞     ∞     ∞     ∞
[2026-05-23 18:10:29.587] [debug] [New state 19]   x22      ∞     ∞     ∞     ∞     ∞     ∞     ∞     ∞     ∞     ∞     ∞     ∞     ∞     ∞     ∞     ∞     ∞     ∞     ∞     ∞     ∞     ∞       0     ∞     ∞     ∞     ∞     ∞     ∞     ∞     ∞     ∞     ∞     ∞
[2026-05-23 18:10:29.587] [debug] [New state 19]   x23      ∞     ∞     ∞     ∞     ∞     ∞     ∞     ∞     ∞     ∞     ∞     ∞     ∞     ∞     ∞     ∞     ∞     ∞     ∞     ∞     ∞     ∞     ∞       0     ∞     ∞     ∞     ∞     ∞     ∞     ∞     ∞     ∞     ∞
[2026-05-23 18:10:29.587] [debug] [New state 19]   x24      ∞     ∞     ∞     ∞     ∞     ∞     ∞     ∞     ∞     ∞     ∞     ∞     ∞     ∞     ∞     ∞     ∞     ∞     ∞     ∞     ∞     ∞     ∞     ∞       0     ∞     ∞     ∞     ∞     ∞     ∞     ∞     ∞     ∞
[2026-05-23 18:10:29.587] [debug] [New state 19]   x25      ∞     ∞     ∞     ∞     ∞     ∞     ∞     ∞     ∞     ∞     ∞     ∞     ∞     ∞     ∞     ∞     ∞     ∞     ∞     ∞     ∞     ∞     ∞     ∞     ∞       0     ∞     ∞     ∞     ∞     ∞     ∞     ∞     ∞
[2026-05-23 18:10:29.587] [debug] [New state 19]   x26      ∞     ∞     ∞     ∞     ∞     ∞     ∞     ∞     ∞     ∞     ∞     ∞     ∞     ∞     ∞     ∞     ∞     ∞     ∞     ∞     ∞     ∞     ∞     ∞     ∞     ∞       0     ∞     ∞     ∞     ∞     ∞     ∞     ∞
[2026-05-23 18:10:29.587] [debug] [New state 19]   x27      ∞     ∞     ∞     ∞     ∞     ∞     ∞     ∞     ∞     ∞     ∞     ∞     ∞     ∞     ∞     ∞     ∞     ∞     ∞     ∞     ∞     ∞     ∞     ∞     ∞     ∞     ∞       0     ∞     ∞     ∞     ∞     ∞     ∞
[2026-05-23 18:10:29.587] [debug] [New state 19]   x28      ∞     ∞     ∞     ∞     ∞     ∞     ∞     ∞     ∞     ∞     ∞     ∞     ∞     ∞     ∞     ∞     ∞     ∞     ∞     ∞     ∞     ∞     ∞     ∞     ∞     ∞     ∞     ∞       0     ∞     ∞     ∞     ∞     ∞
[2026-05-23 18:10:29.587] [debug] [New state 19]   x29      ∞     ∞     ∞     ∞     ∞     ∞     ∞     ∞     ∞     ∞     ∞     ∞     ∞     ∞     ∞     ∞     ∞     ∞     ∞     ∞     ∞     ∞     ∞     ∞     ∞     ∞     ∞     ∞     ∞       0     ∞     ∞     ∞     ∞
[2026-05-23 18:10:29.587] [debug] [New state 19]   x30      ∞     ∞     ∞     ∞     ∞     ∞     ∞     ∞     ∞     ∞     ∞     ∞     ∞     ∞     ∞     ∞     ∞     ∞     ∞     ∞     ∞     ∞     ∞     ∞     ∞     ∞     ∞     ∞     ∞     ∞       0     ∞     ∞     ∞
[2026-05-23 18:10:29.587] [debug] [New state 19]   x31      ∞     ∞     ∞     ∞     ∞     ∞     ∞     ∞     ∞     ∞     ∞     ∞     ∞     ∞     ∞     ∞     ∞     ∞     ∞     ∞     ∞     ∞     ∞     ∞     ∞     ∞     ∞     ∞     ∞     ∞     ∞       0     ∞     ∞
[2026-05-23 18:10:29.587] [debug] [New state 19]   x32      ∞     ∞     ∞     ∞     ∞     ∞     ∞     ∞     ∞     ∞     ∞     ∞     ∞     ∞     ∞     ∞     ∞     ∞     ∞     ∞     ∞     ∞     ∞     ∞     ∞     ∞     ∞     ∞     ∞     ∞     ∞     ∞       0     ∞
[2026-05-23 18:10:29.587] [debug] [New state 19]   x33      ∞     ∞     ∞     ∞     ∞     ∞     ∞     ∞     ∞     ∞     ∞     ∞     ∞     ∞     ∞     ∞     ∞     ∞     ∞     ∞     ∞     ∞     ∞     ∞     ∞     ∞     ∞     ∞     ∞     ∞     ∞     ∞     ∞       0
[2026-05-23 18:10:29.587] [debug] [New state 19] ==========================================
[2026-05-23 18:10:29.588] [debug] [STATE] State 5 --T18@100--> candidate
[2026-05-23 18:10:29.588] [debug] [STATE]   [New] Add state 20 to graph and frontier
[2026-05-23 18:10:29.588] [debug] [New state 20] ========== State Class Details: ID=20 ==========
[2026-05-23 18:10:29.588] [debug] [New state 20] Places: [P0(Fentry)=0, P1(Fready)=0, P2(Fexit)=0, P3(Eentry)=0, P4(Eready)=0, P5(Eexit)=0, P6(Aentry)=1, P7(Aready)=0, P8(Aexit)=0, P9(Dentry)=1, P10(Dready)=0, P11(Dexit)=0, P12(Centry)=0, P13(Cready)=0, P14(Cexit)=0, P15(Bentry)=0, P16(Bready)=0, P17(Bexit)=0, P18(A_cfg_random)=1, P19(D_cfg_random)=1, P20(E_suspended_C_0)=0, P21(D_suspended_C_1)=0, P22(D_suspended_E_2)=0, P23(A_suspended_B_3)=0, P24(F_suspended_B_4)=0, P25(F_suspended_A_5)=0, P26(core0)=1, P27(core1)=1]
[2026-05-23 18:10:29.588] [debug] [New state 20] Enabled: T4(Aget_core, priority=97, core=0), T6(Dget_core, priority=97, core=1), T17(A_cfg_fire, priority=2147483647, core=-1), T18(D_cfg_fire, priority=2147483647, core=-1)
[2026-05-23 18:10:29.588] [debug] [New state 20] Cumulative time: 100
[2026-05-23 18:10:29.588] [debug] [New state 20] Z1 (non-suspendable):
[2026-05-23 18:10:29.588] [debug] [New state 20]   DBM(size=34):
[2026-05-23 18:10:29.588] [debug] [New state 20]             x0       x1       x2       x3       x4       x5       x6       x7       x8       x9       x10       x11       x12       x13       x14       x15       x16       x17       x18       x19       x20       x21       x22       x23       x24       x25       x26       x27       x28       x29       x30       x31       x32       x33
[2026-05-23 18:10:29.588] [debug] [New state 20]   x0        0       0       0       0       0    -100       0    -100       0       0       0       0       0       0       0       0       0       0    -200       0       0       0       0       0       0       0       0       0       0       0       0       0       0       0
[2026-05-23 18:10:29.588] [debug] [New state 20]   x1      ∞       0     ∞     ∞     ∞     ∞     ∞     ∞     ∞     ∞     ∞     ∞     ∞     ∞     ∞     ∞     ∞     ∞     ∞     ∞     ∞     ∞     ∞     ∞     ∞     ∞     ∞     ∞     ∞     ∞     ∞     ∞     ∞     ∞
[2026-05-23 18:10:29.588] [debug] [New state 20]   x2      ∞     ∞       0     ∞     ∞     ∞     ∞     ∞     ∞     ∞     ∞     ∞     ∞     ∞     ∞     ∞     ∞     ∞     ∞     ∞     ∞     ∞     ∞     ∞     ∞     ∞     ∞     ∞     ∞     ∞     ∞     ∞     ∞     ∞
[2026-05-23 18:10:29.588] [debug] [New state 20]   x3      ∞     ∞     ∞       0     ∞     ∞     ∞     ∞     ∞     ∞     ∞     ∞     ∞     ∞     ∞     ∞     ∞     ∞     ∞     ∞     ∞     ∞     ∞     ∞     ∞     ∞     ∞     ∞     ∞     ∞     ∞     ∞     ∞     ∞
[2026-05-23 18:10:29.588] [debug] [New state 20]   x4      ∞     ∞     ∞     ∞       0     ∞     ∞     ∞     ∞     ∞     ∞     ∞     ∞     ∞     ∞     ∞     ∞     ∞     ∞     ∞     ∞     ∞     ∞     ∞     ∞     ∞     ∞     ∞     ∞     ∞     ∞     ∞     ∞     ∞
[2026-05-23 18:10:29.588] [debug] [New state 20]   x5      100     100     100     100     100       0     100       0     100     100     100     100     100     100     100     100     100     100    -100     100     100     100     100     100     100     100     100     100     100     100     100     100     100     100
[2026-05-23 18:10:29.588] [debug] [New state 20]   x6      ∞     ∞     ∞     ∞     ∞     ∞       0     ∞     ∞     ∞     ∞     ∞     ∞     ∞     ∞     ∞     ∞     ∞     ∞     ∞     ∞     ∞     ∞     ∞     ∞     ∞     ∞     ∞     ∞     ∞     ∞     ∞     ∞     ∞
[2026-05-23 18:10:29.588] [debug] [New state 20]   x7      100     100     100     100     100       0     100       0     100     100     100     100     100     100     100     100     100     100    -100     100     100     100     100     100     100     100     100     100     100     100     100     100     100     100
[2026-05-23 18:10:29.588] [debug] [New state 20]   x8      ∞     ∞     ∞     ∞     ∞     ∞     ∞     ∞       0     ∞     ∞     ∞     ∞     ∞     ∞     ∞     ∞     ∞     ∞     ∞     ∞     ∞     ∞     ∞     ∞     ∞     ∞     ∞     ∞     ∞     ∞     ∞     ∞     ∞
[2026-05-23 18:10:29.588] [debug] [New state 20]   x9      ∞     ∞     ∞     ∞     ∞     ∞     ∞     ∞     ∞       0     ∞     ∞     ∞     ∞     ∞     ∞     ∞     ∞     ∞     ∞     ∞     ∞     ∞     ∞     ∞     ∞     ∞     ∞     ∞     ∞     ∞     ∞     ∞     ∞
[2026-05-23 18:10:29.588] [debug] [New state 20]   x10      ∞     ∞     ∞     ∞     ∞     ∞     ∞     ∞     ∞     ∞       0     ∞     ∞     ∞     ∞     ∞     ∞     ∞     ∞     ∞     ∞     ∞     ∞     ∞     ∞     ∞     ∞     ∞     ∞     ∞     ∞     ∞     ∞     ∞
[2026-05-23 18:10:29.588] [debug] [New state 20]   x11      ∞     ∞     ∞     ∞     ∞     ∞     ∞     ∞     ∞     ∞     ∞       0     ∞     ∞     ∞     ∞     ∞     ∞     ∞     ∞     ∞     ∞     ∞     ∞     ∞     ∞     ∞     ∞     ∞     ∞     ∞     ∞     ∞     ∞
[2026-05-23 18:10:29.588] [debug] [New state 20]   x12      ∞     ∞     ∞     ∞     ∞     ∞     ∞     ∞     ∞     ∞     ∞     ∞       0     ∞     ∞     ∞     ∞     ∞     ∞     ∞     ∞     ∞     ∞     ∞     ∞     ∞     ∞     ∞     ∞     ∞     ∞     ∞     ∞     ∞
[2026-05-23 18:10:29.588] [debug] [New state 20]   x13      ∞     ∞     ∞     ∞     ∞     ∞     ∞     ∞     ∞     ∞     ∞     ∞     ∞       0     ∞     ∞     ∞     ∞     ∞     ∞     ∞     ∞     ∞     ∞     ∞     ∞     ∞     ∞     ∞     ∞     ∞     ∞     ∞     ∞
[2026-05-23 18:10:29.588] [debug] [New state 20]   x14      ∞     ∞     ∞     ∞     ∞     ∞     ∞     ∞     ∞     ∞     ∞     ∞     ∞     ∞       0     ∞     ∞     ∞     ∞     ∞     ∞     ∞     ∞     ∞     ∞     ∞     ∞     ∞     ∞     ∞     ∞     ∞     ∞     ∞
[2026-05-23 18:10:29.588] [debug] [New state 20]   x15      ∞     ∞     ∞     ∞     ∞     ∞     ∞     ∞     ∞     ∞     ∞     ∞     ∞     ∞     ∞       0     ∞     ∞     ∞     ∞     ∞     ∞     ∞     ∞     ∞     ∞     ∞     ∞     ∞     ∞     ∞     ∞     ∞     ∞
[2026-05-23 18:10:29.588] [debug] [New state 20]   x16      ∞     ∞     ∞     ∞     ∞     ∞     ∞     ∞     ∞     ∞     ∞     ∞     ∞     ∞     ∞     ∞       0     ∞     ∞     ∞     ∞     ∞     ∞     ∞     ∞     ∞     ∞     ∞     ∞     ∞     ∞     ∞     ∞     ∞
[2026-05-23 18:10:29.588] [debug] [New state 20]   x17      ∞     ∞     ∞     ∞     ∞     ∞     ∞     ∞     ∞     ∞     ∞     ∞     ∞     ∞     ∞     ∞     ∞       0     ∞     ∞     ∞     ∞     ∞     ∞     ∞     ∞     ∞     ∞     ∞     ∞     ∞     ∞     ∞     ∞
[2026-05-23 18:10:29.588] [debug] [New state 20]   x18      200     200     200     200     200     100     200     100     200     200     200     200     200     200     200     200     200     200       0     200     200     200     200     200     200     200     200     200     200     200     200     200     200     200
[2026-05-23 18:10:29.588] [debug] [New state 20]   x19        0       0       0       0       0    -100       0    -100       0       0       0       0       0       0       0       0       0       0    -200       0       0       0       0       0       0       0       0       0       0       0       0       0       0       0
[2026-05-23 18:10:29.588] [debug] [New state 20]   x20      ∞     ∞     ∞     ∞     ∞     ∞     ∞     ∞     ∞     ∞     ∞     ∞     ∞     ∞     ∞     ∞     ∞     ∞     ∞     ∞       0     ∞     ∞     ∞     ∞     ∞     ∞     ∞     ∞     ∞     ∞     ∞     ∞     ∞
[2026-05-23 18:10:29.588] [debug] [New state 20]   x21      ∞     ∞     ∞     ∞     ∞     ∞     ∞     ∞     ∞     ∞     ∞     ∞     ∞     ∞     ∞     ∞     ∞     ∞     ∞     ∞     ∞       0     ∞     ∞     ∞     ∞     ∞     ∞     ∞     ∞     ∞     ∞     ∞     ∞
[2026-05-23 18:10:29.588] [debug] [New state 20]   x22      ∞     ∞     ∞     ∞     ∞     ∞     ∞     ∞     ∞     ∞     ∞     ∞     ∞     ∞     ∞     ∞     ∞     ∞     ∞     ∞     ∞     ∞       0     ∞     ∞     ∞     ∞     ∞     ∞     ∞     ∞     ∞     ∞     ∞
[2026-05-23 18:10:29.588] [debug] [New state 20]   x23      ∞     ∞     ∞     ∞     ∞     ∞     ∞     ∞     ∞     ∞     ∞     ∞     ∞     ∞     ∞     ∞     ∞     ∞     ∞     ∞     ∞     ∞     ∞       0     ∞     ∞     ∞     ∞     ∞     ∞     ∞     ∞     ∞     ∞
[2026-05-23 18:10:29.588] [debug] [New state 20]   x24      ∞     ∞     ∞     ∞     ∞     ∞     ∞     ∞     ∞     ∞     ∞     ∞     ∞     ∞     ∞     ∞     ∞     ∞     ∞     ∞     ∞     ∞     ∞     ∞       0     ∞     ∞     ∞     ∞     ∞     ∞     ∞     ∞     ∞
[2026-05-23 18:10:29.588] [debug] [New state 20]   x25      ∞     ∞     ∞     ∞     ∞     ∞     ∞     ∞     ∞     ∞     ∞     ∞     ∞     ∞     ∞     ∞     ∞     ∞     ∞     ∞     ∞     ∞     ∞     ∞     ∞       0     ∞     ∞     ∞     ∞     ∞     ∞     ∞     ∞
[2026-05-23 18:10:29.588] [debug] [New state 20]   x26      ∞     ∞     ∞     ∞     ∞     ∞     ∞     ∞     ∞     ∞     ∞     ∞     ∞     ∞     ∞     ∞     ∞     ∞     ∞     ∞     ∞     ∞     ∞     ∞     ∞     ∞       0     ∞     ∞     ∞     ∞     ∞     ∞     ∞
[2026-05-23 18:10:29.588] [debug] [New state 20]   x27      ∞     ∞     ∞     ∞     ∞     ∞     ∞     ∞     ∞     ∞     ∞     ∞     ∞     ∞     ∞     ∞     ∞     ∞     ∞     ∞     ∞     ∞     ∞     ∞     ∞     ∞     ∞       0     ∞     ∞     ∞     ∞     ∞     ∞
[2026-05-23 18:10:29.588] [debug] [New state 20]   x28      ∞     ∞     ∞     ∞     ∞     ∞     ∞     ∞     ∞     ∞     ∞     ∞     ∞     ∞     ∞     ∞     ∞     ∞     ∞     ∞     ∞     ∞     ∞     ∞     ∞     ∞     ∞     ∞       0     ∞     ∞     ∞     ∞     ∞
[2026-05-23 18:10:29.588] [debug] [New state 20]   x29      ∞     ∞     ∞     ∞     ∞     ∞     ∞     ∞     ∞     ∞     ∞     ∞     ∞     ∞     ∞     ∞     ∞     ∞     ∞     ∞     ∞     ∞     ∞     ∞     ∞     ∞     ∞     ∞     ∞       0     ∞     ∞     ∞     ∞
[2026-05-23 18:10:29.588] [debug] [New state 20]   x30      ∞     ∞     ∞     ∞     ∞     ∞     ∞     ∞     ∞     ∞     ∞     ∞     ∞     ∞     ∞     ∞     ∞     ∞     ∞     ∞     ∞     ∞     ∞     ∞     ∞     ∞     ∞     ∞     ∞     ∞       0     ∞     ∞     ∞
[2026-05-23 18:10:29.588] [debug] [New state 20]   x31      ∞     ∞     ∞     ∞     ∞     ∞     ∞     ∞     ∞     ∞     ∞     ∞     ∞     ∞     ∞     ∞     ∞     ∞     ∞     ∞     ∞     ∞     ∞     ∞     ∞     ∞     ∞     ∞     ∞     ∞     ∞       0     ∞     ∞
[2026-05-23 18:10:29.588] [debug] [New state 20]   x32      ∞     ∞     ∞     ∞     ∞     ∞     ∞     ∞     ∞     ∞     ∞     ∞     ∞     ∞     ∞     ∞     ∞     ∞     ∞     ∞     ∞     ∞     ∞     ∞     ∞     ∞     ∞     ∞     ∞     ∞     ∞     ∞       0     ∞
[2026-05-23 18:10:29.588] [debug] [New state 20]   x33      ∞     ∞     ∞     ∞     ∞     ∞     ∞     ∞     ∞     ∞     ∞     ∞     ∞     ∞     ∞     ∞     ∞     ∞     ∞     ∞     ∞     ∞     ∞     ∞     ∞     ∞     ∞     ∞     ∞     ∞     ∞     ∞     ∞       0
[2026-05-23 18:10:29.588] [debug] [New state 20] Z2 (suspendable):
[2026-05-23 18:10:29.588] [debug] [New state 20]   DBM(size=34):
[2026-05-23 18:10:29.588] [debug] [New state 20]             x0       x1       x2       x3       x4       x5       x6       x7       x8       x9       x10       x11       x12       x13       x14       x15       x16       x17       x18       x19       x20       x21       x22       x23       x24       x25       x26       x27       x28       x29       x30       x31       x32       x33
[2026-05-23 18:10:29.588] [debug] [New state 20]   x0        0       0       0       0       0       0       0       0       0       0       0       0       0       0       0       0       0       0       0       0       0       0       0       0       0       0       0       0       0       0       0       0       0       0
[2026-05-23 18:10:29.588] [debug] [New state 20]   x1      ∞       0     ∞     ∞     ∞     ∞     ∞     ∞     ∞     ∞     ∞     ∞     ∞     ∞     ∞     ∞     ∞     ∞     ∞     ∞     ∞     ∞     ∞     ∞     ∞     ∞     ∞     ∞     ∞     ∞     ∞     ∞     ∞     ∞
[2026-05-23 18:10:29.588] [debug] [New state 20]   x2      ∞     ∞       0     ∞     ∞     ∞     ∞     ∞     ∞     ∞     ∞     ∞     ∞     ∞     ∞     ∞     ∞     ∞     ∞     ∞     ∞     ∞     ∞     ∞     ∞     ∞     ∞     ∞     ∞     ∞     ∞     ∞     ∞     ∞
[2026-05-23 18:10:29.588] [debug] [New state 20]   x3      ∞     ∞     ∞       0     ∞     ∞     ∞     ∞     ∞     ∞     ∞     ∞     ∞     ∞     ∞     ∞     ∞     ∞     ∞     ∞     ∞     ∞     ∞     ∞     ∞     ∞     ∞     ∞     ∞     ∞     ∞     ∞     ∞     ∞
[2026-05-23 18:10:29.588] [debug] [New state 20]   x4      ∞     ∞     ∞     ∞       0     ∞     ∞     ∞     ∞     ∞     ∞     ∞     ∞     ∞     ∞     ∞     ∞     ∞     ∞     ∞     ∞     ∞     ∞     ∞     ∞     ∞     ∞     ∞     ∞     ∞     ∞     ∞     ∞     ∞
[2026-05-23 18:10:29.588] [debug] [New state 20]   x5      ∞     ∞     ∞     ∞     ∞       0     ∞     ∞     ∞     ∞     ∞     ∞     ∞     ∞     ∞     ∞     ∞     ∞     ∞     ∞     ∞     ∞     ∞     ∞     ∞     ∞     ∞     ∞     ∞     ∞     ∞     ∞     ∞     ∞
[2026-05-23 18:10:29.588] [debug] [New state 20]   x6      ∞     ∞     ∞     ∞     ∞     ∞       0     ∞     ∞     ∞     ∞     ∞     ∞     ∞     ∞     ∞     ∞     ∞     ∞     ∞     ∞     ∞     ∞     ∞     ∞     ∞     ∞     ∞     ∞     ∞     ∞     ∞     ∞     ∞
[2026-05-23 18:10:29.588] [debug] [New state 20]   x7      ∞     ∞     ∞     ∞     ∞     ∞     ∞       0     ∞     ∞     ∞     ∞     ∞     ∞     ∞     ∞     ∞     ∞     ∞     ∞     ∞     ∞     ∞     ∞     ∞     ∞     ∞     ∞     ∞     ∞     ∞     ∞     ∞     ∞
[2026-05-23 18:10:29.588] [debug] [New state 20]   x8      ∞     ∞     ∞     ∞     ∞     ∞     ∞     ∞       0     ∞     ∞     ∞     ∞     ∞     ∞     ∞     ∞     ∞     ∞     ∞     ∞     ∞     ∞     ∞     ∞     ∞     ∞     ∞     ∞     ∞     ∞     ∞     ∞     ∞
[2026-05-23 18:10:29.588] [debug] [New state 20]   x9      ∞     ∞     ∞     ∞     ∞     ∞     ∞     ∞     ∞       0     ∞     ∞     ∞     ∞     ∞     ∞     ∞     ∞     ∞     ∞     ∞     ∞     ∞     ∞     ∞     ∞     ∞     ∞     ∞     ∞     ∞     ∞     ∞     ∞
[2026-05-23 18:10:29.588] [debug] [New state 20]   x10      ∞     ∞     ∞     ∞     ∞     ∞     ∞     ∞     ∞     ∞       0     ∞     ∞     ∞     ∞     ∞     ∞     ∞     ∞     ∞     ∞     ∞     ∞     ∞     ∞     ∞     ∞     ∞     ∞     ∞     ∞     ∞     ∞     ∞
[2026-05-23 18:10:29.588] [debug] [New state 20]   x11      ∞     ∞     ∞     ∞     ∞     ∞     ∞     ∞     ∞     ∞     ∞       0     ∞     ∞     ∞     ∞     ∞     ∞     ∞     ∞     ∞     ∞     ∞     ∞     ∞     ∞     ∞     ∞     ∞     ∞     ∞     ∞     ∞     ∞
[2026-05-23 18:10:29.588] [debug] [New state 20]   x12      ∞     ∞     ∞     ∞     ∞     ∞     ∞     ∞     ∞     ∞     ∞     ∞       0     ∞     ∞     ∞     ∞     ∞     ∞     ∞     ∞     ∞     ∞     ∞     ∞     ∞     ∞     ∞     ∞     ∞     ∞     ∞     ∞     ∞
[2026-05-23 18:10:29.588] [debug] [New state 20]   x13      ∞     ∞     ∞     ∞     ∞     ∞     ∞     ∞     ∞     ∞     ∞     ∞     ∞       0     ∞     ∞     ∞     ∞     ∞     ∞     ∞     ∞     ∞     ∞     ∞     ∞     ∞     ∞     ∞     ∞     ∞     ∞     ∞     ∞
[2026-05-23 18:10:29.588] [debug] [New state 20]   x14      ∞     ∞     ∞     ∞     ∞     ∞     ∞     ∞     ∞     ∞     ∞     ∞     ∞     ∞       0     ∞     ∞     ∞     ∞     ∞     ∞     ∞     ∞     ∞     ∞     ∞     ∞     ∞     ∞     ∞     ∞     ∞     ∞     ∞
[2026-05-23 18:10:29.588] [debug] [New state 20]   x15      ∞     ∞     ∞     ∞     ∞     ∞     ∞     ∞     ∞     ∞     ∞     ∞     ∞     ∞     ∞       0     ∞     ∞     ∞     ∞     ∞     ∞     ∞     ∞     ∞     ∞     ∞     ∞     ∞     ∞     ∞     ∞     ∞     ∞
[2026-05-23 18:10:29.588] [debug] [New state 20]   x16      ∞     ∞     ∞     ∞     ∞     ∞     ∞     ∞     ∞     ∞     ∞     ∞     ∞     ∞     ∞     ∞       0     ∞     ∞     ∞     ∞     ∞     ∞     ∞     ∞     ∞     ∞     ∞     ∞     ∞     ∞     ∞     ∞     ∞
[2026-05-23 18:10:29.588] [debug] [New state 20]   x17      ∞     ∞     ∞     ∞     ∞     ∞     ∞     ∞     ∞     ∞     ∞     ∞     ∞     ∞     ∞     ∞     ∞       0     ∞     ∞     ∞     ∞     ∞     ∞     ∞     ∞     ∞     ∞     ∞     ∞     ∞     ∞     ∞     ∞
[2026-05-23 18:10:29.588] [debug] [New state 20]   x18      ∞     ∞     ∞     ∞     ∞     ∞     ∞     ∞     ∞     ∞     ∞     ∞     ∞     ∞     ∞     ∞     ∞     ∞       0     ∞     ∞     ∞     ∞     ∞     ∞     ∞     ∞     ∞     ∞     ∞     ∞     ∞     ∞     ∞
[2026-05-23 18:10:29.588] [debug] [New state 20]   x19      ∞     ∞     ∞     ∞     ∞     ∞     ∞     ∞     ∞     ∞     ∞     ∞     ∞     ∞     ∞     ∞     ∞     ∞     ∞       0     ∞     ∞     ∞     ∞     ∞     ∞     ∞     ∞     ∞     ∞     ∞     ∞     ∞     ∞
[2026-05-23 18:10:29.588] [debug] [New state 20]   x20      ∞     ∞     ∞     ∞     ∞     ∞     ∞     ∞     ∞     ∞     ∞     ∞     ∞     ∞     ∞     ∞     ∞     ∞     ∞     ∞       0     ∞     ∞     ∞     ∞     ∞     ∞     ∞     ∞     ∞     ∞     ∞     ∞     ∞
[2026-05-23 18:10:29.588] [debug] [New state 20]   x21      ∞     ∞     ∞     ∞     ∞     ∞     ∞     ∞     ∞     ∞     ∞     ∞     ∞     ∞     ∞     ∞     ∞     ∞     ∞     ∞     ∞       0     ∞     ∞     ∞     ∞     ∞     ∞     ∞     ∞     ∞     ∞     ∞     ∞
[2026-05-23 18:10:29.588] [debug] [New state 20]   x22      ∞     ∞     ∞     ∞     ∞     ∞     ∞     ∞     ∞     ∞     ∞     ∞     ∞     ∞     ∞     ∞     ∞     ∞     ∞     ∞     ∞     ∞       0     ∞     ∞     ∞     ∞     ∞     ∞     ∞     ∞     ∞     ∞     ∞
[2026-05-23 18:10:29.588] [debug] [New state 20]   x23      ∞     ∞     ∞     ∞     ∞     ∞     ∞     ∞     ∞     ∞     ∞     ∞     ∞     ∞     ∞     ∞     ∞     ∞     ∞     ∞     ∞     ∞     ∞       0     ∞     ∞     ∞     ∞     ∞     ∞     ∞     ∞     ∞     ∞
[2026-05-23 18:10:29.588] [debug] [New state 20]   x24      ∞     ∞     ∞     ∞     ∞     ∞     ∞     ∞     ∞     ∞     ∞     ∞     ∞     ∞     ∞     ∞     ∞     ∞     ∞     ∞     ∞     ∞     ∞     ∞       0     ∞     ∞     ∞     ∞     ∞     ∞     ∞     ∞     ∞
[2026-05-23 18:10:29.588] [debug] [New state 20]   x25      ∞     ∞     ∞     ∞     ∞     ∞     ∞     ∞     ∞     ∞     ∞     ∞     ∞     ∞     ∞     ∞     ∞     ∞     ∞     ∞     ∞     ∞     ∞     ∞     ∞       0     ∞     ∞     ∞     ∞     ∞     ∞     ∞     ∞
[2026-05-23 18:10:29.588] [debug] [New state 20]   x26      ∞     ∞     ∞     ∞     ∞     ∞     ∞     ∞     ∞     ∞     ∞     ∞     ∞     ∞     ∞     ∞     ∞     ∞     ∞     ∞     ∞     ∞     ∞     ∞     ∞     ∞       0     ∞     ∞     ∞     ∞     ∞     ∞     ∞
[2026-05-23 18:10:29.588] [debug] [New state 20]   x27      ∞     ∞     ∞     ∞     ∞     ∞     ∞     ∞     ∞     ∞     ∞     ∞     ∞     ∞     ∞     ∞     ∞     ∞     ∞     ∞     ∞     ∞     ∞     ∞     ∞     ∞     ∞       0     ∞     ∞     ∞     ∞     ∞     ∞
[2026-05-23 18:10:29.588] [debug] [New state 20]   x28      ∞     ∞     ∞     ∞     ∞     ∞     ∞     ∞     ∞     ∞     ∞     ∞     ∞     ∞     ∞     ∞     ∞     ∞     ∞     ∞     ∞     ∞     ∞     ∞     ∞     ∞     ∞     ∞       0     ∞     ∞     ∞     ∞     ∞
[2026-05-23 18:10:29.588] [debug] [New state 20]   x29      ∞     ∞     ∞     ∞     ∞     ∞     ∞     ∞     ∞     ∞     ∞     ∞     ∞     ∞     ∞     ∞     ∞     ∞     ∞     ∞     ∞     ∞     ∞     ∞     ∞     ∞     ∞     ∞     ∞       0     ∞     ∞     ∞     ∞
[2026-05-23 18:10:29.588] [debug] [New state 20]   x30      ∞     ∞     ∞     ∞     ∞     ∞     ∞     ∞     ∞     ∞     ∞     ∞     ∞     ∞     ∞     ∞     ∞     ∞     ∞     ∞     ∞     ∞     ∞     ∞     ∞     ∞     ∞     ∞     ∞     ∞       0     ∞     ∞     ∞
[2026-05-23 18:10:29.588] [debug] [New state 20]   x31      ∞     ∞     ∞     ∞     ∞     ∞     ∞     ∞     ∞     ∞     ∞     ∞     ∞     ∞     ∞     ∞     ∞     ∞     ∞     ∞     ∞     ∞     ∞     ∞     ∞     ∞     ∞     ∞     ∞     ∞     ∞       0     ∞     ∞
[2026-05-23 18:10:29.588] [debug] [New state 20]   x32      ∞     ∞     ∞     ∞     ∞     ∞     ∞     ∞     ∞     ∞     ∞     ∞     ∞     ∞     ∞     ∞     ∞     ∞     ∞     ∞     ∞     ∞     ∞     ∞     ∞     ∞     ∞     ∞     ∞     ∞     ∞     ∞       0     ∞
[2026-05-23 18:10:29.588] [debug] [New state 20]   x33      ∞     ∞     ∞     ∞     ∞     ∞     ∞     ∞     ∞     ∞     ∞     ∞     ∞     ∞     ∞     ∞     ∞     ∞     ∞     ∞     ∞     ∞     ∞     ∞     ∞     ∞     ∞     ∞     ∞     ∞     ∞     ∞     ∞       0
[2026-05-23 18:10:29.588] [debug] [New state 20] ==========================================
[2026-05-23 18:10:29.588] [debug] [STATE] State 5: 4 candidates, 4 fired, frontier size: 15, total states: 20
[2026-05-23 18:10:29.588] [warning] [STATE] Build truncated at max_states=20 with 20 states and 15 frontier states remaining
[2026-05-23 18:10:29.588] [info] [STATE] Build complete: iterations=2, states=20, transitions=20, dedup_hits=1, dedup_misses=19, is_enabled_checks=858, dbm_minimize_calls=1794, max_frontier_size=15, truncated=true
[2026-05-23 18:10:29.588] [warning] [SCG] Reachability graph truncated at 20 states; use --max-states to raise the bound
[2026-05-23 18:10:29.588] [info] [OUTPUT] State class graph saved to: /Users/kevin/local-repos/PTPN/priority/experiment/point-interval/rt-system/priority/state-class-graph.dot
[2026-05-23 18:10:29.588] [info] 
[STATS] PTPN Conversion: 42 ms, 5 KB
[2026-05-23 18:10:29.588] [info] 
[STATS] Total: 43 ms, 2 KB
